Workbook

Sheet original data 
D1: HEFT | F1: HGA | I1: LWSGA | L1: APRE_EDA | O1: HPSO | R1: R2GA | U1: HEDA
D2: ms | E2: rt | F2: ms | G2: rt | H2: itr | I2: ms | J2: rt | K2: itr | L2: ms | M2: rt | N2: itr | O2: ms | P2: rt | Q2: itr | R2: ms | S2: rt | T2: itr | U2: ms | V2: rt | W2: itr
A3: Montage | B3: 25 | C3: 1 | D3: 28.7148 | E3: 0.00092 | F3: 28.7148 | G3: 5.27815 | H3: 280 | I3: 28.72703 | J3: 5.27456 | K3: 742 | L3: 28.7148 | M3: 5.274 | N3: 821 | O3: 28.65213 | P3: 5.2755 | Q3: 4532 | R3: 28.64701 | S3: 5.27541 | T3: 465 | U3: 28.5041 | V3: 5.28217 | W3: 233
A4: Montage | B4: 25 | C4: 1 | D4: 28.7148 | E4: 0.00067 | F4: 28.7148 | G4: 5.28482 | H4: 353 | I4: 28.87217 | J4: 5.27473 | K4: 735 | L4: 28.7148 | M4: 5.274 | N4: 804 | O4: 28.70029 | P4: 5.276 | Q4: 3390 | R4: 28.59203 | S4: 5.27603 | T4: 456 | U4: 28.54624 | V4: 5.27589 | W4: 249
A5: Montage | B5: 25 | C5: 1 | D5: 28.7148 | E5: 0.00058 | F5: 28.7148 | G5: 5.27442 | H5: 207 | I5: 30.11037 | J5: 5.27508 | K5: 614 | L5: 28.7148 | M5: 5.274 | N5: 774 | O5: 28.77029 | P5: 5.27775 | Q5: 3520 | R5: 28.64701 | S5: 5.28499 | T5: 438 | U5: 28.5041 | V5: 5.29938 | W5: 188
A6: Montage | B6: 25 | C6: 1 | D6: 28.7148 | E6: 0.00065 | F6: 28.7148 | G6: 5.28013 | H6: 350 | I6: 29.87502 | J6: 5.28063 | K6: 718 | L6: 28.7148 | M6: 5.274 | N6: 804 | O6: 28.74417 | P6: 5.27498 | Q6: 4608 | R6: 28.54624 | S6: 5.28065 | T6: 439 | U6: 28.54624 | V6: 5.29772 | W6: 190
A7: Montage | B7: 25 | C7: 1 | D7: 28.7148 | E7: 0.00057 | F7: 28.7148 | G7: 5.29226 | H7: 205 | I7: 28.8863 | J7: 5.2806 | K7: 474 | L7: 28.7148 | M7: 5.274 | N7: 770 | O7: 28.74417 | P7: 5.27622 | Q7: 3054 | R7: 28.58701 | S7: 5.27911 | T7: 446 | U7: 28.54624 | V7: 5.27939 | W7: 224
A8: Montage | B8: 25 | C8: 1 | D8: 28.7148 | E8: 0.00069 | F8: 28.7148 | G8: 5.28088 | H8: 334 | I8: 30.80614 | J8: 5.27628 | K8: 670 | L8: 28.7148 | M8: 5.274 | N8: 813 | O8: 28.74417 | P8: 5.27623 | Q8: 4507 | R8: 28.64701 | S8: 5.28464 | T8: 464 | U8: 28.5041 | V8: 5.29082 | W8: 193
A9: Montage | B9: 25 | C9: 1 | D9: 28.7148 | E9: 0.00065 | F9: 28.7148 | G9: 5.27653 | H9: 355 | I9: 30.82263 | J9: 5.27855 | K9: 722 | L9: 28.7148 | M9: 5.274 | N9: 822 | O9: 28.70029 | P9: 5.27543 | Q9: 4645 | R9: 28.64701 | S9: 5.28203 | T9: 470 | U9: 28.54624 | V9: 5.27436 | W9: 224
A10: Montage | B10: 25 | C10: 1 | D10: 28.7148 | E10: 0.00057 | F10: 28.7148 | G10: 5.28565 | H10: 357 | I10: 28.63568 | J10: 5.27775 | K10: 737 | L10: 28.7148 | M10: 5.274 | N10: 826 | O10: 28.70029 | P10: 5.27582 | Q10: 4595 | R10: 28.64701 | S10: 5.27845 | T10: 472 | U10: 28.54624 | V10: 5.30055 | W10: 195
A11: Montage | B11: 25 | C11: 1 | D11: 28.7148 | E11: 0.00058 | F11: 28.7148 | G11: 5.27433 | H11: 357 | I11: 28.71203 | J11: 5.28124 | K11: 745 | L11: 28.7148 | M11: 5.274 | N11: 826 | O11: 28.74417 | P11: 5.27445 | Q11: 4582 | R11: 28.64701 | S11: 5.27624 | T11: 466 | U11: 28.54624 | V11: 5.27708 | W11: 219
A12: Montage | B12: 25 | C12: 1 | D12: 28.7148 | E12: 0.00064 | F12: 28.7148 | G12: 5.28556 | H12: 361 | I12: 28.90608 | J12: 5.27447 | K12: 690 | L12: 28.7148 | M12: 5.274 | N12: 807 | O12: 28.74417 | P12: 5.27703 | Q12: 2385 | R12: 28.60624 | S12: 5.28053 | T12: 471 | U12: 28.54624 | V12: 5.28508 | W12: 199
A13: Montage | B13: 25 | C13: 1 | D13: 28.7148 | E13: 0.00059 | F13: 28.7148 | G13: 5.27834 | H13: 359 | I13: 28.65703 | J13: 5.27511 | K13: 737 | L13: 28.7148 | M13: 5.274 | N13: 825 | O13: 28.75296 | P13: 5.27408 | Q13: 4669 | R13: 28.54624 | S13: 5.27766 | T13: 477 | U13: 28.54624 | V13: 5.28162 | W13: 201
A14: Montage | B14: 25 | C14: 1 | D14: 28.7148 | E14: 0.00063 | F14: 28.7148 | G14: 5.28769 | H14: 359 | I14: 29.00328 | J14: 5.27783 | K14: 738 | L14: 28.7148 | M14: 5.274 | N14: 828 | O14: 28.74417 | P14: 5.27404 | Q14: 4719 | R14: 28.59203 | S14: 5.27813 | T14: 483 | U14: 28.5041 | V14: 5.28008 | W14: 173
... A1802: fft | B1802: 224 | C1802: 1 | D1802: 72.35609 | E1802: 0.00363 | F1802: 72.35609 | G1802: 255.48402 | H1802: 2231 | I1802: 72.90048 | J1802: 255.42563 | K1802: 10532 | L1802: 71.94765 | M1802: 255.423 | N1802: 2433 | O1802: 72.63722 | P1802: 255.42839 | Q1802: 19781 | R1802: 72.26319 | S1802: 255.47585 | T1802: 2447 | U1802: 71.93967 | V1802: 256.24175 | W1802: 216

Sheet HEFT (Table 5) 
D1: HEFT | L1: HEFT
D2: ms | E2: rt | L2: ms | M2: aver. rt
A3: Montage | B3: 25 | C3: 1 | D3: ='original data '!D3 -> 28.7148 | E3: ='original data '!E3 -> 0.00092 | H3: Montage | I3: 25 | J3: 1 | L3: =AVERAGE(D3:D102) -> 28.7148 | M3: =AVERAGE(E3:E102) -> 0.0006254
A4: Montage | B4: 25 | C4: 1 | D4: ='original data '!D4 -> 28.7148 | E4: ='original data '!E4 -> 0.00067 | H4: Montage | I4: 50 | J4: 1 | L4: =AVERAGE(D103:D202) -> 58.25543 | M4: =AVERAGE(E103:E202) -> 0.0010195
A5: Montage | B5: 25 | C5: 1 | D5: ='original data '!D5 -> 28.7148 | E5: ='original data '!E5 -> 0.00058 | H5: Montage | I5: 100 | J5: 1 | L5: =AVERAGE(D203:D302) -> 105.21427 | M5: =AVERAGE(E203:E302) -> 0.0020251
A6: Montage | B6: 25 | C6: 1 | D6: ='original data '!D6 -> 28.7148 | E6: ='original data '!E6 -> 0.00065 | H6: CyberShake | I6: 30 | J6: 1 | L6: =AVERAGE(D303:D402) -> 171.00667 | M6: =AVERAGE(E303:E402) -> 0.0005637
A7: Montage | B7: 25 | C7: 1 | D7: ='original data '!D7 -> 28.7148 | E7: ='original data '!E7 -> 0.00057 | H7: CyberShake | I7: 50 | J7: 1 | L7: =AVERAGE(D403:D502) -> 196.14333 | M7: =AVERAGE(E403:E502) -> 0.0009093
A8: Montage | B8: 25 | C8: 1 | D8: ='original data '!D8 -> 28.7148 | E8: ='original data '!E8 -> 0.00069 | H8: CyberShake | I8: 100 | J8: 1 | L8: =AVERAGE(D503:D602) -> 250.31558 | M8: =AVERAGE(E503:E602) -> 0.0018852
A9: Montage | B9: 25 | C9: 1 | D9: ='original data '!D9 -> 28.7148 | E9: ='original data '!E9 -> 0.00065 | H9: Epigenomics | I9: 24 | J9: 1 | L9: =AVERAGE(D603:D702) -> 2540.1985 | M9: =AVERAGE(E603:E702) -> 0.0003906
A10: Montage | B10: 25 | C10: 1 | D10: ='original data '!D10 -> 28.7148 | E10: ='original data '!E10 -> 0.00057 | H10: Epigenomics | I10: 47 | J10: 1 | L10: =AVERAGE(D703:D802) -> 4346.2297 | M10: =AVERAGE(E703:E802) -> 0.0006697
A11: Montage | B11: 25 | C11: 1 | D11: ='original data '!D11 -> 28.7148 | E11: ='original data '!E11 -> 0.00058 | H11: Epigenomics | I11: 100 | J11: 1 | L11: =AVERAGE(D803:D902) -> 35669.695 | M11: =AVERAGE(E803:E902) -> 0.0013721
A12: Montage | B12: 25 | C12: 1 | D12: ='original data '!D12 -> 28.7148 | E12: ='original data '!E12 -> 0.00064 | H12: Ligo | I12: 30 | J12: 1 | L12: =AVERAGE(D903:D1002) -> 699.02291 | M12: =AVERAGE(E903:E1002) -> 0.0005664
A13: Montage | B13: 25 | C13: 1 | D13: ='original data '!D13 -> 28.7148 | E13: ='original data '!E13 -> 0.00059 | H13: Ligo | I13: 50 | J13: 1 | L13: =AVERAGE(D1003:D1102) -> 1027.0157 | M13: =AVERAGE(E1003:E1102) -> 0.0009458
A14: Montage | B14: 25 | C14: 1 | D14: ='original data '!D14 -> 28.7148 | E14: ='original data '!E14 -> 0.00063 | H14: Ligo | I14: 100 | J14: 1 | L14: =AVERAGE(D1103:D1202) -> 1774.48 | M14: =AVERAGE(E1103:E1202) -> 0.0017524
A15: Montage | B15: 25 | C15: 1 | D15: ='original data '!D15 -> 28.7148 | E15: ='original data '!E15 -> 0.00069 | H15: gaussian | I15: 9 | J15: 1 | L15: =AVERAGE(D1203:D1302) -> 8.54243 | M15: =AVERAGE(E1203:E1302) -> 0.000264
A16: Montage | B16: 25 | C16: 1 | D16: ='original data '!D16 -> 28.7148 | E16: ='original data '!E16 -> 0.00063 | H16: gaussian | I16: 209 | J16: 1 | L16: =AVERAGE(D1303:D1402) -> 80.12632 | M16: =AVERAGE(E1303:E1402) -> 0.0036063
A17: Montage | B17: 25 | C17: 1 | D17: ='original data '!D17 -> 28.7148 | E17: ='original data '!E17 -> 0.00058 | H17: gaussian | I17: 324 | J17: 1 | L17: =AVERAGE(D1403:D1502) -> 123.43652 | M17: =AVERAGE(E1403:E1502) -> 0.0058087
A18: Montage | B18: 25 | C18: 1 | D18: ='original data '!D18 -> 28.7148 | E18: ='original data '!E18 -> 0.00058 | H18: fft | I18: 40 | J18: 1 | L18: =AVERAGE(D1503:D1602) -> 17.83966 | M18: =AVERAGE(E1503:E1602) -> 0.0007726
A19: Montage | B19: 25 | C19: 1 | D19: ='original data '!D19 -> 28.7148 | E19: ='original data '!E19 -> 0.0006 | H19: fft | I19: 96 | J19: 1 | L19: =AVERAGE(D1603:D1702) -> 35.64892 | M19: =AVERAGE(E1603:E1702) -> 0.001604
A20: Montage | B20: 25 | C20: 1 | D20: ='original data '!D20 -> 28.7148 | E20: ='original data '!E20 -> 0.00058 | H20: fft | I20: 224 | J20: 1 | L20: =AVERAGE(D1703:D1802) -> 72.35609 | M20: =AVERAGE(E1703:E1802) -> 0.003717
A21: Montage | B21: 25 | C21: 1 | D21: ='original data '!D21 -> 28.7148 | E21: ='original data '!E21 -> 0.00058
A22: Montage | B22: 25 | C22: 1 | D22: ='original data '!D22 -> 28.7148 | E22: ='original data '!E22 -> 0.00068
A23: Montage | B23: 25 | C23: 1 | D23: ='original data '!D23 -> 28.7148 | E23: ='original data '!E23 -> 0.00058
A24: Montage | B24: 25 | C24: 1 | D24: ='original data '!D24 -> 28.7148 | E24: ='original data '!E24 -> 0.0006
A25: Montage | B25: 25 | C25: 1 | D25: ='original data '!D25 -> 28.7148 | E25: ='original data '!E25 -> 0.00066
A26: Montage | B26: 25 | C26: 1 | D26: ='original data '!D26 -> 28.7148 | E26: ='original data '!E26 -> 0.00072
A27: Montage | B27: 25 | C27: 1 | D27: ='original data '!D27 -> 28.7148 | E27: ='original data '!E27 -> 0.00059
A28: Montage | B28: 25 | C28: 1 | D28: ='original data '!D28 -> 28.7148 | E28: ='original data '!E28 -> 0.00059
A29: Montage | B29: 25 | C29: 1 | D29: ='original data '!D29 -> 28.7148 | E29: ='original data '!E29 -> 0.00055
A30: Montage | B30: 25 | C30: 1 | D30: ='original data '!D30 -> 28.7148 | E30: ='original data '!E30 -> 0.00051
A31: Montage | B31: 25 | C31: 1 | D31: ='original data '!D31 -> 28.7148 | E31: ='original data '!E31 -> 0.00061
A32: Montage | B32: 25 | C32: 1 | D32: ='original data '!D32 -> 28.7148 | E32: ='original data '!E32 -> 0.00052
... A1802: fft | B1802: 224 | C1802: 1 | D1802: ='original data '!D1802 -> 72.35609 | E1802: ='original data '!E1802 -> 0.00363

Sheet Cmp ms-aver (Table 6) 
D1: ms | E1: ms | F1: ms | G1: ms | H1: ms | I1: ms | J1: ms | L1: ms-aver | M1: ms-aver | N1: ms-aver | O1: ms-aver | P1: ms-aver | Q1: ms-aver | R1: ms-aver | T1: ms-max | U1: ms-max | V1: ms-max | W1: ms-max | X1: ms-max | Y1: ms-max | AA1: ms-min | AB1: ms-min | AC1: ms-min | AD1: ms-min | AE1: ms-min | AF1: ms-min | AH1: AMI | AI1: AMI | AJ1: AMI | AK1: AMI | AL1: AMI | AM1: AMI | AN1: AMI | AP1: nms-aver | AQ1: nms-aver | AR1: nms-aver | AS1: nms-aver | AT1: nms-aver | AU1: nms-aver | AV1: nms-aver
D2: HEFT | E2: HGA | F2: LWSGA | G2: APRE_EDA | H2: HPSO | I2: R2GA | J2: HEDA | L2: HEFT | M2: HGA | N2: LWSGA | O2: APRE_EDA | P2: HPSO | Q2: R2GA | R2: HEDA | T2: =E2 -> HGA | U2: =F2 -> LWSGA | V2: =G2 -> APRE_EDA | W2: =H2 -> HPSO | X2: R2GA | Y2: =J2 -> HEDA | AA2: =E2 -> HGA | AB2: =F2 -> LWSGA | AC2: =G2 -> APRE_EDA | AD2: =H2 -> HPSO | AE2: R2GA | AF2: =J2 -> HEDA | AH2: =L2 -> HEFT | AI2: =M2 -> HGA | AJ2: =N2 -> LWSGA | AK2: =O2 -> APRE_EDA | AL2: =P2 -> HPSO | AM2: R2GA | AN2: =R2 -> HEDA | AP2: =L2 -> HEFT | AQ2: =M2 -> HGA | AR2: =N2 -> LWSGA | AS2: =O2 -> APRE_EDA | AT2: =P2 -> HPSO | AU2: R2GA | AV2: =R2 -> HEDA
A3: Montage | B3: 25 | C3: 1 | D3: ='original data '!D3 -> 28.7148 | E3: ='original data '!F3 -> 28.7148 | F3: ='original data '!I3 -> 28.72703 | G3: ='original data '!L3 -> 28.7148 | H3: ='original data '!O3 -> 28.65213 | I3: ='original data '!R3 -> 28.64701 | J3: ='original data '!U3 -> 28.5041 | K3: M,S | L3: =AVERAGE(D3:D102) -> 28.7148 | M3: =AVERAGE(E3:E102) -> 28.702778 | N3: =AVERAGE(F3:F102) -> 29.518198 | O3: =AVERAGE(G3:G102) -> 28.7148 | P3: =AVERAGE(H3:H102) -> 28.765418 | Q3: =AVERAGE(I3:I102) -> 28.623141 | R3: =AVERAGE(J3:J102) -> 28.531885 | S3: M,S | T3: =MAX(E3:E102) -> 28.7148 | U3: =MAX(F3:F102) -> 31.98679 | V3: =MAX(G3:G102) -> 28.7148 | W3: =MAX(H3:H102) -> 29.98095 | X3: =MAX(I3:I102) -> 28.64701 | Y3: =MAX(J3:J102) -> 28.58701 | Z3: M,S | AA3: =MIN(E3:E102) -> 28.64701 | AB3: =MIN(F3:F102) -> 28.56187 | AC3: =MIN(G3:G102) -> 28.7148 | AD3: =MIN(H3:H102) -> 28.65213 | AE3: =MIN(I3:I102) -> 28.54624 | AF3: =MIN(J3:J102) -> 28.5041 | AG3: M,S | AH3: =(L3-$R3)/$L3 -> 0.00637006 | AI3: =(M3-$R3)/M3 -> 0.0059538802 | AJ3: =(N3-$R3)/N3 -> 0.033413717 | AK3: =(O3-$R3)/O3 -> 0.00637006 | AL3: =(P3-$R3)/P3 -> 0.008118547 | AM3: =(Q3-$R3)/Q3 -> 0.0031882035 | AN3: =(R3-$R3)/R3 -> 0 | AO3: M,S | AP3: =L3/$L3 -> 1 | AQ3: =M3/$L3 -> 0.99958133 | AR3: =N3/$L3 -> 1.0279785 | AS3: =O3/$L3 -> 1 | AT3: =P3/$L3 -> 1.0017628 | AU3: =Q3/$L3 -> 0.99680797 | AV3: =R3/$L3 -> 0.99362994
A4: Montage | B4: 25 | C4: 1 | D4: ='original data '!D4 -> 28.7148 | E4: ='original data '!F4 -> 28.7148 | F4: ='original data '!I4 -> 28.87217 | G4: ='original data '!L4 -> 28.7148 | H4: ='original data '!O4 -> 28.70029 | I4: ='original data '!R4 -> 28.59203 | J4: ='original data '!U4 -> 28.54624 | K4: M,M | L4: =AVERAGE(D103:D202) -> 58.25543 | M4: =AVERAGE(E103:E202) -> 56.581854 | N4: =AVERAGE(F103:F202) -> 55.571276 | O4: =AVERAGE(G103:G202) -> 58.25543 | P4: =AVERAGE(H103:H202) -> 56.27979 | Q4: =AVERAGE(I103:I202) -> 52.995855 | R4: =AVERAGE(J103:J202) -> 53.00429 | S4: M,M | T4: =MAX(E103:E202) -> 56.75636 | U4: =MAX(F103:F202) -> 58.2017 | V4: =MAX(G103:G202) -> 58.25543 | W4: =MAX(H103:H202) -> 57.60586 | X4: =MAX(I103:I202) -> 53.1682 | Y4: =MAX(J103:J202) -> 53.10749 | Z4: M,M | AA4: =MIN(E103:E202) -> 54.62635 | AB4: =MIN(F103:F202) -> 53.5282 | AC4: =MIN(G103:G202) -> 58.25543 | AD4: =MIN(H103:H202) -> 53.7282 | AE4: =MIN(I103:I202) -> 52.92749 | AF4: =MIN(J103:J202) -> 52.92749 | AG4: M,M | AH4: =(L4-$R4)/$L4 -> 0.090139917 | AI4: =(M4-$R4)/M4 -> 0.063228102 | AJ4: =(N4-$R4)/N4 -> 0.046192675 | AK4: =(O4-$R4)/O4 -> 0.090139917 | AL4: =(P4-$R4)/P4 -> 0.058200288 | AM4: =(Q4-$R4)/Q4 -> -0.00015917849 | AN4: =(R4-$R4)/$R4 -> 0 | AO4: M,M | AP4: =L4/$L4 -> 1 | AQ4: =M4/$L4 -> 0.97127175 | AR4: =N4/$L4 -> 0.9539244 | AS4: =O4/$L4 -> 1 | AT4: =P4/$L4 -> 0.9660866 | AU4: =Q4/$L4 -> 0.90971528 | AV4: =R4/$L4 -> 0.90986008
A5: Montage | B5: 25 | C5: 1 | D5: ='original data '!D5 -> 28.7148 | E5: ='original data '!F5 -> 28.7148 | F5: ='original data '!I5 -> 30.11037 | G5: ='original data '!L5 -> 28.7148 | H5: ='original data '!O5 -> 28.77029 | I5: ='original data '!R5 -> 28.64701 | J5: ='original data '!U5 -> 28.5041 | K5: M,L | L5: =AVERAGE(D203:D302) -> 105.21427 | M5: =AVERAGE(E203:E302) -> 104.63795 | N5: =AVERAGE(F203:F302) -> 105.37162 | O5: =AVERAGE(G203:G302) -> 105.21427 | P5: =AVERAGE(H203:H302) -> 104.29605 | Q5: =AVERAGE(I203:I302) -> 103.73932 | R5: =AVERAGE(J203:J302) -> 103.2202 | S5: M,L | T5: =MAX(E203:E302) -> 105.12503 | U5: =MAX(F203:F302) -> 108.56572 | V5: =MAX(G203:G302) -> 105.21427 | W5: =MAX(H203:H302) -> 104.66682 | X5: =MAX(I203:I302) -> 103.93829 | Y5: =MAX(J203:J302) -> 103.61496 | Z5: M,L | AA5: =MIN(E203:E302) -> 104.16663 | AB5: =MIN(F203:F302) -> 103.43627 | AC5: =MIN(G203:G302) -> 105.21427 | AD5: =MIN(H203:H302) -> 103.85553 | AE5: =MIN(I203:I302) -> 103.36586 | AF5: =MIN(J203:J302) -> 102.77198 | AG5: M,L | AH5: =(L5-$R5)/$L5 -> 0.018952485 | AI5: =(M5-$R5)/M5 -> 0.013549081 | AJ5: =(N5-$R5)/N5 -> 0.020417479 | AK5: =(O5-$R5)/O5 -> 0.018952485 | AL5: =(P5-$R5)/P5 -> 0.010315382 | AM5: =(Q5-$R5)/Q5 -> 0.0050040594 | AN5: =(R5-$R5)/$R5 -> 0 | AO5: M,L | AP5: =L5/$L5 -> 1 | AQ5: =M5/$L5 -> 0.99452238 | AR5: =N5/$L5 -> 1.0014955 | AS5: =O5/$L5 -> 1 | AT5: =P5/$L5 -> 0.99127287 | AU5: =Q5/$L5 -> 0.98598142 | AV5: =R5/$L5 -> 0.98104751
A6: Montage | B6: 25 | C6: 1 | D6: ='original data '!D6 -> 28.7148 | E6: ='original data '!F6 -> 28.7148 | F6: ='original data '!I6 -> 29.87502 | G6: ='original data '!L6 -> 28.7148 | H6: ='original data '!O6 -> 28.74417 | I6: ='original data '!R6 -> 28.54624 | J6: ='original data '!U6 -> 28.54624 | K6: C,S | L6: =AVERAGE(D303:D402) -> 171.00667 | M6: =AVERAGE(E303:E402) -> 156.12667 | N6: =AVERAGE(F303:F402) -> 159.12973 | O6: =AVERAGE(G303:G402) -> 156.13162 | P6: =AVERAGE(H303:H402) -> 156.12933 | Q6: =AVERAGE(I303:I402) -> 156.13492 | R6: =AVERAGE(J303:J402) -> 156.12667 | S6: C,S | T6: =MAX(E303:E402) -> 156.12667 | U6: =MAX(F303:F402) -> 234.0814 | V6: =MAX(G303:G402) -> 156.55706 | W6: =MAX(H303:H402) -> 156.14004 | X6: =MAX(I303:I402) -> 156.35333 | Y6: =MAX(J303:J402) -> 156.12667 | Z6: C,S | AA6: =MIN(E303:E402) -> 156.12667 | AB6: =MIN(F303:F402) -> 156.12667 | AC6: =MIN(G303:G402) -> 156.12697 | AD6: =MIN(H303:H402) -> 156.12667 | AE6: =MIN(I303:I402) -> 156.12667 | AF6: =MIN(J303:J402) -> 156.12667 | AG6: C,S | AH6: =(L6-$R6)/$L6 -> 0.08701415 | AI6: =(M6-$R6)/M6 -> 0 | AJ6: =(N6-$R6)/N6 -> 0.018871794 | AK6: =(O6-$R6)/O6 -> 3.1702099e-05 | AL6: =(P6-$R6)/P6 -> 1.7059575e-05 | AM6: =(Q6-$R6)/Q6 -> 5.2822265e-05 | AN6: =(R6-$R6)/$R6 -> 0 | AO6: C,S | AP6: =L6/$L6 -> 1 | AQ6: =M6/$L6 -> 0.91298585 | AR6: =N6/$L6 -> 0.93054694 | AS6: =O6/$L6 -> 0.91301479 | AT6: =P6/$L6 -> 0.91300143 | AU6: =Q6/$L6 -> 0.91303408 | AV6: =R6/$L6 -> 0.91298585
A7: Montage | B7: 25 | C7: 1 | D7: ='original data '!D7 -> 28.7148 | E7: ='original data '!F7 -> 28.7148 | F7: ='original data '!I7 -> 28.8863 | G7: ='original data '!L7 -> 28.7148 | H7: ='original data '!O7 -> 28.74417 | I7: ='original data '!R7 -> 28.58701 | J7: ='original data '!U7 -> 28.54624 | K7: C,M | L7: =AVERAGE(D403:D502) -> 196.14333 | M7: =AVERAGE(E403:E502) -> 186.21287 | N7: =AVERAGE(F403:F502) -> 195.53407 | O7: =AVERAGE(G403:G502) -> 196.0993 | P7: =AVERAGE(H403:H502) -> 187.78164 | Q7: =AVERAGE(I403:I502) -> 185.18744 | R7: =AVERAGE(J403:J502) -> 180.21677 | S7: C,M | T7: =MAX(E403:E502) -> 188.82333 | U7: =MAX(F403:F502) -> 222.77535 | V7: =MAX(G403:G502) -> 196.14333 | W7: =MAX(H403:H502) -> 201.75271 | X7: =MAX(I403:I502) -> 189.05667 | Y7: =MAX(J403:J502) -> 181.89 | Z7: C,M | AA7: =MIN(E403:E502) -> 181.89 | AB7: =MIN(F403:F502) -> 182.50103 | AC7: =MIN(G403:G502) -> 195.46095 | AD7: =MIN(H403:H502) -> 182.34583 | AE7: =MIN(I403:I502) -> 179.93769 | AF7: =MIN(J403:J502) -> 179.67333 | AG7: C,M | AH7: =(L7-$R7)/$L7 -> 0.081198601 | AI7: =(M7-$R7)/M7 -> 0.032200251 | AJ7: =(N7-$R7)/N7 -> 0.078335746 | AK7: =(O7-$R7)/O7 -> 0.080992288 | AL7: =(P7-$R7)/P7 -> 0.040285488 | AM7: =(Q7-$R7)/Q7 -> 0.026841325 | AN7: =(R7-$R7)/$R7 -> 0 | AO7: C,M | AP7: =L7/$L7 -> 1 | AQ7: =M7/$L7 -> 0.9493714 | AR7: =N7/$L7 -> 0.99689382 | AS7: =O7/$L7 -> 0.9997755 | AT7: =P7/$L7 -> 0.9573695 | AU7: =Q7/$L7 -> 0.94414346 | AV7: =R7/$L7 -> 0.9188014
A8: Montage | B8: 25 | C8: 1 | D8: ='original data '!D8 -> 28.7148 | E8: ='original data '!F8 -> 28.7148 | F8: ='original data '!I8 -> 30.80614 | G8: ='original data '!L8 -> 28.7148 | H8: ='original data '!O8 -> 28.74417 | I8: ='original data '!R8 -> 28.64701 | J8: ='original data '!U8 -> 28.5041 | K8: C,L | L8: =AVERAGE(D503:D602) -> 250.31558 | M8: =AVERAGE(E503:E602) -> 246.10143 | N8: =AVERAGE(F503:F602) -> 256.68888 | O8: =AVERAGE(G503:G602) -> 250.31558 | P8: =AVERAGE(H503:H602) -> 252.24953 | Q8: =AVERAGE(I503:I602) -> 247.43182 | R8: =AVERAGE(J503:J602) -> 239.27988 | S8: C,L | T8: =MAX(E503:E602) -> 248.88889 | U8: =MAX(F503:F602) -> 284.60994 | V8: =MAX(G503:G602) -> 250.31558 | W8: =MAX(H503:H602) -> 257.43457 | X8: =MAX(I503:I602) -> 250.31558 | Y8: =MAX(J503:J602) -> 240.81333 | Z8: C,L | AA8: =MIN(E503:E602) -> 244.25558 | AB8: =MIN(F503:F602) -> 242.8148 | AC8: =MIN(G503:G602) -> 250.31558 | AD8: =MIN(H503:H602) -> 246.04792 | AE8: =MIN(I503:I602) -> 245.27333 | AF8: =MIN(J503:J602) -> 238.99004 | AG8: C,L | AH8: =(L8-$R8)/$L8 -> 0.044087144 | AI8: =(M8-$R8)/M8 -> 0.027718455 | AJ8: =(N8-$R8)/N8 -> 0.067821416 | AK8: =(O8-$R8)/O8 -> 0.044087144 | AL8: =(P8-$R8)/P8 -> 0.051415965 | AM8: =(Q8-$R8)/Q8 -> 0.032946219 | AN8: =(R8-$R8)/$R8 -> 0 | AO8: C,L | AP8: =L8/$L8 -> 1 | AQ8: =M8/$L8 -> 0.98316466 | AR8: =N8/$L8 -> 1.0254611 | AS8: =O8/$L8 -> 1 | AT8: =P8/$L8 -> 1.0077261 | AU8: =Q8/$L8 -> 0.98847952 | AV8: =R8/$L8 -> 0.95591286
A9: Montage | B9: 25 | C9: 1 | D9: ='original data '!D9 -> 28.7148 | E9: ='original data '!F9 -> 28.7148 | F9: ='original data '!I9 -> 30.82263 | G9: ='original data '!L9 -> 28.7148 | H9: ='original data '!O9 -> 28.70029 | I9: ='original data '!R9 -> 28.64701 | J9: ='original data '!U9 -> 28.54624 | K9: E,S | L9: =AVERAGE(D603:D702) -> 2540.1985 | M9: =AVERAGE(E603:E702) -> 2444.1437 | N9: =AVERAGE(F603:F702) -> 2378.473 | O9: =AVERAGE(G603:G702) -> 2325.0489 | P9: =AVERAGE(H603:H702) -> 2376.855 | Q9: =AVERAGE(I603:I702) -> 2321.691 | R9: =AVERAGE(J603:J702) -> 2320.9076 | S9: E,S | T9: =MAX(E603:E702) -> 2522.2832 | U9: =MAX(F603:F702) -> 2555.7879 | V9: =MAX(G603:G702) -> 2333.9507 | W9: =MAX(H603:H702) -> 2522.8167 | X9: =MAX(I603:I702) -> 2338.595 | Y9: =MAX(J603:J702) -> 2320.9075 | Z9: E,S | AA9: =MIN(E603:E702) -> 2320.9075 | AB9: =MIN(F603:F702) -> 2320.9075 | AC9: =MIN(G603:G702) -> 2324.4635 | AD9: =MIN(H603:H702) -> 2320.9075 | AE9: =MIN(I603:I702) -> 2320.9075 | AF9: =MIN(J603:J702) -> 2320.9075 | AG9: E,S | AH9: =(L9-$R9)/$L9 -> 0.086328273 | AI9: =(M9-$R9)/M9 -> 0.050420984 | AJ9: =(N9-$R9)/N9 -> 0.024202691 | AK9: =(O9-$R9)/O9 -> 0.0017811695 | AL9: =(P9-$R9)/P9 -> 0.02353845 | AM9: =(Q9-$R9)/Q9 -> 0.00033744555 | AN9: =(R9-$R9)/$R9 -> 0 | AO9: E,S | AP9: =L9/$L9 -> 1 | AQ9: =M9/$L9 -> 0.9621861 | AR9: =N9/$L9 -> 0.93633352 | AS9: =O9/$L9 -> 0.91530203 | AT9: =P9/$L9 -> 0.93569657 | AU9: =Q9/$L9 -> 0.91398015 | AV9: =R9/$L9 -> 0.91367173
A10: Montage | B10: 25 | C10: 1 | D10: ='original data '!D10 -> 28.7148 | E10: ='original data '!F10 -> 28.7148 | F10: ='original data '!I10 -> 28.63568 | G10: ='original data '!L10 -> 28.7148 | H10: ='original data '!O10 -> 28.70029 | I10: ='original data '!R10 -> 28.64701 | J10: ='original data '!U10 -> 28.54624 | K10: E,M | L10: =AVERAGE(D703:D802) -> 4346.2297 | M10: =AVERAGE(E703:E802) -> 4332.5091 | N10: =AVERAGE(F703:F802) -> 4334.0945 | O10: =AVERAGE(G703:G802) -> 4322.3312 | P10: =AVERAGE(H703:H802) -> 4339.2851 | Q10: =AVERAGE(I703:I802) -> 4320.4179 | R10: =AVERAGE(J703:J802) -> 4313.7073 | S10: E,M | T10: =MAX(E703:E802) -> 4346.2297 | U10: =MAX(F703:F802) -> 4371.0441 | V10: =MAX(G703:G802) -> 4332.5487 | W10: =MAX(H703:H802) -> 4343.8772 | X10: =MAX(I703:I802) -> 4337.3997 | Y10: =MAX(J703:J802) -> 4318.4877 | Z10: E,M | AA10: =MIN(E703:E802) -> 4313.6098 | AB10: =MIN(F703:F802) -> 4313.6098 | AC10: =MIN(G703:G802) -> 4314.0251 | AD10: =MIN(H703:H802) -> 4313.6098 | AE10: =MIN(I703:I802) -> 4313.6098 | AF10: =MIN(J703:J802) -> 4313.6098 | AG10: E,M | AH10: =(L10-$R10)/$L10 -> 0.0074828976 | AI10: =(M10-$R10)/M10 -> 0.0043396988 | AJ10: =(N10-$R10)/N10 -> 0.0047038948 | AK10: =(O10-$R10)/O10 -> 0.0019951952 | AL10: =(P10-$R10)/P10 -> 0.0058944579 | AM10: =(Q10-$R10)/Q10 -> 0.0015532143 | AN10: =(R10-$R10)/$R10 -> 0 | AO10: E,M | AP10: =L10/$L10 -> 1 | AQ10: =M10/$L10 -> 0.9968431 | AR10: =N10/$L10 -> 0.99720786 | AS10: =O10/$L10 -> 0.99450133 | AT10: =P10/$L10 -> 0.99840214 | AU10: =Q10/$L10 -> 0.99406109 | AV10: =R10/$L10 -> 0.9925171
A11: Montage | B11: 25 | C11: 1 | D11: ='original data '!D11 -> 28.7148 | E11: ='original data '!F11 -> 28.7148 | F11: ='original data '!I11 -> 28.71203 | G11: ='original data '!L11 -> 28.7148 | H11: ='original data '!O11 -> 28.74417 | I11: ='original data '!R11 -> 28.64701 | J11: ='original data '!U11 -> 28.54624 | K11: E,L | L11: =AVERAGE(D803:D902) -> 35669.695 | M11: =AVERAGE(E803:E902) -> 35668.696 | N11: =AVERAGE(F803:F902) -> 35678.603 | O11: =AVERAGE(G803:G902) -> 35310.961 | P11: =AVERAGE(H803:H902) -> 35652.438 | Q11: =AVERAGE(I803:I902) -> 35460.739 | R11: =AVERAGE(J803:J902) -> 35250.492 | S11: E,L | T11: =MAX(E803:E902) -> 35669.695 | U11: =MAX(F803:F902) -> 36533.064 | V11: =MAX(G803:G902) -> 35484.919 | W11: =MAX(H803:H902) -> 35669.695 | X11: =MAX(I803:I902) -> 35669.695 | Y11: =MAX(J803:J902) -> 35276.828 | Z11: E,L | AA11: =MIN(E803:E902) -> 35635.362 | AB11: =MIN(F803:F902) -> 35296.942 | AC11: =MIN(G803:G902) -> 35222.271 | AD11: =MIN(H803:H902) -> 35532.425 | AE11: =MIN(I803:I902) -> 35272.863 | AF11: =MIN(J803:J902) -> 35215.827 | AG11: E,L | AH11: =(L11-$R11)/$L11 -> 0.011752361 | AI11: =(M11-$R11)/M11 -> 0.011724679 | AJ11: =(N11-$R11)/N11 -> 0.0119991 | AK11: =(O11-$R11)/O11 -> 0.0017124701 | AL11: =(P11-$R11)/P11 -> 0.01127402 | AM11: =(Q11-$R11)/Q11 -> 0.005929032 | AN11: =(R11-$R11)/$R11 -> 0 | AO11: E,L | AP11: =L11/$L11 -> 1 | AQ11: =M11/$L11 -> 0.99997199 | AR11: =N11/$L11 -> 1.0002497 | AS11: =O11/$L11 -> 0.98994289 | AT11: =P11/$L11 -> 0.9995162 | AU11: =Q11/$L11 -> 0.99414194 | AV11: =R11/$L11 -> 0.98824764
A12: Montage | B12: 25 | C12: 1 | D12: ='original data '!D12 -> 28.7148 | E12: ='original data '!F12 -> 28.7148 | F12: ='original data '!I12 -> 28.90608 | G12: ='original data '!L12 -> 28.7148 | H12: ='original data '!O12 -> 28.74417 | I12: ='original data '!R12 -> 28.60624 | J12: ='original data '!U12 -> 28.54624 | K12: L,S | L12: =AVERAGE(D903:D1002) -> 699.02291 | M12: =AVERAGE(E903:E1002) -> 674.36496 | N12: =AVERAGE(F903:F1002) -> 662.12085 | O12: =AVERAGE(G903:G1002) -> 659.94218 | P12: =AVERAGE(H903:H1002) -> 671.9342 | Q12: =AVERAGE(I903:I1002) -> 656.49828 | R12: =AVERAGE(J903:J1002) -> 657.67605 | S12: L,S | T12: =MAX(E903:E1002) -> 699.02291 | U12: =MAX(F903:F1002) -> 676.91654 | V12: =MAX(G903:G1002) -> 663.80215 | W12: =MAX(H903:H1002) -> 681.44507 | X12: =MAX(I903:I1002) -> 661.53393 | Y12: =MAX(J903:J1002) -> 659.84543 | Z12: L,S | AA12: =MIN(E903:E1002) -> 657.32993 | AB12: =MIN(F903:F1002) -> 655.43296 | AC12: =MIN(G903:G1002) -> 658.71364 | AD12: =MIN(H903:H1002) -> 655.43296 | AE12: =MIN(I903:I1002) -> 655.43296 | AF12: =MIN(J903:J1002) -> 657.32381 | AG12: L,S | AH12: =(L12-$R12)/$L12 -> 0.059149504 | AI12: =(M12-$R12)/M12 -> 0.024747587 | AJ12: =(N12-$R12)/N12 -> 0.0067129684 | AK12: =(O12-$R12)/O12 -> 0.0034338364 | AL12: =(P12-$R12)/P12 -> 0.021219567 | AM12: =(Q12-$R12)/Q12 -> -0.0017940228 | AN12: =(R12-$R12)/$R12 -> 0 | AO12: L,S | AP12: =L12/$L12 -> 1 | AQ12: =M12/$L12 -> 0.96472511 | AR12: =N12/$L12 -> 0.94720908 | AS12: =O12/$L12 -> 0.94409235 | AT12: =P12/$L12 -> 0.96124776 | AU12: =Q12/$L12 -> 0.93916561 | AV12: =R12/$L12 -> 0.9408505
A13: Montage | B13: 25 | C13: 1 | D13: ='original data '!D13 -> 28.7148 | E13: ='original data '!F13 -> 28.7148 | F13: ='original data '!I13 -> 28.65703 | G13: ='original data '!L13 -> 28.7148 | H13: ='original data '!O13 -> 28.75296 | I13: ='original data '!R13 -> 28.54624 | J13: ='original data '!U13 -> 28.54624 | K13: L,M | L13: =AVERAGE(D1003:D1102) -> 1027.0157 | M13: =AVERAGE(E1003:E1102) -> 1024.669 | N13: =AVERAGE(F1003:F1102) -> 1051.2164 | O13: =AVERAGE(G1003:G1102) -> 998.53959 | P13: =AVERAGE(H1003:H1102) -> 1064.2816 | Q13: =AVERAGE(I1003:I1102) -> 1002.7198 | R13: =AVERAGE(J1003:J1102) -> 993.5572 | S13: L,M | T13: =MAX(E1003:E1102) -> 1027.0157 | U13: =MAX(F1003:F1102) -> 1103.1415 | V13: =MAX(G1003:G1102) -> 1013.3152 | W13: =MAX(H1003:H1102) -> 1133.7267 | X13: =MAX(I1003:I1102) -> 1010.2888 | Y13: =MAX(J1003:J1102) -> 996.85631 | Z13: L,M | AA13: =MIN(E1003:E1102) -> 1004.936 | AB13: =MIN(F1003:F1102) -> 1013.7805 | AC13: =MIN(G1003:G1102) -> 992.6554 | AD13: =MIN(H1003:H1102) -> 1025.2845 | AE13: =MIN(I1003:I1102) -> 990.8314 | AF13: =MIN(J1003:J1102) -> 990.05487 | AG13: L,M | AH13: =(L13-$R13)/$L13 -> 0.032578412 | AI13: =(M13-$R13)/M13 -> 0.030362775 | AJ13: =(N13-$R13)/N13 -> 0.054850027 | AK13: =(O13-$R13)/O13 -> 0.0049896747 | AL13: =(P13-$R13)/P13 -> 0.066452728 | AM13: =(Q13-$R13)/Q13 -> 0.0091377398 | AN13: =(R13-$R13)/$R13 -> 0 | AO13: L,M | AP13: =L13/$L13 -> 1 | AQ13: =M13/$L13 -> 0.99771498 | AR13: =N13/$L13 -> 1.0235641 | AS13: =O13/$L13 -> 0.97227291 | AT13: =P13/$L13 -> 1.0362856 | AU13: =Q13/$L13 -> 0.97634316 | AV13: =R13/$L13 -> 0.96742159
A14: Montage | B14: 25 | C14: 1 | D14: ='original data '!D14 -> 28.7148 | E14: ='original data '!F14 -> 28.7148 | F14: ='original data '!I14 -> 29.00328 | G14: ='original data '!L14 -> 28.7148 | H14: ='original data '!O14 -> 28.74417 | I14: ='original data '!R14 -> 28.59203 | J14: ='original data '!U14 -> 28.5041 | K14: L,L | L14: =AVERAGE(D1103:D1202) -> 1774.48 | M14: =AVERAGE(E1103:E1202) -> 1774.48 | N14: =AVERAGE(F1103:F1202) -> 1802.9881 | O14: =AVERAGE(G1103:G1202) -> 1757.4768 | P14: =AVERAGE(H1103:H1202) -> 1816.6912 | Q14: =AVERAGE(I1103:I1202) -> 1762.2534 | R14: =AVERAGE(J1103:J1202) -> 1756.9921 | S14: L,L | T14: =MAX(E1103:E1202) -> 1774.48 | U14: =MAX(F1103:F1202) -> 1865.7622 | V14: =MAX(G1103:G1202) -> 1763.3388 | W14: =MAX(H1103:H1202) -> 1862.235 | X14: =MAX(I1103:I1202) -> 1767.24 | Y14: =MAX(J1103:J1202) -> 1763.6464 | Z14: L,L | AA14: =MIN(E1103:E1202) -> 1774.48 | AB14: =MIN(F1103:F1202) -> 1756.1087 | AC14: =MIN(G1103:G1202) -> 1755.0747 | AD14: =MIN(H1103:H1202) -> 1784.2733 | AE14: =MIN(I1103:I1202) -> 1755.9633 | AF14: =MIN(J1103:J1202) -> 1753.8633 | AG14: L,L | AH14: =(L14-$R14)/$L14 -> 0.0098552362 | AI14: =(M14-$R14)/M14 -> 0.0098552362 | AJ14: =(N14-$R14)/N14 -> 0.025511016 | AK14: =(O14-$R14)/O14 -> 0.00027577759 | AL14: =(P14-$R14)/P14 -> 0.032861459 | AM14: =(Q14-$R14)/Q14 -> 0.0029855675 | AN14: =(R14-$R14)/$R14 -> 0 | AO14: L,L | AP14: =L14/$L14 -> 1 | AQ14: =M14/$L14 -> 1 | AR14: =N14/$L14 -> 1.0160656 | AS14: =O14/$L14 -> 0.9904179 | AT14: =P14/$L14 -> 1.0237879 | AU14: =Q14/$L14 -> 0.99310976 | AV14: =R14/$L14 -> 0.99014476
A15: Montage | B15: 25 | C15: 1 | D15: ='original data '!D15 -> 28.7148 | E15: ='original data '!F15 -> 28.64701 | F15: ='original data '!I15 -> 29.08495 | G15: ='original data '!L15 -> 28.7148 | H15: ='original data '!O15 -> 28.74417 | I15: ='original data '!R15 -> 28.64701 | J15: ='original data '!U15 -> 28.54624 | K15: G,S | L15: =AVERAGE(D1203:D1302) -> 8.54243 | M15: =AVERAGE(E1203:E1302) -> 8.54243 | N15: =AVERAGE(F1203:F1302) -> 8.5424369 | O15: =AVERAGE(G1203:G1302) -> 8.54243 | P15: =AVERAGE(H1203:H1302) -> 8.54243 | Q15: =AVERAGE(I1203:I1302) -> 8.54243 | R15: =AVERAGE(J1203:J1302) -> 8.54243 | S15: G,S | T15: =MAX(E1203:E1302) -> 8.54243 | U15: =MAX(F1203:F1302) -> 8.54256 | V15: =MAX(G1203:G1302) -> 8.54243 | W15: =MAX(H1203:H1302) -> 8.54243 | X15: =MAX(I1203:I1302) -> 8.54243 | Y15: =MAX(J1203:J1302) -> 8.54243 | Z15: G,S | AA15: =MIN(E1203:E1302) -> 8.54243 | AB15: =MIN(F1203:F1302) -> 8.54243 | AC15: =MIN(G1203:G1302) -> 8.54243 | AD15: =MIN(H1203:H1302) -> 8.54243 | AE15: =MIN(I1203:I1302) -> 8.54243 | AF15: =MIN(J1203:J1302) -> 8.54243 | AG15: G,S | AH15: =(L15-$R15)/$L15 -> 0 | AI15: =(M15-$R15)/M15 -> 0 | AJ15: =(N15-$R15)/N15 -> 8.0773204e-07 | AK15: =(O15-$R15)/O15 -> 0 | AL15: =(P15-$R15)/P15 -> 0 | AM15: =(Q15-$R15)/Q15 -> 0 | AN15: =(R15-$R15)/$R15 -> 0 | AO15: G,S | AP15: =L15/$L15 -> 1 | AQ15: =M15/$L15 -> 1 | AR15: =N15/$L15 -> 1.0000008 | AS15: =O15/$L15 -> 1 | AT15: =P15/$L15 -> 1 | AU15: =Q15/$L15 -> 1 | AV15: =R15/$L15 -> 1
A16: Montage | B16: 25 | C16: 1 | D16: ='original data '!D16 -> 28.7148 | E16: ='original data '!F16 -> 28.7148 | F16: ='original data '!I16 -> 31.3647 | G16: ='original data '!L16 -> 28.7148 | H16: ='original data '!O16 -> 28.70029 | I16: ='original data '!R16 -> 28.54624 | J16: ='original data '!U16 -> 28.54624 | K16: G,M | L16: =AVERAGE(D1303:D1402) -> 80.12632 | M16: =AVERAGE(E1303:E1402) -> 80.120593 | N16: =AVERAGE(F1303:F1402) -> 82.756825 | O16: =AVERAGE(G1303:G1402) -> 76.85111 | P16: =AVERAGE(H1303:H1402) -> 83.49283 | Q16: =AVERAGE(I1303:I1402) -> 77.903966 | R16: =AVERAGE(J1303:J1402) -> 76.572331 | S16: G,M | T16: =MAX(E1303:E1402) -> 80.12632 | U16: =MAX(F1303:F1402) -> 90.54956 | V16: =MAX(G1303:G1402) -> 78.23853 | W16: =MAX(H1303:H1402) -> 84.99252 | X16: =MAX(I1303:I1402) -> 78.91921 | Y16: =MAX(J1303:J1402) -> 77.18472 | Z16: G,M | AA16: =MIN(E1303:E1402) -> 79.6552 | AB16: =MIN(F1303:F1402) -> 79.60329 | AC16: =MIN(G1303:G1402) -> 76.33402 | AD16: =MIN(H1303:H1402) -> 82.02048 | AE16: =MIN(I1303:I1402) -> 77.28067 | AF16: =MIN(J1303:J1402) -> 76.00356 | AG16: G,M | AH16: =(L16-$R16)/$L16 -> 0.044354829 | AI16: =(M16-$R16)/M16 -> 0.044286521 | AJ16: =(N16-$R16)/N16 -> 0.074730926 | AK16: =(O16-$R16)/O16 -> 0.0036275234 | AL16: =(P16-$R16)/P16 -> 0.082887351 | AM16: =(Q16-$R16)/Q16 -> 0.017093286 | AN16: =(R16-$R16)/$R16 -> 0 | AO16: G,M | AP16: =L16/$L16 -> 1 | AQ16: =M16/$L16 -> 0.99992853 | AR16: =N16/$L16 -> 1.0328295 | AS16: =O16/$L16 -> 0.95912442 | AT16: =P16/$L16 -> 1.042015 | AU16: =Q16/$L16 -> 0.97226436 | AV16: =R16/$L16 -> 0.95564517
A17: Montage | B17: 25 | C17: 1 | D17: ='original data '!D17 -> 28.7148 | E17: ='original data '!F17 -> 28.7148 | F17: ='original data '!I17 -> 31.11252 | G17: ='original data '!L17 -> 28.7148 | H17: ='original data '!O17 -> 28.70029 | I17: ='original data '!R17 -> 28.54624 | J17: ='original data '!U17 -> 28.54624 | K17: G,L | L17: =AVERAGE(D1403:D1502) -> 123.43652 | M17: =AVERAGE(E1403:E1502) -> 123.43652 | N17: =AVERAGE(F1403:F1502) -> 127.84316 | O17: =AVERAGE(G1403:G1502) -> 119.34135 | P17: =AVERAGE(H1403:H1502) -> 129.57431 | Q17: =AVERAGE(I1403:I1502) -> 120.58811 | R17: =AVERAGE(J1403:J1502) -> 119.19083 | S17: G,L | T17: =MAX(E1403:E1502) -> 123.43652 | U17: =MAX(F1403:F1502) -> 133.21538 | V17: =MAX(G1403:G1502) -> 120.75932 | W17: =MAX(H1403:H1502) -> 131.45597 | X17: =MAX(I1403:I1502) -> 121.29885 | Y17: =MAX(J1403:J1502) -> 119.78082 | Z17: G,L | AA17: =MIN(E1403:E1502) -> 123.43652 | AB17: =MIN(F1403:F1502) -> 122.73202 | AC17: =MIN(G1403:G1502) -> 118.61685 | AD17: =MIN(H1403:H1502) -> 127.07185 | AE17: =MIN(I1403:I1502) -> 120.02656 | AF17: =MIN(J1403:J1502) -> 118.44476 | AG17: G,L | AH17: =(L17-$R17)/$L17 -> 0.034395757 | AI17: =(M17-$R17)/M17 -> 0.034395757 | AJ17: =(N17-$R17)/N17 -> 0.067679274 | AK17: =(O17-$R17)/O17 -> 0.0012612921 | AL17: =(P17-$R17)/P17 -> 0.080135326 | AM17: =(Q17-$R17)/Q17 -> 0.011587246 | AN17: =(R17-$R17)/$R17 -> 0 | AO17: G,L | AP17: =L17/$L17 -> 1 | AQ17: =M17/$L17 -> 1 | AR17: =N17/$L17 -> 1.0356996 | AS17: =O17/$L17 -> 0.96682369 | AT17: =P17/$L17 -> 1.0497242 | AU17: =Q17/$L17 -> 0.9769241 | AV17: =R17/$L17 -> 0.96560424
A18: Montage | B18: 25 | C18: 1 | D18: ='original data '!D18 -> 28.7148 | E18: ='original data '!F18 -> 28.7148 | F18: ='original data '!I18 -> 28.72933 | G18: ='original data '!L18 -> 28.7148 | H18: ='original data '!O18 -> 28.82529 | I18: ='original data '!R18 -> 28.54624 | J18: ='original data '!U18 -> 28.54624 | K18: F,S | L18: =AVERAGE(D1503:D1602) -> 17.83966 | M18: =AVERAGE(E1503:E1602) -> 17.723946 | N18: =AVERAGE(F1503:F1602) -> 18.05353 | O18: =AVERAGE(G1503:G1602) -> 16.86576 | P18: =AVERAGE(H1503:H1602) -> 18.741277 | Q18: =AVERAGE(I1503:I1602) -> 17.080234 | R18: =AVERAGE(J1503:J1602) -> 16.662235 | S18: F,S | T18: =MAX(E1503:E1602) -> 17.83966 | U18: =MAX(F1503:F1602) -> 19.07941 | V18: =MAX(G1503:G1602) -> 17.22705 | W18: =MAX(H1503:H1602) -> 19.25513 | X18: =MAX(I1503:I1602) -> 17.4204 | Y18: =MAX(J1503:J1602) -> 16.81385 | Z18: F,S | AA18: =MIN(E1503:E1602) -> 16.94709 | AB18: =MIN(F1503:F1602) -> 17.08916 | AC18: =MIN(G1503:G1602) -> 16.54063 | AD18: =MIN(H1503:H1602) -> 17.65302 | AE18: =MIN(I1503:I1602) -> 16.743 | AF18: =MIN(J1503:J1602) -> 16.48228 | AG18: F,S | AH18: =(L18-$R18)/$L18 -> 0.066000428 | AI18: =(M18-$R18)/M18 -> 0.059902648 | AJ18: =(N18-$R18)/N18 -> 0.07706501 | AK18: =(O18-$R18)/O18 -> 0.012067354 | AL18: =(P18-$R18)/P18 -> 0.11093384 | AM18: =(Q18-$R18)/Q18 -> 0.024472669 | AN18: =(R18-$R18)/$R18 -> 0 | AO18: F,S | AP18: =L18/$L18 -> 1 | AQ18: =M18/$L18 -> 0.99351367 | AR18: =N18/$L18 -> 1.0119885 | AS18: =O18/$L18 -> 0.94540815 | AT18: =P18/$L18 -> 1.05054 | AU18: =Q18/$L18 -> 0.95743045 | AV18: =R18/$L18 -> 0.93399957
A19: Montage | B19: 25 | C19: 1 | D19: ='original data '!D19 -> 28.7148 | E19: ='original data '!F19 -> 28.7148 | F19: ='original data '!I19 -> 29.864 | G19: ='original data '!L19 -> 28.7148 | H19: ='original data '!O19 -> 28.70029 | I19: ='original data '!R19 -> 28.60624 | J19: ='original data '!U19 -> 28.5041 | K19: F,M | L19: =AVERAGE(D1603:D1702) -> 35.64892 | M19: =AVERAGE(E1603:E1702) -> 35.644938 | N19: =AVERAGE(F1603:F1702) -> 36.687374 | O19: =AVERAGE(G1603:G1702) -> 35.216209 | P19: =AVERAGE(H1603:H1702) -> 35.737806 | Q19: =AVERAGE(I1603:I1702) -> 35.455768 | R19: =AVERAGE(J1603:J1702) -> 35.154573 | S19: F,M | T19: =MAX(E1603:E1702) -> 35.64892 | U19: =MAX(F1603:F1702) -> 39.01631 | V19: =MAX(G1603:G1702) -> 35.43092 | W19: =MAX(H1603:H1702) -> 35.89243 | X19: =MAX(I1603:I1702) -> 35.52495 | Y19: =MAX(J1603:J1702) -> 35.2471 | Z19: F,M | AA19: =MIN(E1603:E1702) -> 35.53135 | AB19: =MIN(F1603:F1702) -> 35.59427 | AC19: =MIN(G1603:G1702) -> 35.09442 | AD19: =MIN(H1603:H1702) -> 35.37443 | AE19: =MIN(I1603:I1702) -> 35.28103 | AF19: =MIN(J1603:J1702) -> 35.07041 | AG19: F,M | AH19: =(L19-$R19)/$L19 -> 0.013867107 | AI19: =(M19-$R19)/M19 -> 0.01375693 | AJ19: =(N19-$R19)/N19 -> 0.041780066 | AK19: =(O19-$R19)/O19 -> 0.001750231 | AL19: =(P19-$R19)/P19 -> 0.016319788 | AM19: =(Q19-$R19)/Q19 -> 0.0084949759 | AN19: =(R19-$R19)/$R19 -> 0 | AO19: F,M | AP19: =L19/$L19 -> 1 | AQ19: =M19/$L19 -> 0.99988829 | AR19: =N19/$L19 -> 1.02913 | AS19: =O19/$L19 -> 0.98786188 | AT19: =P19/$L19 -> 1.0024934 | AU19: =Q19/$L19 -> 0.99458184 | AV19: =R19/$L19 -> 0.98613289
A20: Montage | B20: 25 | C20: 1 | D20: ='original data '!D20 -> 28.7148 | E20: ='original data '!F20 -> 28.70478 | F20: ='original data '!I20 -> 30.81114 | G20: ='original data '!L20 -> 28.7148 | H20: ='original data '!O20 -> 28.82924 | I20: ='original data '!R20 -> 28.64701 | J20: ='original data '!U20 -> 28.54624 | K20: F,L | L20: =AVERAGE(D1703:D1802) -> 72.35609 | M20: =AVERAGE(E1703:E1802) -> 72.35609 | N20: =AVERAGE(F1703:F1802) -> 73.493517 | O20: =AVERAGE(G1703:G1802) -> 71.971538 | P20: =AVERAGE(H1703:H1802) -> 72.690419 | Q20: =AVERAGE(I1703:I1802) -> 72.268356 | R20: =AVERAGE(J1703:J1802) -> 71.943583 | S20: F,L | T20: =MAX(E1703:E1802) -> 72.35609 | U20: =MAX(F1703:F1802) -> 76.54496 | V20: =MAX(G1703:G1802) -> 72.14702 | W20: =MAX(H1703:H1802) -> 73.13597 | X20: =MAX(I1703:I1802) -> 72.27935 | Y20: =MAX(J1703:J1802) -> 72.02416 | Z20: F,L | AA20: =MIN(E1703:E1802) -> 72.35609 | AB20: =MIN(F1703:F1802) -> 72.42843 | AC20: =MIN(G1703:G1802) -> 71.91369 | AD20: =MIN(H1703:H1802) -> 72.27255 | AE20: =MIN(I1703:I1802) -> 72.20657 | AF20: =MIN(J1703:J1802) -> 71.91113 | AG20: F,L | AH20: =(L20-$R20)/$L20 -> 0.0057010709 | AI20: =(M20-$R20)/M20 -> 0.0057010709 | AJ20: =(N20-$R20)/N20 -> 0.021089404 | AK20: =(O20-$R20)/O20 -> 0.00038842577 | AL20: =(P20-$R20)/P20 -> 0.0102742 | AM20: =(Q20-$R20)/Q20 -> 0.0044939932 | AN20: =(R20-$R20)/$R20 -> 0 | AO20: F,L | AP20: =L20/$L20 -> 1 | AQ20: =M20/$L20 -> 1 | AR20: =N20/$L20 -> 1.0157199 | AS20: =O20/$L20 -> 0.99468529 | AT20: =P20/$L20 -> 1.0046206 | AU20: =Q20/$L20 -> 0.99878747 | AV20: =R20/$L20 -> 0.99429893
A21: Montage | B21: 25 | C21: 1 | D21: ='original data '!D21 -> 28.7148 | E21: ='original data '!F21 -> 28.7148 | F21: ='original data '!I21 -> 28.79363 | G21: ='original data '!L21 -> 28.7148 | H21: ='original data '!O21 -> 29.98095 | I21: ='original data '!R21 -> 28.64701 | J21: ='original data '!U21 -> 28.54624 | AH21: =AVERAGE(AH3:AH20) -> 0.038846013 | AI21: =AVERAGE(AI3:AI20) -> 0.024007981 | AJ21: =AVERAGE(AJ3:AJ20) -> 0.037521001 | AK21: =AVERAGE(AK3:AK20) -> 0.015214253 | AL21: =AVERAGE(AL3:AL20) -> 0.035007995 | AM21: =AVERAGE(AM3:AM20) -> 0.0084535887 | AN21: =AVERAGE(AN3:AN20) -> 0 | AP21: =AVERAGE(AP3:AP20) -> 1 | AQ21: =AVERAGE(AQ3:AQ20) -> 0.9847594 | AR21: =AVERAGE(AR3:AR20) -> 0.99901658 | AS21: =AVERAGE(AS3:AS20) -> 0.97629017 | AT21: =AVERAGE(AT3:AT20) -> 0.99675271 | AU21: =AVERAGE(AU3:AU20) -> 0.9693862 | AV21: =AVERAGE(AV3:AV20) -> 0.96115399
A22: Montage | B22: 25 | C22: 1 | D22: ='original data '!D22 -> 28.7148 | E22: ='original data '!F22 -> 28.7148 | F22: ='original data '!I22 -> 30.73727 | G22: ='original data '!L22 -> 28.7148 | H22: ='original data '!O22 -> 28.74417 | I22: ='original data '!R22 -> 28.64203 | J22: ='original data '!U22 -> 28.58701
A23: Montage | B23: 25 | C23: 1 | D23: ='original data '!D23 -> 28.7148 | E23: ='original data '!F23 -> 28.7148 | F23: ='original data '!I23 -> 29.747 | G23: ='original data '!L23 -> 28.7148 | H23: ='original data '!O23 -> 28.74417 | I23: ='original data '!R23 -> 28.64701 | J23: ='original data '!U23 -> 28.5041
A24: Montage | B24: 25 | C24: 1 | D24: ='original data '!D24 -> 28.7148 | E24: ='original data '!F24 -> 28.7148 | F24: ='original data '!I24 -> 30.72959 | G24: ='original data '!L24 -> 28.7148 | H24: ='original data '!O24 -> 28.70029 | I24: ='original data '!R24 -> 28.60624 | J24: ='original data '!U24 -> 28.54624
A25: Montage | B25: 25 | C25: 1 | D25: ='original data '!D25 -> 28.7148 | E25: ='original data '!F25 -> 28.7148 | F25: ='original data '!I25 -> 28.8651 | G25: ='original data '!L25 -> 28.7148 | H25: ='original data '!O25 -> 28.82924 | I25: ='original data '!R25 -> 28.64701 | J25: ='original data '!U25 -> 28.54624
A26: Montage | B26: 25 | C26: 1 | D26: ='original data '!D26 -> 28.7148 | E26: ='original data '!F26 -> 28.7148 | F26: ='original data '!I26 -> 31.96014 | G26: ='original data '!L26 -> 28.7148 | H26: ='original data '!O26 -> 28.70029 | I26: ='original data '!R26 -> 28.54624 | J26: ='original data '!U26 -> 28.5041
A27: Montage | B27: 25 | C27: 1 | D27: ='original data '!D27 -> 28.7148 | E27: ='original data '!F27 -> 28.70478 | F27: ='original data '!I27 -> 31.98679 | G27: ='original data '!L27 -> 28.7148 | H27: ='original data '!O27 -> 28.65245 | I27: ='original data '!R27 -> 28.64701 | J27: ='original data '!U27 -> 28.5041
A28: Montage | B28: 25 | C28: 1 | D28: ='original data '!D28 -> 28.7148 | E28: ='original data '!F28 -> 28.70478 | F28: ='original data '!I28 -> 29.864 | G28: ='original data '!L28 -> 28.7148 | H28: ='original data '!O28 -> 28.70029 | I28: ='original data '!R28 -> 28.64701 | J28: ='original data '!U28 -> 28.54624
A29: Montage | B29: 25 | C29: 1 | D29: ='original data '!D29 -> 28.7148 | E29: ='original data '!F29 -> 28.7148 | F29: ='original data '!I29 -> 31.16258 | G29: ='original data '!L29 -> 28.7148 | H29: ='original data '!O29 -> 28.74417 | I29: ='original data '!R29 -> 28.64701 | J29: ='original data '!U29 -> 28.54624
A30: Montage | B30: 25 | C30: 1 | D30: ='original data '!D30 -> 28.7148 | E30: ='original data '!F30 -> 28.65703 | F30: ='original data '!I30 -> 28.79512 | G30: ='original data '!L30 -> 28.7148 | H30: ='original data '!O30 -> 28.74417 | I30: ='original data '!R30 -> 28.64701 | J30: ='original data '!U30 -> 28.54624
A31: Montage | B31: 25 | C31: 1 | D31: ='original data '!D31 -> 28.7148 | E31: ='original data '!F31 -> 28.70478 | F31: ='original data '!I31 -> 28.86235 | G31: ='original data '!L31 -> 28.7148 | H31: ='original data '!O31 -> 28.82924 | I31: ='original data '!R31 -> 28.54624 | J31: ='original data '!U31 -> 28.5041
A32: Montage | B32: 25 | C32: 1 | D32: ='original data '!D32 -> 28.7148 | E32: ='original data '!F32 -> 28.7148 | F32: ='original data '!I32 -> 29.66986 | G32: ='original data '!L32 -> 28.7148 | H32: ='original data '!O32 -> 28.70029 | I32: ='original data '!R32 -> 28.64701 | J32: ='original data '!U32 -> 28.54624
A33: Montage | B33: 25 | C33: 1 | D33: ='original data '!D33 -> 28.7148 | E33: ='original data '!F33 -> 28.7148 | F33: ='original data '!I33 -> 31.78771 | G33: ='original data '!L33 -> 28.7148 | H33: ='original data '!O33 -> 28.82924 | I33: ='original data '!R33 -> 28.60624 | J33: ='original data '!U33 -> 28.54624
... A1802: fft | B1802: 224 | C1802: 1 | D1802: ='original data '!D1802 -> 72.35609 | E1802: ='original data '!F1802 -> 72.35609 | F1802: ='original data '!I1802 -> 72.90048 | G1802: ='original data '!L1802 -> 71.94765 | H1802: ='original data '!O1802 -> 72.63722 | I1802: ='original data '!R1802 -> 72.26319 | J1802: ='original data '!U1802 -> 71.93967

Sheet boxplot（Fig.1） 
D1: ms | E1: ms | F1: ms | G1: ms | H1: ms | I1: ms | J1: ms
D2: HEFT | E2: HGA | F2: LWSGA | G2: APRE_EDA | H2: HPSO | I2: R2GA | J2: HEDA | M2: =D2 -> HEFT | N2: =E2 -> HGA | O2: =F2 -> LWSGA | P2: APRE_EDA | Q2: HPSO | R2: R²GA | S2: =J2 -> HEDA
A3: Montage | B3: 25 | C3: 1 | D3: ='original data '!D3 -> 28.7148 | E3: ='original data '!F3 -> 28.7148 | F3: ='original data '!I3 -> 28.72703 | G3: ='original data '!L3 -> 28.7148 | H3: ='original data '!O3 -> 28.65213 | I3: ='original data '!R3 -> 28.64701 | J3: ='original data '!U3 -> 28.5041 | L3: M,S | M3: =D3/D3 -> 1 | N3: =E3/D3 -> 1 | O3: =F3/D3 -> 1.0004259 | P3: =G3/D3 -> 1 | Q3: =H3/D3 -> 0.9978175 | R3: =I3/D3 -> 0.9976392 | S3: =J3/D3 -> 0.99266232
A4: Montage | B4: 25 | C4: 1 | D4: ='original data '!D4 -> 28.7148 | E4: ='original data '!F4 -> 28.7148 | F4: ='original data '!I4 -> 28.87217 | G4: ='original data '!L4 -> 28.7148 | H4: ='original data '!O4 -> 28.70029 | I4: ='original data '!R4 -> 28.59203 | J4: ='original data '!U4 -> 28.54624 | L4: M,S | M4: =D4/D4 -> 1 | N4: =E4/D4 -> 1 | O4: =F4/D4 -> 1.0054804 | P4: =G4/D4 -> 1 | Q4: =H4/D4 -> 0.99949469 | R4: =I4/D4 -> 0.9957245 | S4: =J4/D4 -> 0.99412986
A5: Montage | B5: 25 | C5: 1 | D5: ='original data '!D5 -> 28.7148 | E5: ='original data '!F5 -> 28.7148 | F5: ='original data '!I5 -> 30.11037 | G5: ='original data '!L5 -> 28.7148 | H5: ='original data '!O5 -> 28.77029 | I5: ='original data '!R5 -> 28.64701 | J5: ='original data '!U5 -> 28.5041 | L5: M,S | M5: =D5/D5 -> 1 | N5: =E5/D5 -> 1 | O5: =F5/D5 -> 1.0486011 | P5: =G5/D5 -> 1 | Q5: =H5/D5 -> 1.0019325 | R5: =I5/D5 -> 0.9976392 | S5: =J5/D5 -> 0.99266232
A6: Montage | B6: 25 | C6: 1 | D6: ='original data '!D6 -> 28.7148 | E6: ='original data '!F6 -> 28.7148 | F6: ='original data '!I6 -> 29.87502 | G6: ='original data '!L6 -> 28.7148 | H6: ='original data '!O6 -> 28.74417 | I6: ='original data '!R6 -> 28.54624 | J6: ='original data '!U6 -> 28.54624 | L6: M,S | M6: =D6/D6 -> 1 | N6: =E6/D6 -> 1 | O6: =F6/D6 -> 1.0404049 | P6: =G6/D6 -> 1 | Q6: =H6/D6 -> 1.0010228 | R6: =I6/D6 -> 0.99412986 | S6: =J6/D6 -> 0.99412986
A7: Montage | B7: 25 | C7: 1 | D7: ='original data '!D7 -> 28.7148 | E7: ='original data '!F7 -> 28.7148 | F7: ='original data '!I7 -> 28.8863 | G7: ='original data '!L7 -> 28.7148 | H7: ='original data '!O7 -> 28.74417 | I7: ='original data '!R7 -> 28.58701 | J7: ='original data '!U7 -> 28.54624 | L7: M,S | M7: =D7/D7 -> 1 | N7: =E7/D7 -> 1 | O7: =F7/D7 -> 1.0059725 | P7: =G7/D7 -> 1 | Q7: =H7/D7 -> 1.0010228 | R7: =I7/D7 -> 0.99554968 | S7: =J7/D7 -> 0.99412986
A8: Montage | B8: 25 | C8: 1 | D8: ='original data '!D8 -> 28.7148 | E8: ='original data '!F8 -> 28.7148 | F8: ='original data '!I8 -> 30.80614 | G8: ='original data '!L8 -> 28.7148 | H8: ='original data '!O8 -> 28.74417 | I8: ='original data '!R8 -> 28.64701 | J8: ='original data '!U8 -> 28.5041 | L8: M,S | M8: =D8/D8 -> 1 | N8: =E8/D8 -> 1 | O8: =F8/D8 -> 1.0728314 | P8: =G8/D8 -> 1 | Q8: =H8/D8 -> 1.0010228 | R8: =I8/D8 -> 0.9976392 | S8: =J8/D8 -> 0.99266232
A9: Montage | B9: 25 | C9: 1 | D9: ='original data '!D9 -> 28.7148 | E9: ='original data '!F9 -> 28.7148 | F9: ='original data '!I9 -> 30.82263 | G9: ='original data '!L9 -> 28.7148 | H9: ='original data '!O9 -> 28.70029 | I9: ='original data '!R9 -> 28.64701 | J9: ='original data '!U9 -> 28.54624 | L9: M,S | M9: =D9/D9 -> 1 | N9: =E9/D9 -> 1 | O9: =F9/D9 -> 1.0734057 | P9: =G9/D9 -> 1 | Q9: =H9/D9 -> 0.99949469 | R9: =I9/D9 -> 0.9976392 | S9: =J9/D9 -> 0.99412986
A10: Montage | B10: 25 | C10: 1 | D10: ='original data '!D10 -> 28.7148 | E10: ='original data '!F10 -> 28.7148 | F10: ='original data '!I10 -> 28.63568 | G10: ='original data '!L10 -> 28.7148 | H10: ='original data '!O10 -> 28.70029 | I10: ='original data '!R10 -> 28.64701 | J10: ='original data '!U10 -> 28.54624 | L10: M,S | M10: =D10/D10 -> 1 | N10: =E10/D10 -> 1 | O10: =F10/D10 -> 0.99724463 | P10: =G10/D10 -> 1 | Q10: =H10/D10 -> 0.99949469 | R10: =I10/D10 -> 0.9976392 | S10: =J10/D10 -> 0.99412986
A11: Montage | B11: 25 | C11: 1 | D11: ='original data '!D11 -> 28.7148 | E11: ='original data '!F11 -> 28.7148 | F11: ='original data '!I11 -> 28.71203 | G11: ='original data '!L11 -> 28.7148 | H11: ='original data '!O11 -> 28.74417 | I11: ='original data '!R11 -> 28.64701 | J11: ='original data '!U11 -> 28.54624 | L11: M,S | M11: =D11/D11 -> 1 | N11: =E11/D11 -> 1 | O11: =F11/D11 -> 0.99990353 | P11: =G11/D11 -> 1 | Q11: =H11/D11 -> 1.0010228 | R11: =I11/D11 -> 0.9976392 | S11: =J11/D11 -> 0.99412986
A12: Montage | B12: 25 | C12: 1 | D12: ='original data '!D12 -> 28.7148 | E12: ='original data '!F12 -> 28.7148 | F12: ='original data '!I12 -> 28.90608 | G12: ='original data '!L12 -> 28.7148 | H12: ='original data '!O12 -> 28.74417 | I12: ='original data '!R12 -> 28.60624 | J12: ='original data '!U12 -> 28.54624 | L12: M,S | M12: =D12/D12 -> 1 | N12: =E12/D12 -> 1 | O12: =F12/D12 -> 1.0066614 | P12: =G12/D12 -> 1 | Q12: =H12/D12 -> 1.0010228 | R12: =I12/D12 -> 0.99621937 | S12: =J12/D12 -> 0.99412986
A13: Montage | B13: 25 | C13: 1 | D13: ='original data '!D13 -> 28.7148 | E13: ='original data '!F13 -> 28.7148 | F13: ='original data '!I13 -> 28.65703 | G13: ='original data '!L13 -> 28.7148 | H13: ='original data '!O13 -> 28.75296 | I13: ='original data '!R13 -> 28.54624 | J13: ='original data '!U13 -> 28.54624 | L13: M,S | M13: =D13/D13 -> 1 | N13: =E13/D13 -> 1 | O13: =F13/D13 -> 0.99798815 | P13: =G13/D13 -> 1 | Q13: =H13/D13 -> 1.0013289 | R13: =I13/D13 -> 0.99412986 | S13: =J13/D13 -> 0.99412986
A14: Montage | B14: 25 | C14: 1 | D14: ='original data '!D14 -> 28.7148 | E14: ='original data '!F14 -> 28.7148 | F14: ='original data '!I14 -> 29.00328 | G14: ='original data '!L14 -> 28.7148 | H14: ='original data '!O14 -> 28.74417 | I14: ='original data '!R14 -> 28.59203 | J14: ='original data '!U14 -> 28.5041 | L14: M,S | M14: =D14/D14 -> 1 | N14: =E14/D14 -> 1 | O14: =F14/D14 -> 1.0100464 | P14: =G14/D14 -> 1 | Q14: =H14/D14 -> 1.0010228 | R14: =I14/D14 -> 0.9957245 | S14: =J14/D14 -> 0.99266232
... A16: Montage | B16: 25 | C16: 1 | D16: ='original data '!D16 -> 28.7148 | E16: ='original data '!F16 -> 28.7148 | F16: ='original data '!I16 -> 31.3647 | G16: ='original data '!L16 -> 28.7148 | H16: ='original data '!O16 -> 28.70029 | I16: ='original data '!R16 -> 28.54624 | J16: ='original data '!U16 -> 28.54624 | L16: M,S | M16: =D16/D16 -> 1 | N16: =E16/D16 -> 1 | O16: =F16/D16 -> 1.0922834 | P16: =G16/D16 -> 1 | Q16: =H16/D16 -> 0.99949469 | R16: =I16/D16 -> 0.99412986 | S16: =J16/D16 -> 0.99412986
A17: Montage | B17: 25 | C17: 1 | D17: ='original data '!D17 -> 28.7148 | E17: ='original data '!F17 -> 28.7148 | F17: ='original data '!I17 -> 31.11252 | G17: ='original data '!L17 -> 28.7148 | H17: ='original data '!O17 -> 28.70029 | I17: ='original data '!R17 -> 28.54624 | J17: ='original data '!U17 -> 28.54624 | L17: M,S | M17: =D17/D17 -> 1 | N17: =E17/D17 -> 1 | O17: =F17/D17 -> 1.0835012 | P17: =G17/D17 -> 1 | Q17: =H17/D17 -> 0.99949469 | R17: =I17/D17 -> 0.99412986 | S17: =J17/D17 -> 0.99412986 | U17: HEFT | V17: HGA | W17: LWSGA | X17: APRE_EDA | Y17: HPSO | Z17: R2GA | AA17: HEDA | AC17: HEFT | AD17: HGA | AE17: LWSGA | AF17: APRE_EDA | AG17: HPSO | AH17: R2GA | AI17: HEDA
A18: Montage | B18: 25 | C18: 1 | D18: ='original data '!D18 -> 28.7148 | E18: ='original data '!F18 -> 28.7148 | F18: ='original data '!I18 -> 28.72933 | G18: ='original data '!L18 -> 28.7148 | H18: ='original data '!O18 -> 28.82529 | I18: ='original data '!R18 -> 28.54624 | J18: ='original data '!U18 -> 28.54624 | L18: M,S | M18: =D18/D18 -> 1 | N18: =E18/D18 -> 1 | O18: =F18/D18 -> 1.000506 | P18: =G18/D18 -> 1 | Q18: =H18/D18 -> 1.0038478 | R18: =I18/D18 -> 0.99412986 | S18: =J18/D18 -> 0.99412986 | U18: =STDEV(D3:D102)/AVERAGE(D3:D102) -> 1.3678217e-15 | V18: =STDEV(E3:E102)/AVERAGE(E3:E102) -> 0.00077577006 | W18: =STDEV(F3:F102)/AVERAGE(F3:F102) -> 0.032921704 | X18: =STDEV(G3:G102)/AVERAGE(G3:G102) -> 1.3678217e-15 | Y18: =STDEV(H3:H102)/AVERAGE(H3:H102) -> 0.0063295767 | Z18: =STDEV(I3:I102)/AVERAGE(I3:I102) -> 0.001296722 | AA18: =STDEV(J3:J102)/AVERAGE(J3:J102) -> 0.00076077886 | AC18: =STDEV(M3:M102) -> 0 | AD18: =STDEV(N3:N102) -> 0.00077544526 | AE18: =STDEV(O3:O102) -> 0.033842804 | AF18: =STDEV(P3:P102) -> 0 | AG18: =STDEV(Q3:Q102) -> 0.0063407345 | AH18: =STDEV(R3:R102) -> 0.0012925828 | AI18: =STDEV(S3:S102) -> 0.00075593266
A19: Montage | B19: 25 | C19: 1 | D19: ='original data '!D19 -> 28.7148 | E19: ='original data '!F19 -> 28.7148 | F19: ='original data '!I19 -> 29.864 | G19: ='original data '!L19 -> 28.7148 | H19: ='original data '!O19 -> 28.70029 | I19: ='original data '!R19 -> 28.60624 | J19: ='original data '!U19 -> 28.5041 | L19: M,S | M19: =D19/D19 -> 1 | N19: =E19/D19 -> 1 | O19: =F19/D19 -> 1.0400212 | P19: =G19/D19 -> 1 | Q19: =H19/D19 -> 0.99949469 | R19: =I19/D19 -> 0.99621937 | S19: =J19/D19 -> 0.99266232 | U19: =STDEV(D103:D202)/AVERAGE(D103:D202) -> 1.7161855e-15 | V19: =STDEV(E103:E202)/AVERAGE(E103:E202) -> 0.0041536982 | W19: =STDEV(F103:F202)/AVERAGE(F103:F202) -> 0.022353811 | X19: =STDEV(G103:G202)/AVERAGE(G103:G202) -> 1.7161855e-15 | Y19: =STDEV(H103:H202)/AVERAGE(H103:H202) -> 0.019508773 | Z19: =STDEV(I103:I202)/AVERAGE(I103:I202) -> 0.0011265002 | AA19: =STDEV(J103:J202)/AVERAGE(J103:J202) -> 0.0010067759 | AC19: =STDEV(M103:M202) -> 0 | AD19: =STDEV(N103:N202) -> 0.0040343698 | AE19: =STDEV(O103:O202) -> 0.021323846 | AF19: =STDEV(P103:P202) -> 0 | AG19: =STDEV(Q103:Q202) -> 0.018847164 | AH19: =STDEV(R103:R202) -> 0.0010247944 | AI19: =STDEV(S103:S202) -> 0.00091602517
A20: Montage | B20: 25 | C20: 1 | D20: ='original data '!D20 -> 28.7148 | E20: ='original data '!F20 -> 28.70478 | F20: ='original data '!I20 -> 30.81114 | G20: ='original data '!L20 -> 28.7148 | H20: ='original data '!O20 -> 28.82924 | I20: ='original data '!R20 -> 28.64701 | J20: ='original data '!U20 -> 28.54624 | L20: M,S | M20: =D20/D20 -> 1 | N20: =E20/D20 -> 0.99965105 | O20: =F20/D20 -> 1.0730056 | P20: =G20/D20 -> 1 | Q20: =H20/D20 -> 1.0039854 | R20: =I20/D20 -> 0.9976392 | S20: =J20/D20 -> 0.99412986 | U20: =STDEV(D203:D302)/AVERAGE(D203:D302) -> 2.0361943e-15 | V20: =STDEV(E203:E302)/AVERAGE(E203:E302) -> 0.0024429655 | W20: =STDEV(F203:F302)/AVERAGE(F203:F302) -> 0.011963018 | X20: =STDEV(G203:G302)/AVERAGE(G203:G302) -> 2.0361943e-15 | Y20: =STDEV(H203:H302)/AVERAGE(H203:H302) -> 0.0014203443 | Z20: =STDEV(I203:I302)/AVERAGE(I203:I302) -> 0.00088392674 | AA20: =STDEV(J203:J302)/AVERAGE(J203:J302) -> 0.0012076807 | AC20: =STDEV(M203:M302) -> 0 | AD20: =STDEV(N203:N302) -> 0.0024295838 | AE20: =STDEV(O203:O302) -> 0.011980909 | AF20: =STDEV(P203:P302) -> 0 | AG20: =STDEV(Q203:Q302) -> 0.0014079488 | AH20: =STDEV(R203:R302) -> 0.00087153534 | AI20: =STDEV(S203:S302) -> 0.0011847921
A21: Montage | B21: 25 | C21: 1 | D21: ='original data '!D21 -> 28.7148 | E21: ='original data '!F21 -> 28.7148 | F21: ='original data '!I21 -> 28.79363 | G21: ='original data '!L21 -> 28.7148 | H21: ='original data '!O21 -> 29.98095 | I21: ='original data '!R21 -> 28.64701 | J21: ='original data '!U21 -> 28.54624 | L21: M,S | M21: =D21/D21 -> 1 | N21: =E21/D21 -> 1 | O21: =F21/D21 -> 1.0027453 | P21: =G21/D21 -> 1 | Q21: =H21/D21 -> 1.044094 | R21: =I21/D21 -> 0.9976392 | S21: =J21/D21 -> 0.99412986 | U21: =STDEV(D303:D402)/AVERAGE(D303:D402) -> 1.3363171e-15 | V21: =STDEV(E303:E402)/AVERAGE(E303:E402) -> 1.4636778e-15 | W21: =STDEV(F303:F402)/AVERAGE(F303:F402) -> 0.07243102 | X21: =STDEV(G303:G402)/AVERAGE(G303:G402) -> 0.00027550147 | Y21: =STDEV(H303:H402)/AVERAGE(H303:H402) -> 1.9412811e-05 | Z21: =STDEV(I303:I402)/AVERAGE(I303:I402) -> 0.00022131537 | AA21: =STDEV(J303:J402)/AVERAGE(J303:J402) -> 1.4636778e-15 | AC21: =STDEV(M303:M402) -> 0 | AD21: =STDEV(N303:N402) -> 1.2273977e-15 | AE21: =STDEV(O303:O402) -> 0.067400464 | AF21: =STDEV(P303:P402) -> 0.00025153692 | AG21: =STDEV(Q303:Q402) -> 1.7723924e-05 | AH21: =STDEV(R303:R402) -> 0.00020206848 | AI21: =STDEV(S303:S402) -> 1.2273977e-15
A22: Montage | B22: 25 | C22: 1 | D22: ='original data '!D22 -> 28.7148 | E22: ='original data '!F22 -> 28.7148 | F22: ='original data '!I22 -> 30.73727 | G22: ='original data '!L22 -> 28.7148 | H22: ='original data '!O22 -> 28.74417 | I22: ='original data '!R22 -> 28.64203 | J22: ='original data '!U22 -> 28.58701 | L22: M,S | M22: =D22/D22 -> 1 | N22: =E22/D22 -> 1 | O22: =F22/D22 -> 1.070433 | P22: =G22/D22 -> 1 | Q22: =H22/D22 -> 1.0010228 | R22: =I22/D22 -> 0.99746577 | S22: =J22/D22 -> 0.99554968 | U22: =STDEV(D403:D502)/AVERAGE(D403:D502) -> 7.2816376e-16 | V22: =STDEV(E403:E502)/AVERAGE(E403:E502) -> 0.0082440821 | W22: =STDEV(F403:F502)/AVERAGE(F403:F502) -> 0.055564294 | X22: =STDEV(G403:G502)/AVERAGE(G403:G502) -> 0.00082385637 | Y22: =STDEV(H403:H502)/AVERAGE(H403:H502) -> 0.015581453 | Z22: =STDEV(I403:I502)/AVERAGE(I403:I502) -> 0.0086971285 | AA22: =STDEV(J403:J502)/AVERAGE(J403:J502) -> 0.0029982899 | AC22: =STDEV(M403:M502) -> 0 | AD22: =STDEV(N403:N502) -> 0.0078266957 | AE22: =STDEV(O403:O502) -> 0.055391701 | AF22: =STDEV(P403:P502) -> 0.00082367142 | AG22: =STDEV(Q403:Q502) -> 0.014917208 | AH22: =STDEV(R403:R502) -> 0.008211337 | AI22: =STDEV(S403:S502) -> 0.002754833
A23: Montage | B23: 25 | C23: 1 | D23: ='original data '!D23 -> 28.7148 | E23: ='original data '!F23 -> 28.7148 | F23: ='original data '!I23 -> 29.747 | G23: ='original data '!L23 -> 28.7148 | H23: ='original data '!O23 -> 28.74417 | I23: ='original data '!R23 -> 28.64701 | J23: ='original data '!U23 -> 28.5041 | L23: M,S | M23: =D23/D23 -> 1 | N23: =E23/D23 -> 1 | O23: =F23/D23 -> 1.0359466 | P23: =G23/D23 -> 1 | Q23: =H23/D23 -> 1.0010228 | R23: =I23/D23 -> 0.9976392 | S23: =J23/D23 -> 0.99266232 | U23: =STDEV(D503:D602)/AVERAGE(D503:D602) -> 1.1411552e-15 | V23: =STDEV(E503:E602)/AVERAGE(E503:E602) -> 0.002637196 | W23: =STDEV(F503:F602)/AVERAGE(F503:F602) -> 0.034105744 | X23: =STDEV(G503:G602)/AVERAGE(G503:G602) -> 1.1411552e-15 | Y23: =STDEV(H503:H602)/AVERAGE(H503:H602) -> 0.010599931 | Z23: =STDEV(I503:I602)/AVERAGE(I503:I602) -> 0.0049665497 | AA23: =STDEV(J503:J602)/AVERAGE(J503:J602) -> 0.0011436078 | AC23: =STDEV(M503:M602) -> 0 | AD23: =STDEV(N503:N602) -> 0.0025927979 | AE23: =STDEV(O503:O602) -> 0.034974113 | AF23: =STDEV(P503:P602) -> 0 | AG23: =STDEV(Q503:Q602) -> 0.010681827 | AH23: =STDEV(R503:R602) -> 0.0049093326 | AI23: =STDEV(S503:S602) -> 0.0010931894
A24: Montage | B24: 25 | C24: 1 | D24: ='original data '!D24 -> 28.7148 | E24: ='original data '!F24 -> 28.7148 | F24: ='original data '!I24 -> 30.72959 | G24: ='original data '!L24 -> 28.7148 | H24: ='original data '!O24 -> 28.70029 | I24: ='original data '!R24 -> 28.60624 | J24: ='original data '!U24 -> 28.54624 | L24: M,S | M24: =D24/D24 -> 1 | N24: =E24/D24 -> 1 | O24: =F24/D24 -> 1.0701656 | P24: =G24/D24 -> 1 | Q24: =H24/D24 -> 0.99949469 | R24: =I24/D24 -> 0.99621937 | S24: =J24/D24 -> 0.99412986 | U24: =STDEV(D603:D702)/AVERAGE(D603:D702) -> 3.5984454e-16 | V24: =STDEV(E603:E702)/AVERAGE(E603:E702) -> 0.035006607 | W24: =STDEV(F603:F702)/AVERAGE(F603:F702) -> 0.033278023 | X24: =STDEV(G603:G702)/AVERAGE(G603:G702) -> 0.00073797383 | Y24: =STDEV(H603:H702)/AVERAGE(H603:H702) -> 0.037256873 | Z24: =STDEV(I603:I702)/AVERAGE(I603:I702) -> 0.0012067788 | AA24: =STDEV(J603:J702)/AVERAGE(J603:J702) -> 1.3784556e-15 | AC24: =STDEV(M603:M702) -> 0 | AD24: =STDEV(N603:N702) -> 0.03368287 | AE24: =STDEV(O603:O702) -> 0.031159328 | AF24: =STDEV(P603:P702) -> 0.00067546894 | AG24: =STDEV(Q603:Q702) -> 0.034861129 | AH24: =STDEV(R603:R702) -> 0.0011029719 | AI24: =STDEV(S603:S702) -> 0
A25: Montage | B25: 25 | C25: 1 | D25: ='original data '!D25 -> 28.7148 | E25: ='original data '!F25 -> 28.7148 | F25: ='original data '!I25 -> 28.8651 | G25: ='original data '!L25 -> 28.7148 | H25: ='original data '!O25 -> 28.82924 | I25: ='original data '!R25 -> 28.64701 | J25: ='original data '!U25 -> 28.54624 | L25: M,S | M25: =D25/D25 -> 1 | N25: =E25/D25 -> 1 | O25: =F25/D25 -> 1.0052342 | P25: =G25/D25 -> 1 | Q25: =H25/D25 -> 1.0039854 | R25: =I25/D25 -> 0.9976392 | S25: =J25/D25 -> 0.99412986 | U25: =STDEV(D703:D802)/AVERAGE(D703:D802) -> 4.2062966e-16 | V25: =STDEV(E703:E802)/AVERAGE(E703:E802) -> 0.0020726159 | W25: =STDEV(F703:F802)/AVERAGE(F703:F802) -> 0.0045105472 | X25: =STDEV(G703:G802)/AVERAGE(G703:G802) -> 0.00068860413 | Y25: =STDEV(H703:H802)/AVERAGE(H703:H802) -> 0.001153738 | Z25: =STDEV(I703:I802)/AVERAGE(I703:I802) -> 0.0013159086 | AA25: =STDEV(J703:J802)/AVERAGE(J703:J802) -> 0.00015910856 | AC25: =STDEV(M703:M802) -> 0 | AD25: =STDEV(N703:N802) -> 0.0020660728 | AE25: =STDEV(O703:O802) -> 0.0044979531 | AF25: =STDEV(P703:P802) -> 0.00068481772 | AG25: =STDEV(Q703:Q802) -> 0.0011518945 | AH25: =STDEV(R703:R802) -> 0.0013080935 | AI25: =STDEV(S703:S802) -> 0.00015791797
A26: Montage | B26: 25 | C26: 1 | D26: ='original data '!D26 -> 28.7148 | E26: ='original data '!F26 -> 28.7148 | F26: ='original data '!I26 -> 31.96014 | G26: ='original data '!L26 -> 28.7148 | H26: ='original data '!O26 -> 28.70029 | I26: ='original data '!R26 -> 28.54624 | J26: ='original data '!U26 -> 28.5041 | L26: M,S | M26: =D26/D26 -> 1 | N26: =E26/D26 -> 1 | O26: =F26/D26 -> 1.1130198 | P26: =G26/D26 -> 1 | Q26: =H26/D26 -> 0.99949469 | R26: =I26/D26 -> 0.99412986 | S26: =J26/D26 -> 0.99266232 | U26: =STDEV(D803:D902)/AVERAGE(D803:D902) -> 1.4350638e-15 | V26: =STDEV(E803:E902)/AVERAGE(E803:E902) -> 9.8603101e-05 | W26: =STDEV(F803:F902)/AVERAGE(F803:F902) -> 0.0062326805 | X26: =STDEV(G803:G902)/AVERAGE(G803:G902) -> 0.0012270729 | Y26: =STDEV(H803:H902)/AVERAGE(H803:H902) -> 0.001102225 | Z26: =STDEV(I803:I902)/AVERAGE(I803:I902) -> 0.0026430819 | AA26: =STDEV(J803:J902)/AVERAGE(J803:J902) -> 0.00056861255 | AC26: =STDEV(M803:M902) -> 0 | AD26: =STDEV(N803:N902) -> 9.8600339e-05 | AE26: =STDEV(O803:O902) -> 0.006234237 | AF26: =STDEV(P803:P902) -> 0.0012147321 | AG26: =STDEV(Q803:Q902) -> 0.0011016917 | AH26: =STDEV(R803:R902) -> 0.0026275986 | AI26: =STDEV(S803:S902) -> 0.00056193001
A27: Montage | B27: 25 | C27: 1 | D27: ='original data '!D27 -> 28.7148 | E27: ='original data '!F27 -> 28.70478 | F27: ='original data '!I27 -> 31.98679 | G27: ='original data '!L27 -> 28.7148 | H27: ='original data '!O27 -> 28.65245 | I27: ='original data '!R27 -> 28.64701 | J27: ='original data '!U27 -> 28.5041 | L27: M,S | M27: =D27/D27 -> 1 | N27: =E27/D27 -> 0.99965105 | O27: =F27/D27 -> 1.1139479 | P27: =G27/D27 -> 1 | Q27: =H27/D27 -> 0.99782865 | R27: =I27/D27 -> 0.9976392 | S27: =J27/D27 -> 0.99266232 | U27: =STDEV(D903:D1002)/AVERAGE(D903:D1002) -> 3.2691224e-16 | V27: =STDEV(E903:E1002)/AVERAGE(E903:E1002) -> 0.012589581 | W27: =STDEV(F903:F1002)/AVERAGE(F903:F1002) -> 0.0087016818 | X27: =STDEV(G903:G1002)/AVERAGE(G903:G1002) -> 0.0024899859 | Y27: =STDEV(H903:H1002)/AVERAGE(H903:H1002) -> 0.011776924 | Z27: =STDEV(I903:I1002)/AVERAGE(I903:I1002) -> 0.0021331915 | AA27: =STDEV(J903:J1002)/AVERAGE(J903:J1002) -> 0.00077456317 | AC27: =STDEV(M903:M1002) -> 0 | AD27: =STDEV(N903:N1002) -> 0.012145485 | AE27: =STDEV(O903:O1002) -> 0.0082423121 | AF27: =STDEV(P903:P1002) -> 0.0023507767 | AG27: =STDEV(Q903:Q1002) -> 0.011320541 | AH27: =STDEV(R903:R1002) -> 0.0020034201 | AI27: =STDEV(S903:S1002) -> 0.00072874814
A28: Montage | B28: 25 | C28: 1 | D28: ='original data '!D28 -> 28.7148 | E28: ='original data '!F28 -> 28.70478 | F28: ='original data '!I28 -> 29.864 | G28: ='original data '!L28 -> 28.7148 | H28: ='original data '!O28 -> 28.70029 | I28: ='original data '!R28 -> 28.64701 | J28: ='original data '!U28 -> 28.54624 | L28: M,S | M28: =D28/D28 -> 1 | N28: =E28/D28 -> 0.99965105 | O28: =F28/D28 -> 1.0400212 | P28: =G28/D28 -> 1 | Q28: =H28/D28 -> 0.99949469 | R28: =I28/D28 -> 0.9976392 | S28: =J28/D28 -> 0.99412986 | U28: =STDEV(D1003:D1102)/AVERAGE(D1003:D1102) -> 1.5575555e-15 | V28: =STDEV(E1003:E1102)/AVERAGE(E1003:E1102) -> 0.0053154708 | W28: =STDEV(F1003:F1102)/AVERAGE(F1003:F1102) -> 0.018483333 | X28: =STDEV(G1003:G1102)/AVERAGE(G1003:G1102) -> 0.0034938325 | Y28: =STDEV(H1003:H1102)/AVERAGE(H1003:H1102) -> 0.020287592 | Z28: =STDEV(I1003:I1102)/AVERAGE(I1003:I1102) -> 0.0015164536 | AA28: =STDEV(J1003:J1102)/AVERAGE(J1003:J1102) -> 0.0016770483 | AC28: =STDEV(M1003:M1102) -> 0 | AD28: =STDEV(N1003:N1102) -> 0.0053033249 | AE28: =STDEV(O1003:O1102) -> 0.018918877 | AF28: =STDEV(P1003:P1102) -> 0.0033969587 | AG28: =STDEV(Q1003:Q1102) -> 0.021023739 | AH28: =STDEV(R1003:R1102) -> 0.0014805791 | AI28: =STDEV(S1003:S1102) -> 0.0016224128
A29: Montage | B29: 25 | C29: 1 | D29: ='original data '!D29 -> 28.7148 | E29: ='original data '!F29 -> 28.7148 | F29: ='original data '!I29 -> 31.16258 | G29: ='original data '!L29 -> 28.7148 | H29: ='original data '!O29 -> 28.74417 | I29: ='original data '!R29 -> 28.64701 | J29: ='original data '!U29 -> 28.54624 | L29: M,S | M29: =D29/D29 -> 1 | N29: =E29/D29 -> 1 | O29: =F29/D29 -> 1.0852445 | P29: =G29/D29 -> 1 | Q29: =H29/D29 -> 1.0010228 | R29: =I29/D29 -> 0.9976392 | S29: =J29/D29 -> 0.99412986 | U29: =STDEV(D1103:D1202)/AVERAGE(D1103:D1202) -> 1.0302472e-15 | V29: =STDEV(E1103:E1202)/AVERAGE(E1103:E1202) -> 1.0302472e-15 | W29: =STDEV(F1103:F1202)/AVERAGE(F1103:F1202) -> 0.012799993 | X29: =STDEV(G1103:G1202)/AVERAGE(G1103:G1202) -> 0.00084189753 | Y29: =STDEV(H1103:H1202)/AVERAGE(H1103:H1202) -> 0.012948974 | Z29: =STDEV(I1103:I1202)/AVERAGE(I1103:I1202) -> 0.00096017455 | AA29: =STDEV(J1103:J1202)/AVERAGE(J1103:J1202) -> 0.001046216 | AC29: =STDEV(M1103:M1202) -> 0 | AD29: =STDEV(N1103:N1202) -> 0 | AE29: =STDEV(O1103:O1202) -> 0.013005633 | AF29: =STDEV(P1103:P1202) -> 0.00083383038 | AG29: =STDEV(Q1103:Q1202) -> 0.013257003 | AH29: =STDEV(R1103:R1202) -> 0.00095355872 | AI29: =STDEV(S1103:S1202) -> 0.0010359053
A30: Montage | B30: 25 | C30: 1 | D30: ='original data '!D30 -> 28.7148 | E30: ='original data '!F30 -> 28.65703 | F30: ='original data '!I30 -> 28.79512 | G30: ='original data '!L30 -> 28.7148 | H30: ='original data '!O30 -> 28.74417 | I30: ='original data '!R30 -> 28.64701 | J30: ='original data '!U30 -> 28.54624 | L30: M,S | M30: =D30/D30 -> 1 | N30: =E30/D30 -> 0.99798815 | O30: =F30/D30 -> 1.0027972 | P30: =G30/D30 -> 1 | Q30: =H30/D30 -> 1.0010228 | R30: =I30/D30 -> 0.9976392 | S30: =J30/D30 -> 0.99412986 | U30: =STDEV(D1203:D1302)/AVERAGE(D1203:D1302) -> 6.269782e-16 | V30: =STDEV(E1203:E1302)/AVERAGE(E1203:E1302) -> 6.269782e-16 | W30: =STDEV(F1203:F1302)/AVERAGE(F1203:F1302) -> 2.6657801e-06 | X30: =STDEV(G1203:G1302)/AVERAGE(G1203:G1302) -> 6.269782e-16 | Y30: =STDEV(H1203:H1302)/AVERAGE(H1203:H1302) -> 6.269782e-16 | Z30: =STDEV(I1203:I1302)/AVERAGE(I1203:I1302) -> 6.269782e-16 | AA30: =STDEV(J1203:J1302)/AVERAGE(J1203:J1302) -> 6.269782e-16 | AC30: =STDEV(M1203:M1302) -> 0 | AD30: =STDEV(N1203:N1302) -> 0 | AE30: =STDEV(O1203:O1302) -> 2.6657823e-06 | AF30: =STDEV(P1203:P1302) -> 0 | AG30: =STDEV(Q1203:Q1302) -> 0 | AH30: =STDEV(R1203:R1302) -> 0 | AI30: =STDEV(S1203:S1302) -> 0
A31: Montage | B31: 25 | C31: 1 | D31: ='original data '!D31 -> 28.7148 | E31: ='original data '!F31 -> 28.70478 | F31: ='original data '!I31 -> 28.86235 | G31: ='original data '!L31 -> 28.7148 | H31: ='original data '!O31 -> 28.82924 | I31: ='original data '!R31 -> 28.54624 | J31: ='original data '!U31 -> 28.5041 | L31: M,S | M31: =D31/D31 -> 1 | N31: =E31/D31 -> 0.99965105 | O31: =F31/D31 -> 1.0051385 | P31: =G31/D31 -> 1 | Q31: =H31/D31 -> 1.0039854 | R31: =I31/D31 -> 0.99412986 | S31: =J31/D31 -> 0.99266232 | U31: =STDEV(D1303:D1402)/AVERAGE(D1303:D1402) -> 1.425993e-15 | V31: =STDEV(E1303:E1402)/AVERAGE(E1303:E1402) -> 0.00059420123 | W31: =STDEV(F1303:F1402)/AVERAGE(F1303:F1402) -> 0.024718321 | X31: =STDEV(G1303:G1402)/AVERAGE(G1303:G1402) -> 0.0042796472 | Y31: =STDEV(H1303:H1402)/AVERAGE(H1303:H1402) -> 0.0083878347 | Z31: =STDEV(I1303:I1402)/AVERAGE(I1303:I1402) -> 0.0052187633 | AA31: =STDEV(J1303:J1402)/AVERAGE(J1303:J1402) -> 0.0029272145 | AC31: =STDEV(M1303:M1402) -> 0 | AD31: =STDEV(N1303:N1402) -> 0.00059415876 | AE31: =STDEV(O1303:O1402) -> 0.02552981 | AF31: =STDEV(P1303:P1402) -> 0.0041047142 | AG31: =STDEV(Q1303:Q1402) -> 0.0087402499 | AH31: =STDEV(R1303:R1402) -> 0.0050740175 | AI31: =STDEV(S1303:S1402) -> 0.0027973784
A32: Montage | B32: 25 | C32: 1 | D32: ='original data '!D32 -> 28.7148 | E32: ='original data '!F32 -> 28.7148 | F32: ='original data '!I32 -> 29.66986 | G32: ='original data '!L32 -> 28.7148 | H32: ='original data '!O32 -> 28.70029 | I32: ='original data '!R32 -> 28.64701 | J32: ='original data '!U32 -> 28.54624 | L32: M,S | M32: =D32/D32 -> 1 | N32: =E32/D32 -> 1 | O32: =F32/D32 -> 1.0332602 | P32: =G32/D32 -> 1 | Q32: =H32/D32 -> 0.99949469 | R32: =I32/D32 -> 0.9976392 | S32: =J32/D32 -> 0.99412986 | U32: =STDEV(D1403:D1502)/AVERAGE(D1403:D1502) -> 1.1570681e-15 | V32: =STDEV(E1403:E1502)/AVERAGE(E1403:E1502) -> 1.1570681e-15 | W32: =STDEV(F1403:F1502)/AVERAGE(F1403:F1502) -> 0.016112063 | X32: =STDEV(G1403:G1502)/AVERAGE(G1403:G1502) -> 0.0029161339 | Y32: =STDEV(H1403:H1502)/AVERAGE(H1403:H1502) -> 0.0073744339 | Z32: =STDEV(I1403:I1502)/AVERAGE(I1403:I1502) -> 0.0023380888 | AA32: =STDEV(J1403:J1502)/AVERAGE(J1403:J1502) -> 0.0021639425 | AC32: =STDEV(M1403:M1502) -> 0 | AD32: =STDEV(N1403:N1502) -> 0 | AE32: =STDEV(O1403:O1502) -> 0.016687257 | AF32: =STDEV(P1403:P1502) -> 0.0028193873 | AG32: =STDEV(Q1403:Q1502) -> 0.007741122 | AH32: =STDEV(R1403:R1502) -> 0.0022841353 | AI32: =STDEV(S1403:S1502) -> 0.0020895121
A33: Montage | B33: 25 | C33: 1 | D33: ='original data '!D33 -> 28.7148 | E33: ='original data '!F33 -> 28.7148 | F33: ='original data '!I33 -> 31.78771 | G33: ='original data '!L33 -> 28.7148 | H33: ='original data '!O33 -> 28.82924 | I33: ='original data '!R33 -> 28.60624 | J33: ='original data '!U33 -> 28.54624 | L33: M,S | M33: =D33/D33 -> 1 | N33: =E33/D33 -> 1 | O33: =F33/D33 -> 1.1070148 | P33: =G33/D33 -> 1 | Q33: =H33/D33 -> 1.0039854 | R33: =I33/D33 -> 0.99621937 | S33: =J33/D33 -> 0.99412986 | U33: =STDEV(D1503:D1602)/AVERAGE(D1503:D1602) -> 2.001502e-15 | V33: =STDEV(E1503:E1602)/AVERAGE(E1503:E1602) -> 0.0097063477 | W33: =STDEV(F1503:F1602)/AVERAGE(F1503:F1602) -> 0.022542593 | X33: =STDEV(G1503:G1602)/AVERAGE(G1503:G1602) -> 0.0083027054 | Y33: =STDEV(H1503:H1602)/AVERAGE(H1503:H1602) -> 0.021558496 | Z33: =STDEV(I1503:I1602)/AVERAGE(I1503:I1602) -> 0.0082860699 | AA33: =STDEV(J1503:J1602)/AVERAGE(J1503:J1602) -> 0.0053066249 | AC33: =STDEV(M1503:M1602) -> 0 | AD33: =STDEV(N1503:N1602) -> 0.0096433892 | AE33: =STDEV(O1503:O1602) -> 0.022812844 | AF33: =STDEV(P1503:P1602) -> 0.0078494453 | AG33: =STDEV(Q1503:Q1602) -> 0.022648063 | AH33: =STDEV(R1503:R1602) -> 0.0079333356 | AI33: =STDEV(S1503:S1602) -> 0.0049563854
A34: Montage | B34: 25 | C34: 1 | D34: ='original data '!D34 -> 28.7148 | E34: ='original data '!F34 -> 28.70478 | F34: ='original data '!I34 -> 28.91235 | G34: ='original data '!L34 -> 28.7148 | H34: ='original data '!O34 -> 28.70029 | I34: ='original data '!R34 -> 28.58701 | J34: ='original data '!U34 -> 28.54624 | L34: M,S | M34: =D34/D34 -> 1 | N34: =E34/D34 -> 0.99965105 | O34: =F34/D34 -> 1.0068797 | P34: =G34/D34 -> 1 | Q34: =H34/D34 -> 0.99949469 | R34: =I34/D34 -> 0.99554968 | S34: =J34/D34 -> 0.99412986 | U34: =STDEV(D1603:D1702)/AVERAGE(D1603:D1702) -> 1.802888e-15 | V34: =STDEV(E1603:E1702)/AVERAGE(E1603:E1702) -> 0.00050188139 | W34: =STDEV(F1603:F1702)/AVERAGE(F1603:F1702) -> 0.016899697 | X34: =STDEV(G1603:G1702)/AVERAGE(G1603:G1702) -> 0.001320497 | Y34: =STDEV(H1603:H1702)/AVERAGE(H1603:H1702) -> 0.0038350288 | Z34: =STDEV(I1603:I1702)/AVERAGE(I1603:I1702) -> 0.0015850243 | AA34: =STDEV(J1603:J1702)/AVERAGE(J1603:J1702) -> 0.0010586592 | AC34: =STDEV(M1603:M1702) -> 0 | AD34: =STDEV(N1603:N1702) -> 0.00050182532 | AE34: =STDEV(O1603:O1702) -> 0.017391985 | AF34: =STDEV(P1603:P1702) -> 0.0013044687 | AG34: =STDEV(Q1603:Q1702) -> 0.0038445909 | AH34: =STDEV(R1603:R1702) -> 0.0015764364 | AI34: =STDEV(S1603:S1702) -> 0.0010439787
A35: Montage | B35: 25 | C35: 1 | D35: ='original data '!D35 -> 28.7148 | E35: ='original data '!F35 -> 28.7148 | F35: ='original data '!I35 -> 30.69221 | G35: ='original data '!L35 -> 28.7148 | H35: ='original data '!O35 -> 28.70029 | I35: ='original data '!R35 -> 28.64701 | J35: ='original data '!U35 -> 28.5041 | L35: M,S | M35: =D35/D35 -> 1 | N35: =E35/D35 -> 1 | O35: =F35/D35 -> 1.0688638 | P35: =G35/D35 -> 1 | Q35: =H35/D35 -> 0.99949469 | R35: =I35/D35 -> 0.9976392 | S35: =J35/D35 -> 0.99266232 | U35: =STDEV(D1703:D1802)/AVERAGE(D1703:D1802) -> 2.3686929e-15 | V35: =STDEV(E1703:E1802)/AVERAGE(E1703:E1802) -> 2.3686929e-15 | W35: =STDEV(F1703:F1802)/AVERAGE(F1703:F1802) -> 0.0099932018 | X35: =STDEV(G1703:G1802)/AVERAGE(G1703:G1802) -> 0.0006978996 | Y35: =STDEV(H1703:H1802)/AVERAGE(H1703:H1802) -> 0.0026315327 | Z35: =STDEV(I1703:I1802)/AVERAGE(I1703:I1802) -> 0.00020431658 | AA35: =STDEV(J1703:J1802)/AVERAGE(J1703:J1802) -> 0.00043937014 | AC35: =STDEV(M1703:M1802) -> 0 | AD35: =STDEV(N1703:N1802) -> 0 | AE35: =STDEV(O1703:O1802) -> 0.010150293 | AF35: =STDEV(P1703:P1802) -> 0.00069419047 | AG35: =STDEV(Q1703:Q1802) -> 0.0026436919 | AH35: =STDEV(R1703:R1802) -> 0.00020406885 | AI35: =STDEV(S1703:S1802) -> 0.00043686526
A36: Montage | B36: 25 | C36: 1 | D36: ='original data '!D36 -> 28.7148 | E36: ='original data '!F36 -> 28.7148 | F36: ='original data '!I36 -> 28.96609 | G36: ='original data '!L36 -> 28.7148 | H36: ='original data '!O36 -> 28.70029 | I36: ='original data '!R36 -> 28.64701 | J36: ='original data '!U36 -> 28.5041 | L36: M,S | M36: =D36/D36 -> 1 | N36: =E36/D36 -> 1 | O36: =F36/D36 -> 1.0087512 | P36: =G36/D36 -> 1 | Q36: =H36/D36 -> 0.99949469 | R36: =I36/D36 -> 0.9976392 | S36: =J36/D36 -> 0.99266232 | U36: =AVERAGE(U18:U35) -> 1.2688452e-15 | V36: =AVERAGE(V18:V35) -> 0.00467439 | W36: =AVERAGE(W18:W35) -> 0.022423022 | X36: =AVERAGE(X18:X35) -> 0.0015608671 | Y36: =AVERAGE(Y18:Y35) -> 0.010098508 | Z36: =AVERAGE(Z18:Z35) -> 0.0024777775 | AA36: =AVERAGE(AA18:AA35) -> 0.0012910274 | AC36: =AVERAGE(AC18:AC35) -> 0 | AD36: =AVERAGE(AD18:AD35) -> 0.00453859 | AE36: =AVERAGE(AE18:AE35) -> 0.022197057 | AF36: =AVERAGE(AF18:AF35) -> 0.0015002222 | AG36: =AVERAGE(AG18:AG35) -> 0.010030351 | AH36: =AVERAGE(AH18:AH35) -> 0.0023922148 | AI36: =AVERAGE(AI18:AI35) -> 0.001229767
A37: Montage | B37: 25 | C37: 1 | D37: ='original data '!D37 -> 28.7148 | E37: ='original data '!F37 -> 28.7148 | F37: ='original data '!I37 -> 28.76296 | G37: ='original data '!L37 -> 28.7148 | H37: ='original data '!O37 -> 28.74417 | I37: ='original data '!R37 -> 28.64701 | J37: ='original data '!U37 -> 28.54624 | L37: M,S | M37: =D37/D37 -> 1 | N37: =E37/D37 -> 1 | O37: =F37/D37 -> 1.0016772 | P37: =G37/D37 -> 1 | Q37: =H37/D37 -> 1.0010228 | R37: =I37/D37 -> 0.9976392 | S37: =J37/D37 -> 0.99412986
A38: Montage | B38: 25 | C38: 1 | D38: ='original data '!D38 -> 28.7148 | E38: ='original data '!F38 -> 28.7148 | F38: ='original data '!I38 -> 30.83553 | G38: ='original data '!L38 -> 28.7148 | H38: ='original data '!O38 -> 28.70029 | I38: ='original data '!R38 -> 28.58701 | J38: ='original data '!U38 -> 28.54624 | L38: M,S | M38: =D38/D38 -> 1 | N38: =E38/D38 -> 1 | O38: =F38/D38 -> 1.0738549 | P38: =G38/D38 -> 1 | Q38: =H38/D38 -> 0.99949469 | R38: =I38/D38 -> 0.99554968 | S38: =J38/D38 -> 0.99412986
A39: Montage | B39: 25 | C39: 1 | D39: ='original data '!D39 -> 28.7148 | E39: ='original data '!F39 -> 28.65703 | F39: ='original data '!I39 -> 28.87735 | G39: ='original data '!L39 -> 28.7148 | H39: ='original data '!O39 -> 28.74417 | I39: ='original data '!R39 -> 28.64701 | J39: ='original data '!U39 -> 28.5041 | L39: M,S | M39: =D39/D39 -> 1 | N39: =E39/D39 -> 0.99798815 | O39: =F39/D39 -> 1.0056608 | P39: =G39/D39 -> 1 | Q39: =H39/D39 -> 1.0010228 | R39: =I39/D39 -> 0.9976392 | S39: =J39/D39 -> 0.99266232
A40: Montage | B40: 25 | C40: 1 | D40: ='original data '!D40 -> 28.7148 | E40: ='original data '!F40 -> 28.7148 | F40: ='original data '!I40 -> 28.85012 | G40: ='original data '!L40 -> 28.7148 | H40: ='original data '!O40 -> 28.74417 | I40: ='original data '!R40 -> 28.64701 | J40: ='original data '!U40 -> 28.5041 | L40: M,S | M40: =D40/D40 -> 1 | N40: =E40/D40 -> 1 | O40: =F40/D40 -> 1.0047126 | P40: =G40/D40 -> 1 | Q40: =H40/D40 -> 1.0010228 | R40: =I40/D40 -> 0.9976392 | S40: =J40/D40 -> 0.99266232
A41: Montage | B41: 25 | C41: 1 | D41: ='original data '!D41 -> 28.7148 | E41: ='original data '!F41 -> 28.7148 | F41: ='original data '!I41 -> 28.63568 | G41: ='original data '!L41 -> 28.7148 | H41: ='original data '!O41 -> 28.77061 | I41: ='original data '!R41 -> 28.64701 | J41: ='original data '!U41 -> 28.5041 | L41: M,S | M41: =D41/D41 -> 1 | N41: =E41/D41 -> 1 | O41: =F41/D41 -> 0.99724463 | P41: =G41/D41 -> 1 | Q41: =H41/D41 -> 1.0019436 | R41: =I41/D41 -> 0.9976392 | S41: =J41/D41 -> 0.99266232
A42: Montage | B42: 25 | C42: 1 | D42: ='original data '!D42 -> 28.7148 | E42: ='original data '!F42 -> 28.65703 | F42: ='original data '!I42 -> 28.72901 | G42: ='original data '!L42 -> 28.7148 | H42: ='original data '!O42 -> 28.74417 | I42: ='original data '!R42 -> 28.54624 | J42: ='original data '!U42 -> 28.5041 | L42: M,S | M42: =D42/D42 -> 1 | N42: =E42/D42 -> 0.99798815 | O42: =F42/D42 -> 1.0004949 | P42: =G42/D42 -> 1 | Q42: =H42/D42 -> 1.0010228 | R42: =I42/D42 -> 0.99412986 | S42: =J42/D42 -> 0.99266232
A43: Montage | B43: 25 | C43: 1 | D43: ='original data '!D43 -> 28.7148 | E43: ='original data '!F43 -> 28.7148 | F43: ='original data '!I43 -> 29.96079 | G43: ='original data '!L43 -> 28.7148 | H43: ='original data '!O43 -> 28.70029 | I43: ='original data '!R43 -> 28.64701 | J43: ='original data '!U43 -> 28.5041 | L43: M,S | M43: =D43/D43 -> 1 | N43: =E43/D43 -> 1 | O43: =F43/D43 -> 1.0433919 | P43: =G43/D43 -> 1 | Q43: =H43/D43 -> 0.99949469 | R43: =I43/D43 -> 0.9976392 | S43: =J43/D43 -> 0.99266232
A44: Montage | B44: 25 | C44: 1 | D44: ='original data '!D44 -> 28.7148 | E44: ='original data '!F44 -> 28.7148 | F44: ='original data '!I44 -> 28.56187 | G44: ='original data '!L44 -> 28.7148 | H44: ='original data '!O44 -> 28.81417 | I44: ='original data '!R44 -> 28.64701 | J44: ='original data '!U44 -> 28.5041 | L44: M,S | M44: =D44/D44 -> 1 | N44: =E44/D44 -> 1 | O44: =F44/D44 -> 0.99467417 | P44: =G44/D44 -> 1 | Q44: =H44/D44 -> 1.0034606 | R44: =I44/D44 -> 0.9976392 | S44: =J44/D44 -> 0.99266232
A45: Montage | B45: 25 | C45: 1 | D45: ='original data '!D45 -> 28.7148 | E45: ='original data '!F45 -> 28.7148 | F45: ='original data '!I45 -> 29.00735 | G45: ='original data '!L45 -> 28.7148 | H45: ='original data '!O45 -> 28.74417 | I45: ='original data '!R45 -> 28.54624 | J45: ='original data '!U45 -> 28.5041 | L45: M,S | M45: =D45/D45 -> 1 | N45: =E45/D45 -> 1 | O45: =F45/D45 -> 1.0101881 | P45: =G45/D45 -> 1 | Q45: =H45/D45 -> 1.0010228 | R45: =I45/D45 -> 0.99412986 | S45: =J45/D45 -> 0.99266232
A46: Montage | B46: 25 | C46: 1 | D46: ='original data '!D46 -> 28.7148 | E46: ='original data '!F46 -> 28.7148 | F46: ='original data '!I46 -> 28.95529 | G46: ='original data '!L46 -> 28.7148 | H46: ='original data '!O46 -> 28.77296 | I46: ='original data '!R46 -> 28.64701 | J46: ='original data '!U46 -> 28.54624 | L46: M,S | M46: =D46/D46 -> 1 | N46: =E46/D46 -> 1 | O46: =F46/D46 -> 1.0083751 | P46: =G46/D46 -> 1 | Q46: =H46/D46 -> 1.0020254 | R46: =I46/D46 -> 0.9976392 | S46: =J46/D46 -> 0.99412986
A47: Montage | B47: 25 | C47: 1 | D47: ='original data '!D47 -> 28.7148 | E47: ='original data '!F47 -> 28.70478 | F47: ='original data '!I47 -> 30.75082 | G47: ='original data '!L47 -> 28.7148 | H47: ='original data '!O47 -> 28.70029 | I47: ='original data '!R47 -> 28.64701 | J47: ='original data '!U47 -> 28.5041 | L47: M,S | M47: =D47/D47 -> 1 | N47: =E47/D47 -> 0.99965105 | O47: =F47/D47 -> 1.0709049 | P47: =G47/D47 -> 1 | Q47: =H47/D47 -> 0.99949469 | R47: =I47/D47 -> 0.9976392 | S47: =J47/D47 -> 0.99266232
A48: Montage | B48: 25 | C48: 1 | D48: ='original data '!D48 -> 28.7148 | E48: ='original data '!F48 -> 28.7148 | F48: ='original data '!I48 -> 28.8914 | G48: ='original data '!L48 -> 28.7148 | H48: ='original data '!O48 -> 28.74417 | I48: ='original data '!R48 -> 28.64701 | J48: ='original data '!U48 -> 28.54624 | L48: M,S | M48: =D48/D48 -> 1 | N48: =E48/D48 -> 1 | O48: =F48/D48 -> 1.0061501 | P48: =G48/D48 -> 1 | Q48: =H48/D48 -> 1.0010228 | R48: =I48/D48 -> 0.9976392 | S48: =J48/D48 -> 0.99412986
... A1802: fft | B1802: 224 | C1802: 1 | D1802: ='original data '!D1802 -> 72.35609 | E1802: ='original data '!F1802 -> 72.35609 | F1802: ='original data '!I1802 -> 72.90048 | G1802: ='original data '!L1802 -> 71.94765 | H1802: ='original data '!O1802 -> 72.63722 | I1802: ='original data '!R1802 -> 72.26319 | J1802: ='original data '!U1802 -> 71.93967 | L1802: F,L | M1802: =D1802/D1802 -> 1 | N1802: =E1802/D1802 -> 1 | O1802: =F1802/D1802 -> 1.0075238 | P1802: =G1802/D1802 -> 0.99435514 | Q1802: =H1802/D1802 -> 1.0038854 | R1802: =I1802/D1802 -> 0.99871607 | S1802: =J1802/D1802 -> 0.99424485

Sheet Confidence 
F1: HEFT | G1: HGA | H1: LWSGA | I1: APRE_EDA | J1: HPSO | K1: R2GA | L1: HEDA | V1: HEFT | W1: HGA | X1: LWSGA | Y1: APRE_EDA | Z1: HPSO | AA1: R2GA
F2: ms | G2: ms | H2: ms | I2: ms | J2: ms | K2: ms | L2: ms | N2: HEFT | O2: HGA | P2: LWSGA | Q2: APRE_EDA | R2: HPSO | S2: R2GA | U2: M,S | V2: =SUM(N3:N102)/100 -> 1 | W2: =SUM(O3:O102)/100 -> 1 | X2: =SUM(P3:P102)/100 -> 1 | Y2: =SUM(Q3:Q102)/100 -> 1 | Z2: =SUM(R3:R102)/100 -> 1 | AA2: =SUM(S3:S102)/100 -> 1
A3: Montage | B3: 25 | E3: 1 | F3: ='original data '!D3 -> 28.7148 | G3: ='original data '!F3 -> 28.7148 | H3: ='original data '!I3 -> 28.72703 | I3: ='original data '!L3 -> 28.7148 | J3: ='original data '!O3 -> 28.65213 | K3: ='original data '!R3 -> 28.64701 | L3: ='original data '!U3 -> 28.5041 | N3: =IF($L3<=F3,1,0) -> 1 | O3: =IF($L3<=G3,1,0) -> 1 | P3: =IF($L3<=H3,1,0) -> 1 | Q3: =IF($L3<=I3,1,0) -> 1 | R3: =IF($L3<=J3,1,0) -> 1 | S3: =IF($L3<=K3,1,0) -> 1 | U3: M,M | V3: =SUM(N103:N202)/100 -> 1 | W3: =SUM(O103:O202)/100 -> 1 | X3: =SUM(P103:P202)/100 -> 1 | Y3: =SUM(Q103:Q202)/100 -> 1 | Z3: =SUM(R103:R202)/100 -> 1 | AA3: =SUM(S103:S202)/100 -> 0.45
A4: Montage | B4: 25 | E4: 1 | F4: ='original data '!D4 -> 28.7148 | G4: ='original data '!F4 -> 28.7148 | H4: ='original data '!I4 -> 28.87217 | I4: ='original data '!L4 -> 28.7148 | J4: ='original data '!O4 -> 28.70029 | K4: ='original data '!R4 -> 28.59203 | L4: ='original data '!U4 -> 28.54624 | N4: =IF($L4<=F4,1,0) -> 1 | O4: =IF($L4<=G4,1,0) -> 1 | P4: =IF($L4<=H4,1,0) -> 1 | Q4: =IF($L4<=I4,1,0) -> 1 | R4: =IF($L4<=J4,1,0) -> 1 | S4: =IF($L4<=K4,1,0) -> 1 | U4: M,L | V4: =SUM(N203:N302)/100 -> 1 | W4: =SUM(O203:O302)/100 -> 1 | X4: =SUM(P203:P302)/100 -> 1 | Y4: =SUM(Q203:Q302)/100 -> 1 | Z4: =SUM(R203:R302)/100 -> 1 | AA4: =SUM(S203:S302)/100 -> 1
A5: Montage | B5: 25 | E5: 1 | F5: ='original data '!D5 -> 28.7148 | G5: ='original data '!F5 -> 28.7148 | H5: ='original data '!I5 -> 30.11037 | I5: ='original data '!L5 -> 28.7148 | J5: ='original data '!O5 -> 28.77029 | K5: ='original data '!R5 -> 28.64701 | L5: ='original data '!U5 -> 28.5041 | N5: =IF($L5<=F5,1,0) -> 1 | O5: =IF($L5<=G5,1,0) -> 1 | P5: =IF($L5<=H5,1,0) -> 1 | Q5: =IF($L5<=I5,1,0) -> 1 | R5: =IF($L5<=J5,1,0) -> 1 | S5: =IF($L5<=K5,1,0) -> 1 | U5: C,S | V5: =SUM(N303:N402)/100 -> 1 | W5: =SUM(O303:O402)/100 -> 1 | X5: =SUM(P303:P402)/100 -> 1 | Y5: =SUM(Q303:Q402)/100 -> 1 | Z5: =SUM(R303:R402)/100 -> 1 | AA5: =SUM(S303:S402)/100 -> 1
A6: Montage | B6: 25 | E6: 1 | F6: ='original data '!D6 -> 28.7148 | G6: ='original data '!F6 -> 28.7148 | H6: ='original data '!I6 -> 29.87502 | I6: ='original data '!L6 -> 28.7148 | J6: ='original data '!O6 -> 28.74417 | K6: ='original data '!R6 -> 28.54624 | L6: ='original data '!U6 -> 28.54624 | N6: =IF($L6<=F6,1,0) -> 1 | O6: =IF($L6<=G6,1,0) -> 1 | P6: =IF($L6<=H6,1,0) -> 1 | Q6: =IF($L6<=I6,1,0) -> 1 | R6: =IF($L6<=J6,1,0) -> 1 | S6: =IF($L6<=K6,1,0) -> 1 | U6: C,M | V6: =SUM(N403:N502)/100 -> 1 | W6: =SUM(O403:O502)/100 -> 1 | X6: =SUM(P403:P502)/100 -> 1 | Y6: =SUM(Q403:Q502)/100 -> 1 | Z6: =SUM(R403:R502)/100 -> 1 | AA6: =SUM(S403:S502)/100 -> 0.98
A7: Montage | B7: 25 | E7: 1 | F7: ='original data '!D7 -> 28.7148 | G7: ='original data '!F7 -> 28.7148 | H7: ='original data '!I7 -> 28.8863 | I7: ='original data '!L7 -> 28.7148 | J7: ='original data '!O7 -> 28.74417 | K7: ='original data '!R7 -> 28.58701 | L7: ='original data '!U7 -> 28.54624 | N7: =IF($L7<=F7,1,0) -> 1 | O7: =IF($L7<=G7,1,0) -> 1 | P7: =IF($L7<=H7,1,0) -> 1 | Q7: =IF($L7<=I7,1,0) -> 1 | R7: =IF($L7<=J7,1,0) -> 1 | S7: =IF($L7<=K7,1,0) -> 1 | U7: C,L | V7: =SUM(N503:N602)/100 -> 1 | W7: =SUM(O503:O602)/100 -> 1 | X7: =SUM(P503:P602)/100 -> 1 | Y7: =SUM(Q503:Q602)/100 -> 1 | Z7: =SUM(R503:R602)/100 -> 1 | AA7: =SUM(S503:S602)/100 -> 1
A8: Montage | B8: 25 | E8: 1 | F8: ='original data '!D8 -> 28.7148 | G8: ='original data '!F8 -> 28.7148 | H8: ='original data '!I8 -> 30.80614 | I8: ='original data '!L8 -> 28.7148 | J8: ='original data '!O8 -> 28.74417 | K8: ='original data '!R8 -> 28.64701 | L8: ='original data '!U8 -> 28.5041 | N8: =IF($L8<=F8,1,0) -> 1 | O8: =IF($L8<=G8,1,0) -> 1 | P8: =IF($L8<=H8,1,0) -> 1 | Q8: =IF($L8<=I8,1,0) -> 1 | R8: =IF($L8<=J8,1,0) -> 1 | S8: =IF($L8<=K8,1,0) -> 1 | U8: E,S | V8: =SUM(N603:N702)/100 -> 1 | W8: =SUM(O603:O702)/100 -> 1 | X8: =SUM(P603:P702)/100 -> 1 | Y8: =SUM(Q603:Q702)/100 -> 1 | Z8: =SUM(R603:R702)/100 -> 1 | AA8: =SUM(S603:S702)/100 -> 1
A9: Montage | B9: 25 | E9: 1 | F9: ='original data '!D9 -> 28.7148 | G9: ='original data '!F9 -> 28.7148 | H9: ='original data '!I9 -> 30.82263 | I9: ='original data '!L9 -> 28.7148 | J9: ='original data '!O9 -> 28.70029 | K9: ='original data '!R9 -> 28.64701 | L9: ='original data '!U9 -> 28.54624 | N9: =IF($L9<=F9,1,0) -> 1 | O9: =IF($L9<=G9,1,0) -> 1 | P9: =IF($L9<=H9,1,0) -> 1 | Q9: =IF($L9<=I9,1,0) -> 1 | R9: =IF($L9<=J9,1,0) -> 1 | S9: =IF($L9<=K9,1,0) -> 1 | U9: E,M | V9: =SUM(N703:N802)/100 -> 1 | W9: =SUM(O703:O802)/100 -> 1 | X9: =SUM(P703:P802)/100 -> 1 | Y9: =SUM(Q703:Q802)/100 -> 1 | Z9: =SUM(R703:R802)/100 -> 1 | AA9: =SUM(S703:S802)/100 -> 0.99
A10: Montage | B10: 25 | E10: 1 | F10: ='original data '!D10 -> 28.7148 | G10: ='original data '!F10 -> 28.7148 | H10: ='original data '!I10 -> 28.63568 | I10: ='original data '!L10 -> 28.7148 | J10: ='original data '!O10 -> 28.70029 | K10: ='original data '!R10 -> 28.64701 | L10: ='original data '!U10 -> 28.54624 | N10: =IF($L10<=F10,1,0) -> 1 | O10: =IF($L10<=G10,1,0) -> 1 | P10: =IF($L10<=H10,1,0) -> 1 | Q10: =IF($L10<=I10,1,0) -> 1 | R10: =IF($L10<=J10,1,0) -> 1 | S10: =IF($L10<=K10,1,0) -> 1 | U10: E,L | V10: =SUM(N803:N902)/100 -> 1 | W10: =SUM(O803:O902)/100 -> 1 | X10: =SUM(P803:P902)/100 -> 1 | Y10: =SUM(Q803:Q902)/100 -> 0.9 | Z10: =SUM(R803:R902)/100 -> 1 | AA10: =SUM(S803:S902)/100 -> 1
A11: Montage | B11: 25 | E11: 1 | F11: ='original data '!D11 -> 28.7148 | G11: ='original data '!F11 -> 28.7148 | H11: ='original data '!I11 -> 28.71203 | I11: ='original data '!L11 -> 28.7148 | J11: ='original data '!O11 -> 28.74417 | K11: ='original data '!R11 -> 28.64701 | L11: ='original data '!U11 -> 28.54624 | N11: =IF($L11<=F11,1,0) -> 1 | O11: =IF($L11<=G11,1,0) -> 1 | P11: =IF($L11<=H11,1,0) -> 1 | Q11: =IF($L11<=I11,1,0) -> 1 | R11: =IF($L11<=J11,1,0) -> 1 | S11: =IF($L11<=K11,1,0) -> 1 | U11: L,S | V11: =SUM(N903:N1002)/100 -> 1 | W11: =SUM(O903:O1002)/100 -> 0.99 | X11: =SUM(P903:P1002)/100 -> 0.71 | Y11: =SUM(Q903:Q1002)/100 -> 0.98 | Z11: =SUM(R903:R1002)/100 -> 0.95 | AA11: =SUM(S903:S1002)/100 -> 0.11
A12: Montage | B12: 25 | E12: 1 | F12: ='original data '!D12 -> 28.7148 | G12: ='original data '!F12 -> 28.7148 | H12: ='original data '!I12 -> 28.90608 | I12: ='original data '!L12 -> 28.7148 | J12: ='original data '!O12 -> 28.74417 | K12: ='original data '!R12 -> 28.60624 | L12: ='original data '!U12 -> 28.54624 | N12: =IF($L12<=F12,1,0) -> 1 | O12: =IF($L12<=G12,1,0) -> 1 | P12: =IF($L12<=H12,1,0) -> 1 | Q12: =IF($L12<=I12,1,0) -> 1 | R12: =IF($L12<=J12,1,0) -> 1 | S12: =IF($L12<=K12,1,0) -> 1 | U12: L,M | V12: =SUM(N1003:N1102)/100 -> 1 | W12: =SUM(O1003:O1102)/100 -> 1 | X12: =SUM(P1003:P1102)/100 -> 1 | Y12: =SUM(Q1003:Q1102)/100 -> 0.95 | Z12: =SUM(R1003:R1102)/100 -> 1 | AA12: =SUM(S1003:S1102)/100 -> 0.99
A13: Montage | B13: 25 | E13: 1 | F13: ='original data '!D13 -> 28.7148 | G13: ='original data '!F13 -> 28.7148 | H13: ='original data '!I13 -> 28.65703 | I13: ='original data '!L13 -> 28.7148 | J13: ='original data '!O13 -> 28.75296 | K13: ='original data '!R13 -> 28.54624 | L13: ='original data '!U13 -> 28.54624 | N13: =IF($L13<=F13,1,0) -> 1 | O13: =IF($L13<=G13,1,0) -> 1 | P13: =IF($L13<=H13,1,0) -> 1 | Q13: =IF($L13<=I13,1,0) -> 1 | R13: =IF($L13<=J13,1,0) -> 1 | S13: =IF($L13<=K13,1,0) -> 1 | U13: L,L | V13: =SUM(N1103:N1202)/100 -> 1 | W13: =SUM(O1103:O1202)/100 -> 1 | X13: =SUM(P1103:P1202)/100 -> 1 | Y13: =SUM(Q1103:Q1202)/100 -> 0.61 | Z13: =SUM(R1103:R1202)/100 -> 1 | AA13: =SUM(S1103:S1202)/100 -> 0.95
A14: Montage | B14: 25 | E14: 1 | F14: ='original data '!D14 -> 28.7148 | G14: ='original data '!F14 -> 28.7148 | H14: ='original data '!I14 -> 29.00328 | I14: ='original data '!L14 -> 28.7148 | J14: ='original data '!O14 -> 28.74417 | K14: ='original data '!R14 -> 28.59203 | L14: ='original data '!U14 -> 28.5041 | N14: =IF($L14<=F14,1,0) -> 1 | O14: =IF($L14<=G14,1,0) -> 1 | P14: =IF($L14<=H14,1,0) -> 1 | Q14: =IF($L14<=I14,1,0) -> 1 | R14: =IF($L14<=J14,1,0) -> 1 | S14: =IF($L14<=K14,1,0) -> 1 | U14: G,S | V14: =SUM(N1203:N1302)/100 -> 1 | W14: =SUM(O1203:O1302)/100 -> 1 | X14: =SUM(P1203:P1302)/100 -> 1 | Y14: =SUM(Q1203:Q1302)/100 -> 1 | Z14: =SUM(R1203:R1302)/100 -> 1 | AA14: =SUM(S1203:S1302)/100 -> 1
A15: Montage | B15: 25 | E15: 1 | F15: ='original data '!D15 -> 28.7148 | G15: ='original data '!F15 -> 28.64701 | H15: ='original data '!I15 -> 29.08495 | I15: ='original data '!L15 -> 28.7148 | J15: ='original data '!O15 -> 28.74417 | K15: ='original data '!R15 -> 28.64701 | L15: ='original data '!U15 -> 28.54624 | N15: =IF($L15<=F15,1,0) -> 1 | O15: =IF($L15<=G15,1,0) -> 1 | P15: =IF($L15<=H15,1,0) -> 1 | Q15: =IF($L15<=I15,1,0) -> 1 | R15: =IF($L15<=J15,1,0) -> 1 | S15: =IF($L15<=K15,1,0) -> 1 | U15: G,M | V15: =SUM(N1303:N1402)/100 -> 1 | W15: =SUM(O1303:O1402)/100 -> 1 | X15: =SUM(P1303:P1402)/100 -> 1 | Y15: =SUM(Q1303:Q1402)/100 -> 0.81 | Z15: =SUM(R1303:R1402)/100 -> 1 | AA15: =SUM(S1303:S1402)/100 -> 1
A16: Montage | B16: 25 | E16: 1 | F16: ='original data '!D16 -> 28.7148 | G16: ='original data '!F16 -> 28.7148 | H16: ='original data '!I16 -> 31.3647 | I16: ='original data '!L16 -> 28.7148 | J16: ='original data '!O16 -> 28.70029 | K16: ='original data '!R16 -> 28.54624 | L16: ='original data '!U16 -> 28.54624 | N16: =IF($L16<=F16,1,0) -> 1 | O16: =IF($L16<=G16,1,0) -> 1 | P16: =IF($L16<=H16,1,0) -> 1 | Q16: =IF($L16<=I16,1,0) -> 1 | R16: =IF($L16<=J16,1,0) -> 1 | S16: =IF($L16<=K16,1,0) -> 1 | U16: G,L | V16: =SUM(N1403:N1502)/100 -> 1 | W16: =SUM(O1403:O1502)/100 -> 1 | X16: =SUM(P1403:P1502)/100 -> 1 | Y16: =SUM(Q1403:Q1502)/100 -> 0.63 | Z16: =SUM(R1403:R1502)/100 -> 1 | AA16: =SUM(S1403:S1502)/100 -> 1
A17: Montage | B17: 25 | E17: 1 | F17: ='original data '!D17 -> 28.7148 | G17: ='original data '!F17 -> 28.7148 | H17: ='original data '!I17 -> 31.11252 | I17: ='original data '!L17 -> 28.7148 | J17: ='original data '!O17 -> 28.70029 | K17: ='original data '!R17 -> 28.54624 | L17: ='original data '!U17 -> 28.54624 | N17: =IF($L17<=F17,1,0) -> 1 | O17: =IF($L17<=G17,1,0) -> 1 | P17: =IF($L17<=H17,1,0) -> 1 | Q17: =IF($L17<=I17,1,0) -> 1 | R17: =IF($L17<=J17,1,0) -> 1 | S17: =IF($L17<=K17,1,0) -> 1 | U17: F,S | V17: =SUM(N1503:N1602)/100 -> 1 | W17: =SUM(O1503:O1602)/100 -> 1 | X17: =SUM(P1503:P1602)/100 -> 1 | Y17: =SUM(Q1503:Q1602)/100 -> 0.92 | Z17: =SUM(R1503:R1602)/100 -> 1 | AA17: =SUM(S1503:S1602)/100 -> 1
A18: Montage | B18: 25 | E18: 1 | F18: ='original data '!D18 -> 28.7148 | G18: ='original data '!F18 -> 28.7148 | H18: ='original data '!I18 -> 28.72933 | I18: ='original data '!L18 -> 28.7148 | J18: ='original data '!O18 -> 28.82529 | K18: ='original data '!R18 -> 28.54624 | L18: ='original data '!U18 -> 28.54624 | N18: =IF($L18<=F18,1,0) -> 1 | O18: =IF($L18<=G18,1,0) -> 1 | P18: =IF($L18<=H18,1,0) -> 1 | Q18: =IF($L18<=I18,1,0) -> 1 | R18: =IF($L18<=J18,1,0) -> 1 | S18: =IF($L18<=K18,1,0) -> 1 | U18: F,M | V18: =SUM(N1603:N1702)/100 -> 1 | W18: =SUM(O1603:O1702)/100 -> 1 | X18: =SUM(P1603:P1702)/100 -> 1 | Y18: =SUM(Q1603:Q1702)/100 -> 0.89 | Z18: =SUM(R1603:R1702)/100 -> 1 | AA18: =SUM(S1603:S1702)/100 -> 1
A19: Montage | B19: 25 | E19: 1 | F19: ='original data '!D19 -> 28.7148 | G19: ='original data '!F19 -> 28.7148 | H19: ='original data '!I19 -> 29.864 | I19: ='original data '!L19 -> 28.7148 | J19: ='original data '!O19 -> 28.70029 | K19: ='original data '!R19 -> 28.60624 | L19: ='original data '!U19 -> 28.5041 | N19: =IF($L19<=F19,1,0) -> 1 | O19: =IF($L19<=G19,1,0) -> 1 | P19: =IF($L19<=H19,1,0) -> 1 | Q19: =IF($L19<=I19,1,0) -> 1 | R19: =IF($L19<=J19,1,0) -> 1 | S19: =IF($L19<=K19,1,0) -> 1 | U19: F,L | V19: =SUM(N1703:N1802)/100 -> 1 | W19: =SUM(O1703:O1802)/100 -> 1 | X19: =SUM(P1703:P1802)/100 -> 1 | Y19: =SUM(Q1703:Q1802)/100 -> 0.71 | Z19: =SUM(R1703:R1802)/100 -> 1 | AA19: =SUM(S1703:S1802)/100 -> 1
A20: Montage | B20: 25 | E20: 1 | F20: ='original data '!D20 -> 28.7148 | G20: ='original data '!F20 -> 28.70478 | H20: ='original data '!I20 -> 30.81114 | I20: ='original data '!L20 -> 28.7148 | J20: ='original data '!O20 -> 28.82924 | K20: ='original data '!R20 -> 28.64701 | L20: ='original data '!U20 -> 28.54624 | N20: =IF($L20<=F20,1,0) -> 1 | O20: =IF($L20<=G20,1,0) -> 1 | P20: =IF($L20<=H20,1,0) -> 1 | Q20: =IF($L20<=I20,1,0) -> 1 | R20: =IF($L20<=J20,1,0) -> 1 | S20: =IF($L20<=K20,1,0) -> 1 | V20: =AVERAGE(V2:V19) -> 1 | W20: =AVERAGE(W2:W19) -> 0.99944444 | X20: =AVERAGE(X2:X19) -> 0.98388889 | Y20: =AVERAGE(Y2:Y19) -> 0.91111111 | Z20: =AVERAGE(Z2:Z19) -> 0.99722222 | AA20: =AVERAGE(AA2:AA19) -> 0.915
A21: Montage | B21: 25 | E21: 1 | F21: ='original data '!D21 -> 28.7148 | G21: ='original data '!F21 -> 28.7148 | H21: ='original data '!I21 -> 28.79363 | I21: ='original data '!L21 -> 28.7148 | J21: ='original data '!O21 -> 29.98095 | K21: ='original data '!R21 -> 28.64701 | L21: ='original data '!U21 -> 28.54624 | N21: =IF($L21<=F21,1,0) -> 1 | O21: =IF($L21<=G21,1,0) -> 1 | P21: =IF($L21<=H21,1,0) -> 1 | Q21: =IF($L21<=I21,1,0) -> 1 | R21: =IF($L21<=J21,1,0) -> 1 | S21: =IF($L21<=K21,1,0) -> 1
A22: Montage | B22: 25 | E22: 1 | F22: ='original data '!D22 -> 28.7148 | G22: ='original data '!F22 -> 28.7148 | H22: ='original data '!I22 -> 30.73727 | I22: ='original data '!L22 -> 28.7148 | J22: ='original data '!O22 -> 28.74417 | K22: ='original data '!R22 -> 28.64203 | L22: ='original data '!U22 -> 28.58701 | N22: =IF($L22<=F22,1,0) -> 1 | O22: =IF($L22<=G22,1,0) -> 1 | P22: =IF($L22<=H22,1,0) -> 1 | Q22: =IF($L22<=I22,1,0) -> 1 | R22: =IF($L22<=J22,1,0) -> 1 | S22: =IF($L22<=K22,1,0) -> 1
A23: Montage | B23: 25 | E23: 1 | F23: ='original data '!D23 -> 28.7148 | G23: ='original data '!F23 -> 28.7148 | H23: ='original data '!I23 -> 29.747 | I23: ='original data '!L23 -> 28.7148 | J23: ='original data '!O23 -> 28.74417 | K23: ='original data '!R23 -> 28.64701 | L23: ='original data '!U23 -> 28.5041 | N23: =IF($L23<=F23,1,0) -> 1 | O23: =IF($L23<=G23,1,0) -> 1 | P23: =IF($L23<=H23,1,0) -> 1 | Q23: =IF($L23<=I23,1,0) -> 1 | R23: =IF($L23<=J23,1,0) -> 1 | S23: =IF($L23<=K23,1,0) -> 1
A24: Montage | B24: 25 | E24: 1 | F24: ='original data '!D24 -> 28.7148 | G24: ='original data '!F24 -> 28.7148 | H24: ='original data '!I24 -> 30.72959 | I24: ='original data '!L24 -> 28.7148 | J24: ='original data '!O24 -> 28.70029 | K24: ='original data '!R24 -> 28.60624 | L24: ='original data '!U24 -> 28.54624 | N24: =IF($L24<=F24,1,0) -> 1 | O24: =IF($L24<=G24,1,0) -> 1 | P24: =IF($L24<=H24,1,0) -> 1 | Q24: =IF($L24<=I24,1,0) -> 1 | R24: =IF($L24<=J24,1,0) -> 1 | S24: =IF($L24<=K24,1,0) -> 1
A25: Montage | B25: 25 | E25: 1 | F25: ='original data '!D25 -> 28.7148 | G25: ='original data '!F25 -> 28.7148 | H25: ='original data '!I25 -> 28.8651 | I25: ='original data '!L25 -> 28.7148 | J25: ='original data '!O25 -> 28.82924 | K25: ='original data '!R25 -> 28.64701 | L25: ='original data '!U25 -> 28.54624 | N25: =IF($L25<=F25,1,0) -> 1 | O25: =IF($L25<=G25,1,0) -> 1 | P25: =IF($L25<=H25,1,0) -> 1 | Q25: =IF($L25<=I25,1,0) -> 1 | R25: =IF($L25<=J25,1,0) -> 1 | S25: =IF($L25<=K25,1,0) -> 1
A26: Montage | B26: 25 | E26: 1 | F26: ='original data '!D26 -> 28.7148 | G26: ='original data '!F26 -> 28.7148 | H26: ='original data '!I26 -> 31.96014 | I26: ='original data '!L26 -> 28.7148 | J26: ='original data '!O26 -> 28.70029 | K26: ='original data '!R26 -> 28.54624 | L26: ='original data '!U26 -> 28.5041 | N26: =IF($L26<=F26,1,0) -> 1 | O26: =IF($L26<=G26,1,0) -> 1 | P26: =IF($L26<=H26,1,0) -> 1 | Q26: =IF($L26<=I26,1,0) -> 1 | R26: =IF($L26<=J26,1,0) -> 1 | S26: =IF($L26<=K26,1,0) -> 1
A27: Montage | B27: 25 | E27: 1 | F27: ='original data '!D27 -> 28.7148 | G27: ='original data '!F27 -> 28.70478 | H27: ='original data '!I27 -> 31.98679 | I27: ='original data '!L27 -> 28.7148 | J27: ='original data '!O27 -> 28.65245 | K27: ='original data '!R27 -> 28.64701 | L27: ='original data '!U27 -> 28.5041 | N27: =IF($L27<=F27,1,0) -> 1 | O27: =IF($L27<=G27,1,0) -> 1 | P27: =IF($L27<=H27,1,0) -> 1 | Q27: =IF($L27<=I27,1,0) -> 1 | R27: =IF($L27<=J27,1,0) -> 1 | S27: =IF($L27<=K27,1,0) -> 1
A28: Montage | B28: 25 | E28: 1 | F28: ='original data '!D28 -> 28.7148 | G28: ='original data '!F28 -> 28.70478 | H28: ='original data '!I28 -> 29.864 | I28: ='original data '!L28 -> 28.7148 | J28: ='original data '!O28 -> 28.70029 | K28: ='original data '!R28 -> 28.64701 | L28: ='original data '!U28 -> 28.54624 | N28: =IF($L28<=F28,1,0) -> 1 | O28: =IF($L28<=G28,1,0) -> 1 | P28: =IF($L28<=H28,1,0) -> 1 | Q28: =IF($L28<=I28,1,0) -> 1 | R28: =IF($L28<=J28,1,0) -> 1 | S28: =IF($L28<=K28,1,0) -> 1
A29: Montage | B29: 25 | E29: 1 | F29: ='original data '!D29 -> 28.7148 | G29: ='original data '!F29 -> 28.7148 | H29: ='original data '!I29 -> 31.16258 | I29: ='original data '!L29 -> 28.7148 | J29: ='original data '!O29 -> 28.74417 | K29: ='original data '!R29 -> 28.64701 | L29: ='original data '!U29 -> 28.54624 | N29: =IF($L29<=F29,1,0) -> 1 | O29: =IF($L29<=G29,1,0) -> 1 | P29: =IF($L29<=H29,1,0) -> 1 | Q29: =IF($L29<=I29,1,0) -> 1 | R29: =IF($L29<=J29,1,0) -> 1 | S29: =IF($L29<=K29,1,0) -> 1
A30: Montage | B30: 25 | E30: 1 | F30: ='original data '!D30 -> 28.7148 | G30: ='original data '!F30 -> 28.65703 | H30: ='original data '!I30 -> 28.79512 | I30: ='original data '!L30 -> 28.7148 | J30: ='original data '!O30 -> 28.74417 | K30: ='original data '!R30 -> 28.64701 | L30: ='original data '!U30 -> 28.54624 | N30: =IF($L30<=F30,1,0) -> 1 | O30: =IF($L30<=G30,1,0) -> 1 | P30: =IF($L30<=H30,1,0) -> 1 | Q30: =IF($L30<=I30,1,0) -> 1 | R30: =IF($L30<=J30,1,0) -> 1 | S30: =IF($L30<=K30,1,0) -> 1
A31: Montage | B31: 25 | E31: 1 | F31: ='original data '!D31 -> 28.7148 | G31: ='original data '!F31 -> 28.70478 | H31: ='original data '!I31 -> 28.86235 | I31: ='original data '!L31 -> 28.7148 | J31: ='original data '!O31 -> 28.82924 | K31: ='original data '!R31 -> 28.54624 | L31: ='original data '!U31 -> 28.5041 | N31: =IF($L31<=F31,1,0) -> 1 | O31: =IF($L31<=G31,1,0) -> 1 | P31: =IF($L31<=H31,1,0) -> 1 | Q31: =IF($L31<=I31,1,0) -> 1 | R31: =IF($L31<=J31,1,0) -> 1 | S31: =IF($L31<=K31,1,0) -> 1
A32: Montage | B32: 25 | E32: 1 | F32: ='original data '!D32 -> 28.7148 | G32: ='original data '!F32 -> 28.7148 | H32: ='original data '!I32 -> 29.66986 | I32: ='original data '!L32 -> 28.7148 | J32: ='original data '!O32 -> 28.70029 | K32: ='original data '!R32 -> 28.64701 | L32: ='original data '!U32 -> 28.54624 | N32: =IF($L32<=F32,1,0) -> 1 | O32: =IF($L32<=G32,1,0) -> 1 | P32: =IF($L32<=H32,1,0) -> 1 | Q32: =IF($L32<=I32,1,0) -> 1 | R32: =IF($L32<=J32,1,0) -> 1 | S32: =IF($L32<=K32,1,0) -> 1
... A1802: fft | B1802: 224 | E1802: 1 | F1802: ='original data '!D1802 -> 72.35609 | G1802: ='original data '!F1802 -> 72.35609 | H1802: ='original data '!I1802 -> 72.90048 | I1802: ='original data '!L1802 -> 71.94765 | J1802: ='original data '!O1802 -> 72.63722 | K1802: ='original data '!R1802 -> 72.26319 | L1802: ='original data '!U1802 -> 71.93967 | N1802: =IF($L1802<=F1802,1,0) -> 1 | O1802: =IF($L1802<=G1802,1,0) -> 1 | P1802: =IF($L1802<=H1802,1,0) -> 1 | Q1802: =IF($L1802<=I1802,1,0) -> 1 | R1802: =IF($L1802<=J1802,1,0) -> 1 | S1802: =IF($L1802<=K1802,1,0) -> 1
