Workbook

Sheet Original data
D1: HGA | G1: LWSGA | J1: APRE_EDA | M1: HPSO | P1: R2GA
A2: Montage | B2: 25 | C2: 1 | D2: 28.7148 | E2: 3.84363 | F2: 240 | G2: 30.77845 | H2: 4.58552 | I2: 451 | J2: 28.7148 | K2: 5.25042 | L2: 812 | M2: 28.74417 | N2: 2.33901 | O2: 1965 | P2: 28.64203 | Q2: 1.22996 | R2: 122
A3: Montage | B3: 25 | C3: 1 | D3: 28.70478 | E3: 3.65225 | F3: 248 | G3: 28.65345 | H3: 3.59282 | I3: 537 | J3: 28.7148 | K3: 5.17118 | L3: 803 | M3: 28.82529 | N3: 3.06078 | O3: 2724 | P3: 28.64701 | Q3: 1.11447 | R3: 113
A4: Montage | B4: 25 | C4: 1 | D4: 28.7148 | E4: 3.57828 | F4: 240 | G4: 28.85161 | H4: 5.8431 | I4: 847 | J4: 28.7148 | K4: 5.15122 | L4: 802 | M4: 28.74417 | N4: 2.45085 | O4: 2128 | P4: 28.64701 | Q4: 1.01658 | R4: 103
A5: Montage | B5: 25 | C5: 1 | D5: 28.7148 | E5: 3.57059 | F5: 240 | G5: 28.6998 | H5: 6.21455 | I5: 938 | J5: 28.7148 | K5: 5.41965 | L5: 837 | M5: 28.87312 | N5: 1.77104 | O5: 1577 | P5: 28.65703 | Q5: 0.83607 | R5: 85
A6: Montage | B6: 25 | C6: 1 | D6: 28.7148 | E6: 3.66704 | F6: 240 | G6: 30.24172 | H6: 4.11363 | I6: 613 | J6: 28.7148 | K6: 5.2648 | L6: 809 | M6: 28.87312 | N6: 2.24843 | O6: 1945 | P6: 28.64701 | Q6: 1.02736 | R6: 103
A7: Montage | B7: 25 | C7: 1 | D7: 28.7148 | E7: 3.56349 | F7: 240 | G7: 30.78898 | H7: 5.06519 | I7: 770 | J7: 28.7148 | K7: 5.21756 | L7: 805 | M7: 28.82529 | N7: 2.79752 | O7: 2493 | P7: 28.60624 | Q7: 1.54466 | R7: 157
A8: Montage | B8: 25 | C8: 1 | D8: 28.7148 | E8: 3.56325 | F8: 240 | G8: 28.91326 | H8: 5.33582 | I8: 802 | J8: 28.7148 | K8: 5.36257 | L8: 815 | M8: 28.74417 | N8: 3.08447 | O8: 2590 | P8: 28.64701 | Q8: 0.9673 | R8: 97
A9: Montage | B9: 25 | C9: 1 | D9: 28.65703 | E9: 4.27053 | F9: 246 | G9: 30.78638 | H9: 5.98323 | I9: 863 | J9: 28.7148 | K9: 5.35009 | L9: 828 | M9: 28.74417 | N9: 2.60488 | O9: 2319 | P9: 28.64701 | Q9: 0.74066 | R9: 76
A10: Montage | B10: 25 | C10: 1 | D10: 28.7148 | E10: 3.87662 | F10: 240 | G10: 29.87502 | H10: 2.84139 | I10: 379 | J10: 28.7148 | K10: 5.24034 | L10: 810 | M10: 28.70029 | N10: 2.86993 | O10: 2429 | P10: 28.64701 | Q10: 0.79772 | R10: 81
A11: Montage | B11: 25 | C11: 1 | D11: 28.7148 | E11: 3.54793 | F11: 240 | G11: 30.83553 | H11: 4.66397 | I11: 693 | J11: 28.7148 | K11: 5.31137 | L11: 811 | M11: 28.70029 | N11: 2.74081 | O11: 2473 | P11: 28.64701 | Q11: 0.76031 | R11: 73
A12: Montage | B12: 50 | C12: 1 | D12: 56.55339 | E12: 14.26895 | F12: 424 | G12: 55.87249 | H12: 24.07273 | I12: 2801 | J12: 58.25543 | K12: 20.11208 | L12: 1149 | M12: 57.91707 | N12: 3.44584 | O12: 1698 | P12: 53.00757 | Q12: 5.1491 | R12: 266
A13: Montage | B13: 50 | C13: 1 | D13: 56.51744 | E13: 13.59064 | F13: 563 | G13: 55.7848 | H13: 22.60714 | I13: 2628 | J13: 58.25543 | K13: 19.97151 | L13: 1147 | M13: 57.6904 | N13: 6.82871 | O13: 3437 | P13: 53.16241 | Q13: 5.15195 | R13: 265
... A181: fft | B181: 224 | C181: 1 | D181: 72.35609 | E181: 87.26084 | F181: 719 | G181: 74.67907 | H181: 66.07907 | I181: 2628 | J181: 72.07054 | K181: 259.83016 | L181: 2466 | M181: 72.89029 | N181: 63.90918 | O181: 5380 | P181: 72.27913 | Q181: 47.02452 | R181: 464

Sheet rt 
D1: HGA | E1: LWSGA | F1: APRE_EDA | G1: HPSO | H1: R2GA | K1: =D1 -> HGA | L1: =E1 -> LWSGA | M1: APRE_EDA | N1: HPSO | O1: R2GA | P1: max-rt
A2: Montage | B2: 25 | C2: 1 | D2: ='Original data'!E2 -> 3.84363 | E2: ='Original data'!H2 -> 4.58552 | F2: ='Original data'!K2 -> 5.25042 | G2: ='Original data'!N2 -> 2.33901 | H2: ='Original data'!Q2 -> 1.22996 | J2: M-S-1.0 | K2: =AVERAGE(D2:D11) -> 3.713361 | L2: =AVERAGE(E2:E11) -> 4.823922 | M2: =AVERAGE(F2:F11) -> 5.27392 | N2: =AVERAGE(G2:G11) -> 2.596772 | O2: =AVERAGE(H2:H11) -> 1.003509 | P2: =MAX(K2:O2) -> 5.27392
A3: Montage | B3: 25 | C3: 1 | D3: ='Original data'!E3 -> 3.65225 | E3: ='Original data'!H3 -> 3.59282 | F3: ='Original data'!K3 -> 5.17118 | G3: ='Original data'!N3 -> 3.06078 | H3: ='Original data'!Q3 -> 1.11447 | J3: M-M-1.0 | K3: =AVERAGE(D12:D21) -> 14.760732 | L3: =AVERAGE(E12:E21) -> 12.935264 | M3: =AVERAGE(F12:F21) -> 19.544978 | N3: =AVERAGE(G12:G21) -> 7.672998 | O3: =AVERAGE(H12:H21) -> 6.753119 | P3: =MAX(K3:O3) -> 19.544978
A4: Montage | B4: 25 | C4: 1 | D4: ='Original data'!E4 -> 3.57828 | E4: ='Original data'!H4 -> 5.8431 | F4: ='Original data'!K4 -> 5.15122 | G4: ='Original data'!N4 -> 2.45085 | H4: ='Original data'!Q4 -> 1.01658 | J4: M-L-1.0 | K4: =AVERAGE(D22:D31) -> 54.312058 | L4: =AVERAGE(E22:E31) -> 21.395291 | M4: =AVERAGE(F22:F31) -> 101.99538 | N4: =AVERAGE(G22:G31) -> 27.130154 | O4: =AVERAGE(H22:H31) -> 47.453518 | P4: =MAX(K4:O4) -> 101.99538
A5: Montage | B5: 25 | C5: 1 | D5: ='Original data'!E5 -> 3.57059 | E5: ='Original data'!H5 -> 6.21455 | F5: ='Original data'!K5 -> 5.41965 | G5: ='Original data'!N5 -> 1.77104 | H5: ='Original data'!Q5 -> 0.83607 | J5: C-S-1.0 | K5: =AVERAGE(D32:D41) -> 4.426106 | L5: =AVERAGE(E32:E41) -> 3.992059 | M5: =AVERAGE(F32:F41) -> 7.996694 | N5: =AVERAGE(G32:G41) -> 2.873631 | O5: =AVERAGE(H32:H41) -> 1.015884 | P5: =MAX(K5:O5) -> 7.996694
A6: Montage | B6: 25 | C6: 1 | D6: ='Original data'!E6 -> 3.66704 | E6: ='Original data'!H6 -> 4.11363 | F6: ='Original data'!K6 -> 5.2648 | G6: ='Original data'!N6 -> 2.24843 | H6: ='Original data'!Q6 -> 1.02736 | J6: C-M-1.0 | K6: =AVERAGE(D42:D51) -> 12.784376 | L6: =AVERAGE(E42:E51) -> 8.640741 | M6: =AVERAGE(F42:F51) -> 22.400993 | N6: =AVERAGE(G42:G51) -> 9.748714 | O6: =AVERAGE(H42:H51) -> 5.687437 | P6: =MAX(K6:O6) -> 22.400993
A7: Montage | B7: 25 | C7: 1 | D7: ='Original data'!E7 -> 3.56349 | E7: ='Original data'!H7 -> 5.06519 | F7: ='Original data'!K7 -> 5.21756 | G7: ='Original data'!N7 -> 2.79752 | H7: ='Original data'!Q7 -> 1.54466 | J7: C-L-1.0 | K7: =AVERAGE(D52:D61) -> 27.83562 | L7: =AVERAGE(E52:E61) -> 23.375467 | M7: =AVERAGE(F52:F61) -> 138.458 | N7: =AVERAGE(G52:G61) -> 27.5371 | O7: =AVERAGE(H52:H61) -> 8.34794 | P7: =MAX(K7:O7) -> 138.458
A8: Montage | B8: 25 | C8: 1 | D8: ='Original data'!E8 -> 3.56325 | E8: ='Original data'!H8 -> 5.33582 | F8: ='Original data'!K8 -> 5.36257 | G8: ='Original data'!N8 -> 3.08447 | H8: ='Original data'!Q8 -> 0.9673 | J8: E-S-1.0 | K8: =AVERAGE(D62:D71) -> 4.121429 | L8: =AVERAGE(E62:E71) -> 3.355144 | M8: =AVERAGE(F62:F71) -> 4.311174 | N8: =AVERAGE(G62:G71) -> 1.800072 | O8: =AVERAGE(H62:H71) -> 1.127783 | P8: =MAX(K8:O8) -> 4.311174
A9: Montage | B9: 25 | C9: 1 | D9: ='Original data'!E9 -> 4.27053 | E9: ='Original data'!H9 -> 5.98323 | F9: ='Original data'!K9 -> 5.35009 | G9: ='Original data'!N9 -> 2.60488 | H9: ='Original data'!Q9 -> 0.74066 | J9: E-M-1.0 | K9: =AVERAGE(D72:D81) -> 11.617494 | L9: =AVERAGE(E72:E81) -> 6.853817 | M9: =AVERAGE(F72:F81) -> 13.189284 | N9: =AVERAGE(G72:G81) -> 5.069008 | O9: =AVERAGE(H72:H81) -> 1.287015 | P9: =MAX(K9:O9) -> 13.189284
A10: Montage | B10: 25 | C10: 1 | D10: ='Original data'!E10 -> 3.87662 | E10: ='Original data'!H10 -> 2.84139 | F10: ='Original data'!K10 -> 5.24034 | G10: ='Original data'!N10 -> 2.86993 | H10: ='Original data'!Q10 -> 0.79772 | J10: E-L-1.0 | K10: =AVERAGE(D82:D91) -> 21.779674 | L10: =AVERAGE(E82:E91) -> 29.735005 | M10: =AVERAGE(F82:F91) -> 54.791972 | N10: =AVERAGE(G82:G91) -> 12.901643 | O10: =AVERAGE(H82:H91) -> 5.276547 | P10: =MAX(K10:O10) -> 54.791972
A11: Montage | B11: 25 | C11: 1 | D11: ='Original data'!E11 -> 3.54793 | E11: ='Original data'!H11 -> 4.66397 | F11: ='Original data'!K11 -> 5.31137 | G11: ='Original data'!N11 -> 2.74081 | H11: ='Original data'!Q11 -> 0.76031 | J11: L-S-1.0 | K11: =AVERAGE(D92:D101) -> 5.215214 | L11: =AVERAGE(E92:E101) -> 5.241436 | M11: =AVERAGE(F92:F101) -> 6.465179 | N11: =AVERAGE(G92:G101) -> 3.262902 | O11: =AVERAGE(H92:H101) -> 2.113094 | P11: =MAX(K11:O11) -> 6.465179
A12: Montage | B12: 50 | C12: 1 | D12: ='Original data'!E12 -> 14.26895 | E12: ='Original data'!H12 -> 24.07273 | F12: ='Original data'!K12 -> 20.11208 | G12: ='Original data'!N12 -> 3.44584 | H12: ='Original data'!Q12 -> 5.1491 | J12: L-M-1.0 | K12: =AVERAGE(D102:D111) -> 7.963182 | L12: =AVERAGE(E102:E111) -> 9.945406 | M12: =AVERAGE(F102:F111) -> 14.682132 | N12: =AVERAGE(G102:G111) -> 11.961369 | O12: =AVERAGE(H102:H111) -> 2.960605 | P12: =MAX(K12:O12) -> 14.682132
A13: Montage | B13: 50 | C13: 1 | D13: ='Original data'!E13 -> 13.59064 | E13: ='Original data'!H13 -> 22.60714 | F13: ='Original data'!K13 -> 19.97151 | G13: ='Original data'!N13 -> 6.82871 | H13: ='Original data'!Q13 -> 5.15195 | J13: L-L-1.0 | K13: =AVERAGE(D112:D121) -> 20.375866 | L13: =AVERAGE(E112:E121) -> 29.483544 | M13: =AVERAGE(F112:F121) -> 51.415645 | N13: =AVERAGE(G112:G121) -> 23.560209 | O13: =AVERAGE(H112:H121) -> 15.716474 | P13: =MAX(K13:O13) -> 51.415645
A14: Montage | B14: 50 | C14: 1 | D14: ='Original data'!E14 -> 12.16695 | E14: ='Original data'!H14 -> 11.57875 | F14: ='Original data'!K14 -> 19.96058 | G14: ='Original data'!N14 -> 5.06056 | H14: ='Original data'!Q14 -> 9.91161 | J14: G-9-1.0 | K14: =AVERAGE(D122:D131) -> 1.29218 | L14: =AVERAGE(E122:E131) -> 1.363064 | M14: =AVERAGE(F122:F131) -> 1.194348 | N14: =AVERAGE(G122:G131) -> 0.369184 | O14: =AVERAGE(H122:H131) -> 0.189097 | P14: =MAX(K14:O14) -> 1.363064
A15: Montage | B15: 50 | C15: 1 | D15: ='Original data'!E15 -> 9.93885 | E15: ='Original data'!H15 -> 19.50359 | F15: ='Original data'!K15 -> 20.40978 | G15: ='Original data'!N15 -> 9.54336 | H15: ='Original data'!Q15 -> 6.90843 | J15: G-209-1.0 | K15: =AVERAGE(D132:D141) -> 81.210571 | L15: =AVERAGE(E132:E141) -> 103.64767 | M15: =AVERAGE(F132:F141) -> 180.70859 | N15: =AVERAGE(G132:G141) -> 128.95507 | O15: =AVERAGE(H132:H141) -> 59.895361 | P15: =MAX(K15:O15) -> 180.70859
A16: Montage | B16: 50 | C16: 1 | D16: ='Original data'!E16 -> 22.28049 | E16: ='Original data'!H16 -> 8.81926 | F16: ='Original data'!K16 -> 19.44998 | G16: ='Original data'!N16 -> 4.96025 | H16: ='Original data'!Q16 -> 7.34704 | J16: G-324-1.0 | K16: =AVERAGE(D142:D151) -> 224.78201 | L16: =AVERAGE(E142:E151) -> 243.08157 | M16: =AVERAGE(F142:F151) -> 419.33401 | N16: =AVERAGE(G142:G151) -> 289.76083 | O16: =AVERAGE(H142:H151) -> 161.37652 | P16: =MAX(K16:O16) -> 419.33401
A17: Montage | B17: 50 | C17: 1 | D17: ='Original data'!E17 -> 9.17523 | E17: ='Original data'!H17 -> 5.0691 | F17: ='Original data'!K17 -> 19.17836 | G17: ='Original data'!N17 -> 5.78472 | H17: ='Original data'!Q17 -> 8.88016 | J17: F-40-1.0 | K17: =AVERAGE(D152:D161) -> 7.43416 | L17: =AVERAGE(E152:E161) -> 9.960839 | M17: =AVERAGE(F152:F161) -> 11.608215 | N17: =AVERAGE(G152:G161) -> 3.725535 | O17: =AVERAGE(H152:H161) -> 2.617671 | P17: =MAX(K17:O17) -> 11.608215
A18: Montage | B18: 50 | C18: 1 | D18: ='Original data'!E18 -> 10.76289 | E18: ='Original data'!H18 -> 5.51571 | F18: ='Original data'!K18 -> 19.35693 | G18: ='Original data'!N18 -> 7.44498 | H18: ='Original data'!Q18 -> 4.86616 | J18: F-96-1.0 | K18: =AVERAGE(D152:D171) -> 13.686205 | L18: =AVERAGE(E162:E171) -> 28.337486 | M18: =AVERAGE(F162:F171) -> 51.266248 | N18: =AVERAGE(G162:G171) -> 13.667308 | O18: =AVERAGE(H162:H171) -> 7.19967 | P18: =MAX(K18:O18) -> 51.266248
A19: Montage | B19: 50 | C19: 1 | D19: ='Original data'!E19 -> 11.22188 | E19: ='Original data'!H19 -> 12.2116 | F19: ='Original data'!K19 -> 18.90615 | G19: ='Original data'!N19 -> 6.00994 | H19: ='Original data'!Q19 -> 6.3955 | J19: F-224-1.0 | K19: =AVERAGE(D172:D181) -> 85.474245 | L19: =AVERAGE(E172:E181) -> 89.973795 | M19: =AVERAGE(F172:F181) -> 255.42251 | N19: =AVERAGE(G172:G181) -> 87.470408 | O19: =AVERAGE(H172:H181) -> 35.147753 | P19: =MAX(K19:O19) -> 255.42251
A20: Montage | B20: 50 | C20: 1 | D20: ='Original data'!E20 -> 15.52592 | E20: ='Original data'!H20 -> 14.92639 | F20: ='Original data'!K20 -> 18.83931 | G20: ='Original data'!N20 -> 3.7127 | H20: ='Original data'!Q20 -> 5.56607
A21: Montage | B21: 50 | C21: 1 | D21: ='Original data'!E21 -> 28.67552 | E21: ='Original data'!H21 -> 5.04837 | F21: ='Original data'!K21 -> 19.2651 | G21: ='Original data'!N21 -> 23.93892 | H21: ='Original data'!Q21 -> 7.35517
A22: Montage | B22: 100 | C22: 1 | D22: ='Original data'!E22 -> 34.14504 | E22: ='Original data'!H22 -> 13.69437 | F22: ='Original data'!K22 -> 100.37318 | G22: ='Original data'!N22 -> 37.88238 | H22: ='Original data'!Q22 -> 48.97486
A23: Montage | B23: 100 | C23: 1 | D23: ='Original data'!E23 -> 53.67281 | E23: ='Original data'!H23 -> 45.51934 | F23: ='Original data'!K23 -> 99.89921 | G23: ='Original data'!N23 -> 36.36164 | H23: ='Original data'!Q23 -> 31.8227
A24: Montage | B24: 100 | C24: 1 | D24: ='Original data'!E24 -> 56.56259 | E24: ='Original data'!H24 -> 15.37308 | F24: ='Original data'!K24 -> 101.9497 | G24: ='Original data'!N24 -> 17.34061 | H24: ='Original data'!Q24 -> 34.00497
A25: Montage | B25: 100 | C25: 1 | D25: ='Original data'!E25 -> 34.81779 | E25: ='Original data'!H25 -> 19.247 | F25: ='Original data'!K25 -> 99.89597 | G25: ='Original data'!N25 -> 17.65156 | H25: ='Original data'!Q25 -> 36.81169
A26: Montage | B26: 100 | C26: 1 | D26: ='Original data'!E26 -> 57.45687 | E26: ='Original data'!H26 -> 25.85895 | F26: ='Original data'!K26 -> 107.38636 | G26: ='Original data'!N26 -> 42.52187 | H26: ='Original data'!Q26 -> 52.35308
A27: Montage | B27: 100 | C27: 1 | D27: ='Original data'!E27 -> 49.64982 | E27: ='Original data'!H27 -> 17.97749 | F27: ='Original data'!K27 -> 104.64557 | G27: ='Original data'!N27 -> 29.83067 | H27: ='Original data'!Q27 -> 46.31036
A28: Montage | B28: 100 | C28: 1 | D28: ='Original data'!E28 -> 19.05122 | E28: ='Original data'!H28 -> 20.37831 | F28: ='Original data'!K28 -> 99.86031 | G28: ='Original data'!N28 -> 21.77465 | H28: ='Original data'!Q28 -> 56.09093
A29: Montage | B29: 100 | C29: 1 | D29: ='Original data'!E29 -> 57.05503 | E29: ='Original data'!H29 -> 14.03012 | F29: ='Original data'!K29 -> 101.0661 | G29: ='Original data'!N29 -> 30.38526 | H29: ='Original data'!Q29 -> 73.82456
A30: Montage | B30: 100 | C30: 1 | D30: ='Original data'!E30 -> 138.40255 | E30: ='Original data'!H30 -> 12.31845 | F30: ='Original data'!K30 -> 104.46269 | G30: ='Original data'!N30 -> 16.33989 | H30: ='Original data'!Q30 -> 54.80037
A31: Montage | B31: 100 | C31: 1 | D31: ='Original data'!E31 -> 42.30686 | E31: ='Original data'!H31 -> 29.5558 | F31: ='Original data'!K31 -> 100.4147 | G31: ='Original data'!N31 -> 21.21301 | H31: ='Original data'!Q31 -> 39.54166
... A181: fft | B181: 224 | C181: 1 | D181: ='Original data'!E181 -> 87.26084 | E181: ='Original data'!H181 -> 66.07907 | F181: ='Original data'!K181 -> 259.83016 | G181: ='Original data'!N181 -> 63.90918 | H181: ='Original data'!Q181 -> 47.02452
