Workbook

Sheet Para.
B1: 1 | C1: 2 | D1: 3 | E1: 4 | F1: 5 | G1: Orthogonal Array | N1: run | O1: ε | P1: θ | Q1: η | R1: Рe | S1: Pi | T1: φ | V1: ARV | W1: Sum
A2: the population size factor：ε | B2: 3 | C2: 3.5 | D2: 4 | E2: 4.5 | F2: 5 | G2: 1 | H2: 1 | I2: 1 | J2: 1 | K2: 1 | L2: 1 | N2: 1 | O2: =HLOOKUP(G2,$B$1:$F$7,2) -> 3 | P2: =HLOOKUP(H2,$B$1:$F$7,3) -> 0.01 | Q2: =HLOOKUP(I2,$B$1:$F$7,4) -> 0.01 | R2: =HLOOKUP(J2,$B$1:$F$7,5) -> 1.5 | S2: =HLOOKUP(K2,$B$1:$F$7,6) -> 0.45 | T2: =HLOOKUP(L2,$B$1:$F$7,7) -> 0.7 | V2: =W2/180 -> 0.0037706684 | W2: =Total!H23 -> 0.67872032
A3: the update rate：θ1 | B3: 0.01 | C3: 0.02 | D3: 0.03 | E3: 0.04 | F3: 0.05 | G3: 1 | H3: 2 | I3: 3 | J3: 4 | K3: 5 | L3: 2 | N3: 2 | O3: =HLOOKUP(G3,$B$1:$F$7,2) -> 3 | P3: =HLOOKUP(H3,$B$1:$F$7,3) -> 0.02 | Q3: =HLOOKUP(I3,$B$1:$F$7,4) -> 0.03 | R3: =HLOOKUP(J3,$B$1:$F$7,5) -> 3 | S3: =HLOOKUP(K3,$B$1:$F$7,6) -> 0.65 | T3: =HLOOKUP(L3,$B$1:$F$7,7) -> 0.75 | V3: =W3/180 -> 0.0036123757 | W3: =Total!I23 -> 0.65022762
A4: the update rate：θ2 | B4: 0.01 | C4: 0.02 | D4: 0.03 | E4: 0.04 | F4: 0.05 | G4: 1 | H4: 3 | I4: 5 | J4: 2 | K4: 4 | L4: 3 | N4: 3 | O4: =HLOOKUP(G4,$B$1:$F$7,2) -> 3 | P4: =HLOOKUP(H4,$B$1:$F$7,3) -> 0.03 | Q4: =HLOOKUP(I4,$B$1:$F$7,4) -> 0.05 | R4: =HLOOKUP(J4,$B$1:$F$7,5) -> 2 | S4: =HLOOKUP(K4,$B$1:$F$7,6) -> 0.6 | T4: =HLOOKUP(L4,$B$1:$F$7,7) -> 0.8 | V4: =W4/180 -> 0.0033720723 | W4: =Total!J23 -> 0.60697301
A5: the factor of heuristic information：ηφ | B5: 1.5 | C5: 2 | D5: 2.5 | E5: 3 | F5: 3.5 | G5: 1 | H5: 4 | I5: 2 | J5: 5 | K5: 3 | L5: 4 | N5: 4 | O5: =HLOOKUP(G5,$B$1:$F$7,2) -> 3 | P5: =HLOOKUP(H5,$B$1:$F$7,3) -> 0.04 | Q5: =HLOOKUP(I5,$B$1:$F$7,4) -> 0.02 | R5: =HLOOKUP(J5,$B$1:$F$7,5) -> 3.5 | S5: =HLOOKUP(K5,$B$1:$F$7,6) -> 0.55 | T5: =HLOOKUP(L5,$B$1:$F$7,7) -> 0.85 | V5: =W5/180 -> 0.0032690683 | W5: =Total!K23 -> 0.58843229
A6: the factor of PRPR: ρ | B6: 0.45 | C6: 0.5 | D6: 0.55 | E6: 0.6 | F6: 0.65 | G6: 1 | H6: 5 | I6: 4 | J6: 3 | K6: 2 | L6: 5 | N6: 5 | O6: =HLOOKUP(G6,$B$1:$F$7,2) -> 3 | P6: =HLOOKUP(H6,$B$1:$F$7,3) -> 0.05 | Q6: =HLOOKUP(I6,$B$1:$F$7,4) -> 0.04 | R6: =HLOOKUP(J6,$B$1:$F$7,5) -> 2.5 | S6: =HLOOKUP(K6,$B$1:$F$7,6) -> 0.5 | T6: =HLOOKUP(L6,$B$1:$F$7,7) -> 0.9 | V6: =W6/180 -> 0.0033873181 | W6: =Total!L23 -> 0.60971727
A7: the ratio of runtime in stage 1：σ | B7: 0.7 | C7: 0.75 | D7: 0.8 | E7: 0.85 | F7: 0.9 | G7: 2 | H7: 1 | I7: 5 | J7: 4 | K7: 3 | L7: 5 | N7: 6 | O7: =HLOOKUP(G7,$B$1:$F$7,2) -> 3.5 | P7: =HLOOKUP(H7,$B$1:$F$7,3) -> 0.01 | Q7: =HLOOKUP(I7,$B$1:$F$7,4) -> 0.05 | R7: =HLOOKUP(J7,$B$1:$F$7,5) -> 3 | S7: =HLOOKUP(K7,$B$1:$F$7,6) -> 0.55 | T7: =HLOOKUP(L7,$B$1:$F$7,7) -> 0.9 | V7: =W7/180 -> 0.0031634294 | W7: =Total!M23 -> 0.56941728
G8: 2 | H8: 2 | I8: 2 | J8: 2 | K8: 2 | L8: 1 | N8: 7 | O8: =HLOOKUP(G8,$B$1:$F$7,2) -> 3.5 | P8: =HLOOKUP(H8,$B$1:$F$7,3) -> 0.02 | Q8: =HLOOKUP(I8,$B$1:$F$7,4) -> 0.02 | R8: =HLOOKUP(J8,$B$1:$F$7,5) -> 2 | S8: =HLOOKUP(K8,$B$1:$F$7,6) -> 0.5 | T8: =HLOOKUP(L8,$B$1:$F$7,7) -> 0.7 | V8: =W8/180 -> 0.0032830558 | W8: =Total!N23 -> 0.59095004
G9: 2 | H9: 3 | I9: 4 | J9: 5 | K9: 1 | L9: 2 | N9: 8 | O9: =HLOOKUP(G9,$B$1:$F$7,2) -> 3.5 | P9: =HLOOKUP(H9,$B$1:$F$7,3) -> 0.03 | Q9: =HLOOKUP(I9,$B$1:$F$7,4) -> 0.04 | R9: =HLOOKUP(J9,$B$1:$F$7,5) -> 3.5 | S9: =HLOOKUP(K9,$B$1:$F$7,6) -> 0.45 | T9: =HLOOKUP(L9,$B$1:$F$7,7) -> 0.75 | V9: =W9/180 -> 0.0029902023 | W9: =Total!O23 -> 0.53823642
G10: 2 | H10: 4 | I10: 1 | J10: 3 | K10: 5 | L10: 3 | N10: 9 | O10: =HLOOKUP(G10,$B$1:$F$7,2) -> 3.5 | P10: =HLOOKUP(H10,$B$1:$F$7,3) -> 0.04 | Q10: =HLOOKUP(I10,$B$1:$F$7,4) -> 0.01 | R10: =HLOOKUP(J10,$B$1:$F$7,5) -> 2.5 | S10: =HLOOKUP(K10,$B$1:$F$7,6) -> 0.65 | T10: =HLOOKUP(L10,$B$1:$F$7,7) -> 0.8 | V10: =W10/180 -> 0.0032496968 | W10: =Total!P23 -> 0.58494543
G11: 2 | H11: 5 | I11: 3 | J11: 1 | K11: 4 | L11: 4 | N11: 10 | O11: =HLOOKUP(G11,$B$1:$F$7,2) -> 3.5 | P11: =HLOOKUP(H11,$B$1:$F$7,3) -> 0.05 | Q11: =HLOOKUP(I11,$B$1:$F$7,4) -> 0.03 | R11: =HLOOKUP(J11,$B$1:$F$7,5) -> 1.5 | S11: =HLOOKUP(K11,$B$1:$F$7,6) -> 0.6 | T11: =HLOOKUP(L11,$B$1:$F$7,7) -> 0.85 | V11: =W11/180 -> 0.0029076746 | W11: =Total!Q23 -> 0.52338142
G12: 3 | H12: 1 | I12: 4 | J12: 2 | K12: 5 | L12: 4 | N12: 11 | O12: =HLOOKUP(G12,$B$1:$F$7,2) -> 4 | P12: =HLOOKUP(H12,$B$1:$F$7,3) -> 0.01 | Q12: =HLOOKUP(I12,$B$1:$F$7,4) -> 0.04 | R12: =HLOOKUP(J12,$B$1:$F$7,5) -> 2 | S12: =HLOOKUP(K12,$B$1:$F$7,6) -> 0.65 | T12: =HLOOKUP(L12,$B$1:$F$7,7) -> 0.85 | V12: =W12/180 -> 0.0031385162 | W12: =Total!R23 -> 0.56493292
G13: 3 | H13: 2 | I13: 1 | J13: 5 | K13: 4 | L13: 5 | N13: 12 | O13: =HLOOKUP(G13,$B$1:$F$7,2) -> 4 | P13: =HLOOKUP(H13,$B$1:$F$7,3) -> 0.02 | Q13: =HLOOKUP(I13,$B$1:$F$7,4) -> 0.01 | R13: =HLOOKUP(J13,$B$1:$F$7,5) -> 3.5 | S13: =HLOOKUP(K13,$B$1:$F$7,6) -> 0.6 | T13: =HLOOKUP(L13,$B$1:$F$7,7) -> 0.9 | V13: =W13/180 -> 0.003032841 | W13: =Total!S23 -> 0.54591138
G14: 3 | H14: 3 | I14: 3 | J14: 3 | K14: 3 | L14: 1 | N14: 13 | O14: =HLOOKUP(G14,$B$1:$F$7,2) -> 4 | P14: =HLOOKUP(H14,$B$1:$F$7,3) -> 0.03 | Q14: =HLOOKUP(I14,$B$1:$F$7,4) -> 0.03 | R14: =HLOOKUP(J14,$B$1:$F$7,5) -> 2.5 | S14: =HLOOKUP(K14,$B$1:$F$7,6) -> 0.55 | T14: =HLOOKUP(L14,$B$1:$F$7,7) -> 0.7 | V14: =W14/180 -> 0.0030140716 | W14: =Total!T23 -> 0.54253288
G15: 3 | H15: 4 | I15: 5 | J15: 1 | K15: 2 | L15: 2 | N15: 14 | O15: =HLOOKUP(G15,$B$1:$F$7,2) -> 4 | P15: =HLOOKUP(H15,$B$1:$F$7,3) -> 0.04 | Q15: =HLOOKUP(I15,$B$1:$F$7,4) -> 0.05 | R15: =HLOOKUP(J15,$B$1:$F$7,5) -> 1.5 | S15: =HLOOKUP(K15,$B$1:$F$7,6) -> 0.5 | T15: =HLOOKUP(L15,$B$1:$F$7,7) -> 0.75 | V15: =W15/180 -> 0.0032663884 | W15: =Total!U23 -> 0.58794991
G16: 3 | H16: 5 | I16: 2 | J16: 4 | K16: 1 | L16: 3 | N16: 15 | O16: =HLOOKUP(G16,$B$1:$F$7,2) -> 4 | P16: =HLOOKUP(H16,$B$1:$F$7,3) -> 0.05 | Q16: =HLOOKUP(I16,$B$1:$F$7,4) -> 0.02 | R16: =HLOOKUP(J16,$B$1:$F$7,5) -> 3 | S16: =HLOOKUP(K16,$B$1:$F$7,6) -> 0.45 | T16: =HLOOKUP(L16,$B$1:$F$7,7) -> 0.8 | V16: =W16/180 -> 0.0030775415 | W16: =Total!V23 -> 0.55395746
G17: 4 | H17: 1 | I17: 3 | J17: 5 | K17: 2 | L17: 3 | N17: 16 | O17: =HLOOKUP(G17,$B$1:$F$7,2) -> 4.5 | P17: =HLOOKUP(H17,$B$1:$F$7,3) -> 0.01 | Q17: =HLOOKUP(I17,$B$1:$F$7,4) -> 0.03 | R17: =HLOOKUP(J17,$B$1:$F$7,5) -> 3.5 | S17: =HLOOKUP(K17,$B$1:$F$7,6) -> 0.5 | T17: =HLOOKUP(L17,$B$1:$F$7,7) -> 0.8 | V17: =W17/180 -> 0.0029136211 | W17: =Total!W23 -> 0.52445181
D18: .. | G18: 4 | H18: 2 | I18: 5 | J18: 3 | K18: 1 | L18: 4 | N18: 17 | O18: =HLOOKUP(G18,$B$1:$F$7,2) -> 4.5 | P18: =HLOOKUP(H18,$B$1:$F$7,3) -> 0.02 | Q18: =HLOOKUP(I18,$B$1:$F$7,4) -> 0.05 | R18: =HLOOKUP(J18,$B$1:$F$7,5) -> 2.5 | S18: =HLOOKUP(K18,$B$1:$F$7,6) -> 0.45 | T18: =HLOOKUP(L18,$B$1:$F$7,7) -> 0.85 | V18: =W18/180 -> 0.0027763739 | W18: =Total!X23 -> 0.4997473
G19: 4 | H19: 3 | I19: 2 | J19: 1 | K19: 5 | L19: 5 | N19: 18 | O19: =HLOOKUP(G19,$B$1:$F$7,2) -> 4.5 | P19: =HLOOKUP(H19,$B$1:$F$7,3) -> 0.03 | Q19: =HLOOKUP(I19,$B$1:$F$7,4) -> 0.02 | R19: =HLOOKUP(J19,$B$1:$F$7,5) -> 1.5 | S19: =HLOOKUP(K19,$B$1:$F$7,6) -> 0.65 | T19: =HLOOKUP(L19,$B$1:$F$7,7) -> 0.9 | V19: =W19/180 -> 0.0028006292 | W19: =Total!Y23 -> 0.50411326
G20: 4 | H20: 4 | I20: 4 | J20: 4 | K20: 4 | L20: 1 | N20: 19 | O20: =HLOOKUP(G20,$B$1:$F$7,2) -> 4.5 | P20: =HLOOKUP(H20,$B$1:$F$7,3) -> 0.04 | Q20: =HLOOKUP(I20,$B$1:$F$7,4) -> 0.04 | R20: =HLOOKUP(J20,$B$1:$F$7,5) -> 3 | S20: =HLOOKUP(K20,$B$1:$F$7,6) -> 0.6 | T20: =HLOOKUP(L20,$B$1:$F$7,7) -> 0.7 | V20: =W20/180 -> 0.0034461667 | W20: =Total!Z23 -> 0.62031
G21: 4 | H21: 5 | I21: 1 | J21: 2 | K21: 3 | L21: 2 | N21: 20 | O21: =HLOOKUP(G21,$B$1:$F$7,2) -> 4.5 | P21: =HLOOKUP(H21,$B$1:$F$7,3) -> 0.05 | Q21: =HLOOKUP(I21,$B$1:$F$7,4) -> 0.01 | R21: =HLOOKUP(J21,$B$1:$F$7,5) -> 2 | S21: =HLOOKUP(K21,$B$1:$F$7,6) -> 0.55 | T21: =HLOOKUP(L21,$B$1:$F$7,7) -> 0.75 | V21: =W21/180 -> 0.0034192474 | W21: =Total!AA23 -> 0.61546454
G22: 5 | H22: 1 | I22: 2 | J22: 3 | K22: 4 | L22: 2 | N22: 21 | O22: =HLOOKUP(G22,$B$1:$F$7,2) -> 5 | P22: =HLOOKUP(H22,$B$1:$F$7,3) -> 0.01 | Q22: =HLOOKUP(I22,$B$1:$F$7,4) -> 0.02 | R22: =HLOOKUP(J22,$B$1:$F$7,5) -> 2.5 | S22: =HLOOKUP(K22,$B$1:$F$7,6) -> 0.6 | T22: =HLOOKUP(L22,$B$1:$F$7,7) -> 0.75 | V22: =W22/180 -> 0.0030051381 | W22: =Total!AB23 -> 0.54092485
G23: 5 | H23: 2 | I23: 4 | J23: 1 | K23: 3 | L23: 3 | N23: 22 | O23: =HLOOKUP(G23,$B$1:$F$7,2) -> 5 | P23: =HLOOKUP(H23,$B$1:$F$7,3) -> 0.02 | Q23: =HLOOKUP(I23,$B$1:$F$7,4) -> 0.04 | R23: =HLOOKUP(J23,$B$1:$F$7,5) -> 1.5 | S23: =HLOOKUP(K23,$B$1:$F$7,6) -> 0.55 | T23: =HLOOKUP(L23,$B$1:$F$7,7) -> 0.8 | V23: =W23/180 -> 0.0027181068 | W23: =Total!AC23 -> 0.48925923
G24: 5 | H24: 3 | I24: 1 | J24: 4 | K24: 2 | L24: 4 | N24: 23 | O24: =HLOOKUP(G24,$B$1:$F$7,2) -> 5 | P24: =HLOOKUP(H24,$B$1:$F$7,3) -> 0.03 | Q24: =HLOOKUP(I24,$B$1:$F$7,4) -> 0.01 | R24: =HLOOKUP(J24,$B$1:$F$7,5) -> 3 | S24: =HLOOKUP(K24,$B$1:$F$7,6) -> 0.5 | T24: =HLOOKUP(L24,$B$1:$F$7,7) -> 0.85 | V24: =W24/180 -> 0.0033634543 | W24: =Total!AD23 -> 0.60542178
G25: 5 | H25: 4 | I25: 3 | J25: 2 | K25: 1 | L25: 5 | N25: 24 | O25: =HLOOKUP(G25,$B$1:$F$7,2) -> 5 | P25: =HLOOKUP(H25,$B$1:$F$7,3) -> 0.04 | Q25: =HLOOKUP(I25,$B$1:$F$7,4) -> 0.03 | R25: =HLOOKUP(J25,$B$1:$F$7,5) -> 2 | S25: =HLOOKUP(K25,$B$1:$F$7,6) -> 0.45 | T25: =HLOOKUP(L25,$B$1:$F$7,7) -> 0.9 | V25: =W25/180 -> 0.003143468 | W25: =Total!AE23 -> 0.56582424
G26: 5 | H26: 5 | I26: 5 | J26: 5 | K26: 5 | L26: 1 | N26: 25 | O26: =HLOOKUP(G26,$B$1:$F$7,2) -> 5 | P26: =HLOOKUP(H26,$B$1:$F$7,3) -> 0.05 | Q26: =HLOOKUP(I26,$B$1:$F$7,4) -> 0.05 | R26: =HLOOKUP(J26,$B$1:$F$7,5) -> 3.5 | S26: =HLOOKUP(K26,$B$1:$F$7,6) -> 0.65 | T26: =HLOOKUP(L26,$B$1:$F$7,7) -> 0.7 | V26: =W26/180 -> 0.0036422554 | W26: =Total!AF23 -> 0.65560597
F27: Level | G27: ε | H27: θ1 | I27: θ2 | J27: η | K27: prp | L27: φ
F28: 1 | G28: =AVERAGEIF(G2:G26,1,$V$2:$V$26) -> 0.0034823006 | H28: =AVERAGEIF(H2:H26,1,$V$2:$V$26) -> 0.0031982746 | I28: =AVERAGEIF(I2:I26,1,$V$2:$V$26) -> 0.0033671816 | J28: =AVERAGEIF(J2:J26,1,$V$2:$V$26) -> 0.0030926935 | K28: =AVERAGEIF(K2:K26,1,$V$2:$V$26) -> 0.0031516508 | L28: =AVERAGEIF(L2:L26,1,$V$2:$V$26) -> 0.0034312436
F29: 2 | G29: =AVERAGEIF(G2:G26,2,$V$2:$V$26) -> 0.0031188118 | H29: =AVERAGEIF(H2:H26,2,$V$2:$V$26) -> 0.0030845506 | I29: =AVERAGEIF(I2:I26,2,$V$2:$V$26) -> 0.0030870866 | J29: =AVERAGEIF(J2:J26,2,$V$2:$V$26) -> 0.0032712719 | K29: =AVERAGEIF(K2:K26,2,$V$2:$V$26) -> 0.0032427675 | L29: =AVERAGEIF(L2:L26,2,$V$2:$V$26) -> 0.0032586704
F30: 3 | G30: =AVERAGEIF(G2:G26,3,$V$2:$V$26) -> 0.0031058717 | H30: =AVERAGEIF(H2:H26,3,$V$2:$V$26) -> 0.0031080859 | I30: =AVERAGEIF(I2:I26,3,$V$2:$V$26) -> 0.0031182422 | J30: =AVERAGEIF(J2:J26,3,$V$2:$V$26) -> 0.0030865197 | K30: =AVERAGEIF(K2:K26,3,$V$2:$V$26) -> 0.0031167847 | L30: =AVERAGEIF(L2:L26,3,$V$2:$V$26) -> 0.0030662077
F31: 4 | G31: =AVERAGEIF(G2:G26,4,$V$2:$V$26) -> 0.0030712077 | H31: =AVERAGEIF(H2:H26,4,$V$2:$V$26) -> 0.0032749576 | I31: =AVERAGEIF(I2:I26,4,$V$2:$V$26) -> 0.003136062 | J31: =AVERAGEIF(J2:J26,4,$V$2:$V$26) -> 0.0033325935 | K31: =AVERAGEIF(K2:K26,4,$V$2:$V$26) -> 0.0031527785 | L31: =AVERAGEIF(L2:L26,4,$V$2:$V$26) -> 0.0030910174
F32: 5 | G32: =AVERAGEIF(G2:G26,5,$V$2:$V$26) -> 0.0031744845 | H32: =AVERAGEIF(H2:H26,5,$V$2:$V$26) -> 0.0032868074 | I32: =AVERAGEIF(I2:I26,5,$V$2:$V$26) -> 0.0032441038 | J32: =AVERAGEIF(J2:J26,5,$V$2:$V$26) -> 0.0031695976 | K32: =AVERAGEIF(K2:K26,5,$V$2:$V$26) -> 0.0032886947 | L32: =AVERAGEIF(L2:L26,5,$V$2:$V$26) -> 0.0031055371
G33: =SUM(G28:G32) -> 0.015952676 | H33: =SUM(H28:H32) -> 0.015952676 | I33: =SUM(I28:I32) -> 0.015952676 | J33: =SUM(J28:J32) -> 0.015952676 | K33: =SUM(K28:K32) -> 0.015952676 | L33: =SUM(L28:L32) -> 0.015952676
G34: =C2 -> 3.5 | H34: =$B3+2*($F3-$B3)/4 -> 0.03 | I34: =$B4+2*($F4-$B4)/4 -> 0.03 | J34: =$B5+2*($F5-$B5)/4 -> 2.5 | K34: =$B6+2*($F6-$B6)/4 -> 0.55 | L34: =E7 -> 0.85
E36: Range(Delta) | G36: =(MAX(G28:G32)-MIN(G28:G32)) -> 0.00041109288 | H36: =(MAX(H28:H32)-MIN(H28:H32)) -> 0.00020225677 | I36: =(MAX(I28:I32)-MIN(I28:I32)) -> 0.00028009504 | J36: =(MAX(J28:J32)-MIN(J28:J32)) -> 0.00024607381 | K36: =(MAX(K28:K32)-MIN(K28:K32)) -> 0.00017190997 | L36: =(MAX(L28:L32)-MIN(L28:L32)) -> 0.00036503585

Sheet Total
A1: ty | B1: sz | C1: ra | E1: Min | F1: Aver | H1: 1 | I1: 2 | J1: 3 | K1: 4 | L1: 5 | M1: 6 | N1: 7 | O1: 8 | P1: 9 | Q1: 10 | R1: 11 | S1: 12 | T1: 13 | U1: 14 | V1: 15 | W1: 16 | X1: 17 | Y1: 18 | Z1: 19 | AA1: 20 | AB1: 21 | AC1: 22 | AD1: 23 | AE1: 24 | AF1: 25
A2: Montage | B2: 25 | C2: 1 | E2: =MIN('1:25'!L2:U2) -> 28.504 | F2: =AVERAGE('1:25'!W2) -> 28.536016 | H2: =INDIRECT(COLUMN(A1)&"!AM"&ROW(A1)+1) -> 0.010103845 | I2: =INDIRECT(COLUMN(B1)&"!AM"&ROW(B1)+1) -> 0.016559079 | J2: =INDIRECT(COLUMN(C1)&"!AM"&ROW(C1)+1) -> 0.0089811956 | K2: =INDIRECT(COLUMN(D1)&"!AM"&ROW(D1)+1) -> 0.0073323042 | L2: =INDIRECT(COLUMN(E1)&"!AM"&ROW(E1)+1) -> 0.010314342 | M2: =INDIRECT(COLUMN(F1)&"!AM"&ROW(F1)+1) -> 0.01192815 | N2: =INDIRECT(COLUMN(G1)&"!AM"&ROW(G1)+1) -> 0.014699691 | O2: =INDIRECT(COLUMN(H1)&"!AM"&ROW(H1)+1) -> 0.013401628 | ... AF2: =INDIRECT(COLUMN(Y1)&"!AM"&ROW(Y1)+1) -> 0.014840022
A3: Montage | B3: 50 | C3: 1 | E3: =MIN('1:25'!L3:U3) -> 52.927 | F3: =AVERAGE('1:25'!W3) -> 53.035568 | H3: =INDIRECT(COLUMN(A2)&"!AM"&ROW(A2)+1) -> 0.021935874 | I3: =INDIRECT(COLUMN(B2)&"!AM"&ROW(B2)+1) -> 0.025846921 | J3: =INDIRECT(COLUMN(C2)&"!AM"&ROW(C2)+1) -> 0.025525724 | K3: =INDIRECT(COLUMN(D2)&"!AM"&ROW(D2)+1) -> 0.02407089 | L3: =INDIRECT(COLUMN(E2)&"!AM"&ROW(E2)+1) -> 0.03143953 | M3: =INDIRECT(COLUMN(F2)&"!AM"&ROW(F2)+1) -> 0.025204527 | N3: =INDIRECT(COLUMN(G2)&"!AM"&ROW(G2)+1) -> 0.019895328 | O3: =INDIRECT(COLUMN(H2)&"!AM"&ROW(H2)+1) -> 0.024203148 | ... AF3: =INDIRECT(COLUMN(Y2)&"!AM"&ROW(Y2)+1) -> 0.022238177
A4: Montage | B4: 100 | C4: 1 | E4: =MIN('1:25'!L4:U4) -> 102.802 | F4: =AVERAGE('1:25'!W4) -> 103.25301 | H4: =INDIRECT(COLUMN(A3)&"!AM"&ROW(A3)+1) -> 0.048267543 | I4: =INDIRECT(COLUMN(B3)&"!AM"&ROW(B3)+1) -> 0.044678119 | J4: =INDIRECT(COLUMN(C3)&"!AM"&ROW(C3)+1) -> 0.053053443 | K4: =INDIRECT(COLUMN(D3)&"!AM"&ROW(D3)+1) -> 0.044036108 | L4: =INDIRECT(COLUMN(E3)&"!AM"&ROW(E3)+1) -> 0.046730608 | M4: =INDIRECT(COLUMN(F3)&"!AM"&ROW(F3)+1) -> 0.048578821 | N4: =INDIRECT(COLUMN(G3)&"!AM"&ROW(G3)+1) -> 0.042392171 | O4: =INDIRECT(COLUMN(H3)&"!AM"&ROW(H3)+1) -> 0.040543958 | ... AF4: =INDIRECT(COLUMN(Y3)&"!AM"&ROW(Y3)+1) -> 0.048763643
A5: CyberShake | B5: 30 | C5: 1 | E5: =MIN('1:25'!L5:U5) -> 156.127 | F5: =AVERAGE('1:25'!W5) -> 156.127 | H5: =INDIRECT(COLUMN(A4)&"!AM"&ROW(A4)+1) -> 0 | I5: =INDIRECT(COLUMN(B4)&"!AM"&ROW(B4)+1) -> 0 | J5: =INDIRECT(COLUMN(C4)&"!AM"&ROW(C4)+1) -> 0 | K5: =INDIRECT(COLUMN(D4)&"!AM"&ROW(D4)+1) -> 0 | L5: =INDIRECT(COLUMN(E4)&"!AM"&ROW(E4)+1) -> 0 | M5: =INDIRECT(COLUMN(F4)&"!AM"&ROW(F4)+1) -> 0 | N5: =INDIRECT(COLUMN(G4)&"!AM"&ROW(G4)+1) -> 0 | O5: =INDIRECT(COLUMN(H4)&"!AM"&ROW(H4)+1) -> 0 | ... AF5: =INDIRECT(COLUMN(Y4)&"!AM"&ROW(Y4)+1) -> 0
A6: CyberShake | B6: 50 | C6: 1 | E6: =MIN('1:25'!L6:U6) -> 179.673 | F6: =AVERAGE('1:25'!W6) -> 180.38015 | H6: =INDIRECT(COLUMN(A5)&"!AM"&ROW(A5)+1) -> 0.010324311 | I6: =INDIRECT(COLUMN(B5)&"!AM"&ROW(B5)+1) -> 0.075626277 | J6: =INDIRECT(COLUMN(C5)&"!AM"&ROW(C5)+1) -> 0.04075181 | K6: =INDIRECT(COLUMN(D5)&"!AM"&ROW(D5)+1) -> 0.071919543 | L6: =INDIRECT(COLUMN(E5)&"!AM"&ROW(E5)+1) -> 0.078698525 | M6: =INDIRECT(COLUMN(F5)&"!AM"&ROW(F5)+1) -> 0.048755239 | N6: =INDIRECT(COLUMN(G5)&"!AM"&ROW(G5)+1) -> 0.043273057 | O6: =INDIRECT(COLUMN(H5)&"!AM"&ROW(H5)+1) -> 0.02446667 | ... AF6: =INDIRECT(COLUMN(Y5)&"!AM"&ROW(Y5)+1) -> 0.07761322
A7: CyberShake | B7: 100 | C7: 1 | E7: =MIN('1:25'!L7:U7) -> 238.867 | F7: =AVERAGE('1:25'!W7) -> 239.35028 | H7: =INDIRECT(COLUMN(A6)&"!AM"&ROW(A6)+1) -> 0.02258579 | I7: =INDIRECT(COLUMN(B6)&"!AM"&ROW(B6)+1) -> 0.023707754 | J7: =INDIRECT(COLUMN(C6)&"!AM"&ROW(C6)+1) -> 0.023222128 | K7: =INDIRECT(COLUMN(D6)&"!AM"&ROW(D6)+1) -> 0.016586636 | L7: =INDIRECT(COLUMN(E6)&"!AM"&ROW(E6)+1) -> 0.027232728 | M7: =INDIRECT(COLUMN(F6)&"!AM"&ROW(F6)+1) -> 0.019860424 | N7: =INDIRECT(COLUMN(G6)&"!AM"&ROW(G6)+1) -> 0.018956156 | O7: =INDIRECT(COLUMN(H6)&"!AM"&ROW(H6)+1) -> 0.030284635 | ... AF7: =INDIRECT(COLUMN(Y6)&"!AM"&ROW(Y6)+1) -> 0.029685976
A8: Epigenomics | B8: 24 | C8: 1 | E8: =MIN('1:25'!L8:U8) -> 2320.908 | F8: =AVERAGE('1:25'!W8) -> 2320.9667 | H8: =INDIRECT(COLUMN(A7)&"!AM"&ROW(A7)+1) -> 0 | I8: =INDIRECT(COLUMN(B7)&"!AM"&ROW(B7)+1) -> 0.0063251107 | J8: =INDIRECT(COLUMN(C7)&"!AM"&ROW(C7)+1) -> 0 | K8: =INDIRECT(COLUMN(D7)&"!AM"&ROW(D7)+1) -> 0 | L8: =INDIRECT(COLUMN(E7)&"!AM"&ROW(E7)+1) -> 0 | M8: =INDIRECT(COLUMN(F7)&"!AM"&ROW(F7)+1) -> 0 | N8: =INDIRECT(COLUMN(G7)&"!AM"&ROW(G7)+1) -> 0 | O8: =INDIRECT(COLUMN(H7)&"!AM"&ROW(H7)+1) -> 0 | ... AF8: =INDIRECT(COLUMN(Y7)&"!AM"&ROW(Y7)+1) -> 0
A9: Epigenomics | B9: 47 | C9: 1 | E9: =MIN('1:25'!L9:U9) -> 4313.61 | F9: =AVERAGE('1:25'!W9) -> 4314.0002 | H9: =INDIRECT(COLUMN(A8)&"!AM"&ROW(A8)+1) -> 0 | I9: =INDIRECT(COLUMN(B8)&"!AM"&ROW(B8)+1) -> 0.0022616787 | J9: =INDIRECT(COLUMN(C8)&"!AM"&ROW(C8)+1) -> 0.0011308394 | K9: =INDIRECT(COLUMN(D8)&"!AM"&ROW(D8)+1) -> 0 | L9: =INDIRECT(COLUMN(E8)&"!AM"&ROW(E8)+1) -> 0.0033925181 | M9: =INDIRECT(COLUMN(F8)&"!AM"&ROW(F8)+1) -> 0.0033925181 | N9: =INDIRECT(COLUMN(G8)&"!AM"&ROW(G8)+1) -> 0 | O9: =INDIRECT(COLUMN(H8)&"!AM"&ROW(H8)+1) -> 0.0011308394 | ... AF9: =INDIRECT(COLUMN(Y8)&"!AM"&ROW(Y8)+1) -> 0.0022616787
A10: Epigenomics | B10: 100 | C10: 1 | E10: =MIN('1:25'!L10:U10) -> 35210.383 | F10: =AVERAGE('1:25'!W10) -> 35256.139 | H10: =INDIRECT(COLUMN(A9)&"!AM"&ROW(A9)+1) -> 0.018925469 | I10: =INDIRECT(COLUMN(B9)&"!AM"&ROW(B9)+1) -> 0.011232028 | J10: =INDIRECT(COLUMN(C9)&"!AM"&ROW(C9)+1) -> 0.012600232 | K10: =INDIRECT(COLUMN(D9)&"!AM"&ROW(D9)+1) -> 0.011537449 | L10: =INDIRECT(COLUMN(E9)&"!AM"&ROW(E9)+1) -> 0.01725954 | M10: =INDIRECT(COLUMN(F9)&"!AM"&ROW(F9)+1) -> 0.012751949 | N10: =INDIRECT(COLUMN(G9)&"!AM"&ROW(G9)+1) -> 0.014917958 | O10: =INDIRECT(COLUMN(H9)&"!AM"&ROW(H9)+1) -> 0.012145821 | ... AF10: =INDIRECT(COLUMN(Y9)&"!AM"&ROW(Y9)+1) -> 0.010222439
A11: Ligo | B11: 30 | C11: 1 | E11: =MIN('1:25'!L11:U11) -> 655.465 | F11: =AVERAGE('1:25'!W11) -> 657.77815 | H11: =INDIRECT(COLUMN(A10)&"!AM"&ROW(A10)+1) -> 0.030099243 | I11: =INDIRECT(COLUMN(B10)&"!AM"&ROW(B10)+1) -> 0.039553599 | J11: =INDIRECT(COLUMN(C10)&"!AM"&ROW(C10)+1) -> 0.038950974 | K11: =INDIRECT(COLUMN(D10)&"!AM"&ROW(D10)+1) -> 0.036779996 | L11: =INDIRECT(COLUMN(E10)&"!AM"&ROW(E10)+1) -> 0.040273699 | M11: =INDIRECT(COLUMN(F10)&"!AM"&ROW(F10)+1) -> 0.036853226 | N11: =INDIRECT(COLUMN(G10)&"!AM"&ROW(G10)+1) -> 0.030050422 | O11: =INDIRECT(COLUMN(H10)&"!AM"&ROW(H10)+1) -> 0.035539655 | ... AF11: =INDIRECT(COLUMN(Y10)&"!AM"&ROW(Y10)+1) -> 0.045761406
A12: Ligo | B12: 50 | C12: 1 | E12: =MIN('1:25'!L12:U12) -> 990.096 | F12: =AVERAGE('1:25'!W12) -> 994.43757 | H12: =INDIRECT(COLUMN(A11)&"!AM"&ROW(A11)+1) -> 0.057851966 | I12: =INDIRECT(COLUMN(B11)&"!AM"&ROW(B11)+1) -> 0.043342262 | J12: =INDIRECT(COLUMN(C11)&"!AM"&ROW(C11)+1) -> 0.050662764 | K12: =INDIRECT(COLUMN(D11)&"!AM"&ROW(D11)+1) -> 0.043894733 | L12: =INDIRECT(COLUMN(E11)&"!AM"&ROW(E11)+1) -> 0.056415742 | M12: =INDIRECT(COLUMN(F11)&"!AM"&ROW(F11)+1) -> 0.046408631 | N12: =INDIRECT(COLUMN(G11)&"!AM"&ROW(G11)+1) -> 0.030365742 | O12: =INDIRECT(COLUMN(H11)&"!AM"&ROW(H11)+1) -> 0.044311865 | ... AF12: =INDIRECT(COLUMN(Y11)&"!AM"&ROW(Y11)+1) -> 0.05265651
A13: Ligo | B13: 100 | C13: 1 | E13: =MIN('1:25'!L13:U13) -> 1753.79 | F13: =AVERAGE('1:25'!W13) -> 1757.2709 | H13: =INDIRECT(COLUMN(A12)&"!AM"&ROW(A12)+1) -> 0.040416469 | I13: =INDIRECT(COLUMN(B12)&"!AM"&ROW(B12)+1) -> 0.014019352 | J13: =INDIRECT(COLUMN(C12)&"!AM"&ROW(C12)+1) -> 0.015353035 | K13: =INDIRECT(COLUMN(D12)&"!AM"&ROW(D12)+1) -> 0.015345623 | L13: =INDIRECT(COLUMN(E12)&"!AM"&ROW(E12)+1) -> 0.016630269 | M13: =INDIRECT(COLUMN(F12)&"!AM"&ROW(F12)+1) -> 0.016461492 | N13: =INDIRECT(COLUMN(G12)&"!AM"&ROW(G12)+1) -> 0.026365756 | O13: =INDIRECT(COLUMN(H12)&"!AM"&ROW(H12)+1) -> 0.014902582 | ... AF13: =INDIRECT(COLUMN(Y12)&"!AM"&ROW(Y12)+1) -> 0.011653619
... A19: fft | B19: 224 | C19: 1 | E19: =MIN('1:25'!L19:U19) -> 71.908 | F19: =AVERAGE('1:25'!W19) -> 71.948252 | H19: =INDIRECT(COLUMN(A18)&"!AM"&ROW(A18)+1) -> 0.019469322 | I19: =INDIRECT(COLUMN(B18)&"!AM"&ROW(B18)+1) -> 0.0056043834 | J19: =INDIRECT(COLUMN(C18)&"!AM"&ROW(C18)+1) -> 0.0059937698 | K19: =INDIRECT(COLUMN(D18)&"!AM"&ROW(D18)+1) -> 0.003421038 | L19: =INDIRECT(COLUMN(E18)&"!AM"&ROW(E18)+1) -> 0.0040746509 | M19: =INDIRECT(COLUMN(F18)&"!AM"&ROW(F18)+1) -> 0.004519664 | N19: =INDIRECT(COLUMN(G18)&"!AM"&ROW(G18)+1) -> 0.0067864494 | O19: =INDIRECT(COLUMN(H18)&"!AM"&ROW(H18)+1) -> 0.0059103299 | ... AF19: =INDIRECT(COLUMN(Y18)&"!AM"&ROW(Y18)+1) -> 0.0018217723
A23: Montage | B23: 25 | C23: 1 | E23: 28.7148 | F23: =F2/E23 -> 0.9937738 | G23: SUM | H23: =SUM(H2:H19) -> 0.67872032 | I23: =SUM(I2:I19) -> 0.65022762 | J23: =SUM(J2:J19) -> 0.60697301 | K23: =SUM(K2:K19) -> 0.58843229 | L23: =SUM(L2:L19) -> 0.60971727 | M23: =SUM(M2:M19) -> 0.56941728 | N23: =SUM(N2:N19) -> 0.59095004 | O23: =SUM(O2:O19) -> 0.53823642 | ... AF23: =SUM(AF2:AF19) -> 0.65560597
A24: Montage | B24: 50 | C24: 1 | E24: 58.25543 | F24: =F3/E24 -> 0.91039699
A25: Montage | B25: 100 | C25: 1 | E25: 105.21427 | F25: =F4/E25 -> 0.98135935 | H25: ='1'!$W2 -> 28.5328 | I25: ='2'!$W2 -> 28.5512 | J25: ='3'!$W2 -> 28.5296 | K25: ='4'!$W2 -> 28.5249 | L25: ='5'!$W2 -> 28.5334 | M25: ='6'!$W2 -> 28.538 | N25: ='7'!$W2 -> 28.5459 | O25: ='8'!$W2 -> 28.5422 | P25: ='9'!$W2 -> 28.5459 | Q25: ='10'!$W2 -> 28.5436 | R25: ='11'!$W2 -> 28.525 | S25: ='12'!$W2 -> 28.5292 | T25: ='13'!$W2 -> 28.5422 | U25: ='14'!$W2 -> 28.551 | V25: ='15'!$W2 -> 28.5338 | W25: ='16'!$W2 -> 28.5334 | X25: ='17'!$W2 -> 28.5417 | Y25: ='18'!$W2 -> 28.5376 | Z25: ='19'!$W2 -> 28.5478 | AA25: ='20'!$W2 -> 28.5166 | AB25: ='21'!$W2 -> 28.525 | AC25: ='22'!$W2 -> 28.5375 | AD25: ='23'!$W2 -> 28.5292 | AE25: ='24'!$W2 -> 28.5166 | AF25: ='25'!$W2 -> 28.5463
A26: CyberShake | B26: 30 | C26: 1 | E26: 171.00667 | F26: =F5/E26 -> 0.91298778
A27: CyberShake | B27: 50 | C27: 1 | E27: 196.14333 | F27: =F6/E27 -> 0.91963437
A28: CyberShake | B28: 100 | C28: 1 | E28: 250.31558 | F28: =F7/E28 -> 0.95619411
A29: Epigenomics | B29: 24 | C29: 1 | E29: 2540.1985 | F29: =F8/E29 -> 0.91369502
A30: Epigenomics | B30: 47 | C30: 1 | E30: 4346.2297 | F30: =F9/E30 -> 0.9925845
A31: Epigenomics | B31: 100 | C31: 1 | E31: 35669.695 | F31: =F10/E31 -> 0.98840597
A32: Ligo | B32: 30 | C32: 1 | E32: 699.02291 | F32: =F11/E32 -> 0.94099656
A33: Ligo | B33: 50 | C33: 1 | E33: 1027.0157 | F33: =F12/E33 -> 0.9682788
A34: Ligo | B34: 100 | C34: 1 | E34: 1774.48 | F34: =F13/E34 -> 0.99030189
A35: gaussian | B35: 9 | C35: 1 | E35: 8.54243 | F35: =F14/E35 -> 0.99994966
A36: gaussian | B36: 209 | C36: 1 | E36: 80.12583 | F36: =F15/E36 -> 0.95568428
A37: gaussian | B37: 324 | C37: 1 | E37: 122.97587 | F37: =F16/E37 -> 0.96806068
... A40: fft | B40: 224 | C40: 1 | E40: 72.35577 | F40: =F19/E40 -> 0.99436786
F41: =AVERAGE(F23:F40) -> 0.96160812

Sheet 1
A1: Montage | B1: 25 | C1: 1 | D1: 28.582 | E1: 5.292 | F1: 218 | H1: ty | I1: sz | J1: ra | L1: 1 | M1: 2 | N1: 3 | O1: 4 | P1: 5 | Q1: 6 | R1: 7 | S1: 8 | T1: 9 | U1: 10 | W1: average | Y1: Min | AM1: sum
A2: Montage | B2: 25 | C2: 1 | D2: 28.504 | E2: 5.293 | F2: 273 | H2: Montage | I2: 25 | J2: 1 | L2: =INDIRECT("D"&1+(ROW(D1)-1)*10+COLUMN(A1)-1) -> 28.582 | M2: =INDIRECT("D"&1+(ROW(E1)-1)*10+COLUMN(B1)-1) -> 28.504 | N2: =INDIRECT("D"&1+(ROW(F1)-1)*10+COLUMN(C1)-1) -> 28.546 | O2: =INDIRECT("D"&1+(ROW(G1)-1)*10+COLUMN(D1)-1) -> 28.504 | P2: =INDIRECT("D"&1+(ROW(H1)-1)*10+COLUMN(E1)-1) -> 28.504 | Q2: =INDIRECT("D"&1+(ROW(I1)-1)*10+COLUMN(F1)-1) -> 28.504 | R2: =INDIRECT("D"&1+(ROW(J1)-1)*10+COLUMN(G1)-1) -> 28.546 | S2: =INDIRECT("D"&1+(ROW(K1)-1)*10+COLUMN(H1)-1) -> 28.546 | ... U2: =INDIRECT("D"&1+(ROW(M1)-1)*10+COLUMN(J1)-1) -> 28.546 | W2: =AVERAGE(L2:U2) -> 28.5328 | Y2: =Total!E2 -> 28.504 | AB2: =(L2-$Y2)/$Y2 -> 0.002736458 | AC2: =(M2-$Y2)/$Y2 -> 0 | AD2: =(N2-$Y2)/$Y2 -> 0.0014734774 | AE2: =(O2-$Y2)/$Y2 -> 0 | AF2: =(P2-$Y2)/$Y2 -> 0 | AG2: =(Q2-$Y2)/$Y2 -> 0 | AH2: =(R2-$Y2)/$Y2 -> 0.0014734774 | AI2: =(S2-$Y2)/$Y2 -> 0.0014734774 | ... AK2: =(U2-$Y2)/$Y2 -> 0.0014734774 | AM2: =SUM(AB2:AK2) -> 0.010103845
A3: Montage | B3: 25 | C3: 1 | D3: 28.546 | E3: 5.279 | F3: 236 | H3: Montage | I3: 50 | J3: 1 | L3: =INDIRECT("D"&1+(ROW(D2)-1)*10+COLUMN(A2)-1) -> 53.077 | M3: =INDIRECT("D"&1+(ROW(E2)-1)*10+COLUMN(B2)-1) -> 53.127 | N3: =INDIRECT("D"&1+(ROW(F2)-1)*10+COLUMN(C2)-1) -> 52.927 | O3: =INDIRECT("D"&1+(ROW(G2)-1)*10+COLUMN(D2)-1) -> 53.048 | P3: =INDIRECT("D"&1+(ROW(H2)-1)*10+COLUMN(E2)-1) -> 53.067 | Q3: =INDIRECT("D"&1+(ROW(I2)-1)*10+COLUMN(F2)-1) -> 53.077 | R3: =INDIRECT("D"&1+(ROW(J2)-1)*10+COLUMN(G2)-1) -> 53.077 | S3: =INDIRECT("D"&1+(ROW(K2)-1)*10+COLUMN(H2)-1) -> 53.037 | ... U3: =INDIRECT("D"&1+(ROW(M2)-1)*10+COLUMN(J2)-1) -> 52.927 | W3: =AVERAGE(L3:U3) -> 53.0431 | Y3: =Total!E3 -> 52.927 | AB3: =(L3-$Y3)/$Y3 -> 0.0028340922 | AC3: =(M3-$Y3)/$Y3 -> 0.0037787897 | AD3: =(N3-$Y3)/$Y3 -> 0 | AE3: =(O3-$Y3)/$Y3 -> 0.0022861677 | AF3: =(P3-$Y3)/$Y3 -> 0.0026451528 | AG3: =(Q3-$Y3)/$Y3 -> 0.0028340922 | AH3: =(R3-$Y3)/$Y3 -> 0.0028340922 | AI3: =(S3-$Y3)/$Y3 -> 0.0020783343 | ... AK3: =(U3-$Y3)/$Y3 -> 0 | AM3: =SUM(AB3:AK3) -> 0.021935874
A4: Montage | B4: 25 | C4: 1 | D4: 28.504 | E4: 5.279 | F4: 273 | H4: Montage | I4: 100 | J4: 1 | L4: =INDIRECT("D"&1+(ROW(D3)-1)*10+COLUMN(A3)-1) -> 103.314 | M4: =INDIRECT("D"&1+(ROW(E3)-1)*10+COLUMN(B3)-1) -> 103.259 | N4: =INDIRECT("D"&1+(ROW(F3)-1)*10+COLUMN(C3)-1) -> 103.322 | O4: =INDIRECT("D"&1+(ROW(G3)-1)*10+COLUMN(D3)-1) -> 103.422 | P4: =INDIRECT("D"&1+(ROW(H3)-1)*10+COLUMN(E3)-1) -> 103.324 | Q4: =INDIRECT("D"&1+(ROW(I3)-1)*10+COLUMN(F3)-1) -> 103.26 | R4: =INDIRECT("D"&1+(ROW(J3)-1)*10+COLUMN(G3)-1) -> 103.203 | S4: =INDIRECT("D"&1+(ROW(K3)-1)*10+COLUMN(H3)-1) -> 103.282 | ... U4: =INDIRECT("D"&1+(ROW(M3)-1)*10+COLUMN(J3)-1) -> 103.325 | W4: =AVERAGE(L4:U4) -> 103.2982 | Y4: =Total!E4 -> 102.802 | AB4: =(L4-$Y4)/$Y4 -> 0.0049804479 | AC4: =(M4-$Y4)/$Y4 -> 0.0044454388 | AD4: =(N4-$Y4)/$Y4 -> 0.0050582673 | AE4: =(O4-$Y4)/$Y4 -> 0.0060310111 | AF4: =(P4-$Y4)/$Y4 -> 0.0050777222 | AG4: =(Q4-$Y4)/$Y4 -> 0.0044551662 | AH4: =(R4-$Y4)/$Y4 -> 0.0039007023 | AI4: =(S4-$Y4)/$Y4 -> 0.0046691699 | ... AK4: =(U4-$Y4)/$Y4 -> 0.0050874497 | AM4: =SUM(AB4:AK4) -> 0.048267543
A5: Montage | B5: 25 | C5: 1 | D5: 28.504 | E5: 5.278 | F5: 365 | H5: CyberShake | I5: 30 | J5: 1 | L5: =INDIRECT("D"&1+(ROW(D4)-1)*10+COLUMN(A4)-1) -> 156.127 | M5: =INDIRECT("D"&1+(ROW(E4)-1)*10+COLUMN(B4)-1) -> 156.127 | N5: =INDIRECT("D"&1+(ROW(F4)-1)*10+COLUMN(C4)-1) -> 156.127 | O5: =INDIRECT("D"&1+(ROW(G4)-1)*10+COLUMN(D4)-1) -> 156.127 | P5: =INDIRECT("D"&1+(ROW(H4)-1)*10+COLUMN(E4)-1) -> 156.127 | Q5: =INDIRECT("D"&1+(ROW(I4)-1)*10+COLUMN(F4)-1) -> 156.127 | R5: =INDIRECT("D"&1+(ROW(J4)-1)*10+COLUMN(G4)-1) -> 156.127 | S5: =INDIRECT("D"&1+(ROW(K4)-1)*10+COLUMN(H4)-1) -> 156.127 | ... U5: =INDIRECT("D"&1+(ROW(M4)-1)*10+COLUMN(J4)-1) -> 156.127 | W5: =AVERAGE(L5:U5) -> 156.127 | Y5: =Total!E5 -> 156.127 | AB5: =(L5-$Y5)/$Y5 -> 0 | AC5: =(M5-$Y5)/$Y5 -> 0 | AD5: =(N5-$Y5)/$Y5 -> 0 | AE5: =(O5-$Y5)/$Y5 -> 0 | AF5: =(P5-$Y5)/$Y5 -> 0 | AG5: =(Q5-$Y5)/$Y5 -> 0 | AH5: =(R5-$Y5)/$Y5 -> 0 | AI5: =(S5-$Y5)/$Y5 -> 0 | ... AK5: =(U5-$Y5)/$Y5 -> 0 | AM5: =SUM(AB5:AK5) -> 0
A6: Montage | B6: 25 | C6: 1 | D6: 28.504 | E6: 5.297 | F6: 272 | H6: CyberShake | I6: 50 | J6: 1 | L6: =INDIRECT("D"&1+(ROW(D5)-1)*10+COLUMN(A5)-1) -> 179.938 | M6: =INDIRECT("D"&1+(ROW(E5)-1)*10+COLUMN(B5)-1) -> 179.673 | N6: =INDIRECT("D"&1+(ROW(F5)-1)*10+COLUMN(C5)-1) -> 179.938 | O6: =INDIRECT("D"&1+(ROW(G5)-1)*10+COLUMN(D5)-1) -> 179.938 | P6: =INDIRECT("D"&1+(ROW(H5)-1)*10+COLUMN(E5)-1) -> 179.938 | Q6: =INDIRECT("D"&1+(ROW(I5)-1)*10+COLUMN(F5)-1) -> 179.938 | R6: =INDIRECT("D"&1+(ROW(J5)-1)*10+COLUMN(G5)-1) -> 179.938 | S6: =INDIRECT("D"&1+(ROW(K5)-1)*10+COLUMN(H5)-1) -> 179.938 | ... U6: =INDIRECT("D"&1+(ROW(M5)-1)*10+COLUMN(J5)-1) -> 179.673 | W6: =AVERAGE(L6:U6) -> 179.8585 | Y6: =Total!E6 -> 179.673 | AB6: =(L6-$Y6)/$Y6 -> 0.0014749016 | AC6: =(M6-$Y6)/$Y6 -> 0 | AD6: =(N6-$Y6)/$Y6 -> 0.0014749016 | AE6: =(O6-$Y6)/$Y6 -> 0.0014749016 | AF6: =(P6-$Y6)/$Y6 -> 0.0014749016 | AG6: =(Q6-$Y6)/$Y6 -> 0.0014749016 | AH6: =(R6-$Y6)/$Y6 -> 0.0014749016 | AI6: =(S6-$Y6)/$Y6 -> 0.0014749016 | ... AK6: =(U6-$Y6)/$Y6 -> 0 | AM6: =SUM(AB6:AK6) -> 0.010324311
A7: Montage | B7: 25 | C7: 1 | D7: 28.546 | E7: 5.278 | F7: 260 | H7: CyberShake | I7: 100 | J7: 1 | L7: =INDIRECT("D"&1+(ROW(D6)-1)*10+COLUMN(A6)-1) -> 239.183 | M7: =INDIRECT("D"&1+(ROW(E6)-1)*10+COLUMN(B6)-1) -> 239.145 | N7: =INDIRECT("D"&1+(ROW(F6)-1)*10+COLUMN(C6)-1) -> 239.417 | O7: =INDIRECT("D"&1+(ROW(G6)-1)*10+COLUMN(D6)-1) -> 239.62 | P7: =INDIRECT("D"&1+(ROW(H6)-1)*10+COLUMN(E6)-1) -> 239.316 | Q7: =INDIRECT("D"&1+(ROW(I6)-1)*10+COLUMN(F6)-1) -> 238.9 | R7: =INDIRECT("D"&1+(ROW(J6)-1)*10+COLUMN(G6)-1) -> 239.375 | S7: =INDIRECT("D"&1+(ROW(K6)-1)*10+COLUMN(H6)-1) -> 239.559 | ... U7: =INDIRECT("D"&1+(ROW(M6)-1)*10+COLUMN(J6)-1) -> 240.41 | W7: =AVERAGE(L7:U7) -> 239.4065 | Y7: =Total!E7 -> 238.867 | AB7: =(L7-$Y7)/$Y7 -> 0.0013229119 | AC7: =(M7-$Y7)/$Y7 -> 0.0011638276 | AD7: =(N7-$Y7)/$Y7 -> 0.0023025366 | AE7: =(O7-$Y7)/$Y7 -> 0.0031523819 | AF7: =(P7-$Y7)/$Y7 -> 0.0018797071 | AG7: =(Q7-$Y7)/$Y7 -> 0.00013815219 | AH7: =(R7-$Y7)/$Y7 -> 0.0021267065 | AI7: =(S7-$Y7)/$Y7 -> 0.0028970096 | ... AK7: =(U7-$Y7)/$Y7 -> 0.0064596617 | AM7: =SUM(AB7:AK7) -> 0.02258579
A8: Montage | B8: 25 | C8: 1 | D8: 28.546 | E8: 5.279 | F8: 243 | H8: Epigenomics | I8: 24 | J8: 1 | L8: =INDIRECT("D"&1+(ROW(D7)-1)*10+COLUMN(A7)-1) -> 2320.908 | M8: =INDIRECT("D"&1+(ROW(E7)-1)*10+COLUMN(B7)-1) -> 2320.908 | N8: =INDIRECT("D"&1+(ROW(F7)-1)*10+COLUMN(C7)-1) -> 2320.908 | O8: =INDIRECT("D"&1+(ROW(G7)-1)*10+COLUMN(D7)-1) -> 2320.908 | P8: =INDIRECT("D"&1+(ROW(H7)-1)*10+COLUMN(E7)-1) -> 2320.908 | Q8: =INDIRECT("D"&1+(ROW(I7)-1)*10+COLUMN(F7)-1) -> 2320.908 | R8: =INDIRECT("D"&1+(ROW(J7)-1)*10+COLUMN(G7)-1) -> 2320.908 | S8: =INDIRECT("D"&1+(ROW(K7)-1)*10+COLUMN(H7)-1) -> 2320.908 | ... U8: =INDIRECT("D"&1+(ROW(M7)-1)*10+COLUMN(J7)-1) -> 2320.908 | W8: =AVERAGE(L8:U8) -> 2320.908 | Y8: =Total!E8 -> 2320.908 | AB8: =(L8-$Y8)/$Y8 -> 0 | AC8: =(M8-$Y8)/$Y8 -> 0 | AD8: =(N8-$Y8)/$Y8 -> 0 | AE8: =(O8-$Y8)/$Y8 -> 0 | AF8: =(P8-$Y8)/$Y8 -> 0 | AG8: =(Q8-$Y8)/$Y8 -> 0 | AH8: =(R8-$Y8)/$Y8 -> 0 | AI8: =(S8-$Y8)/$Y8 -> 0 | ... AK8: =(U8-$Y8)/$Y8 -> 0 | AM8: =SUM(AB8:AK8) -> 0
A9: Montage | B9: 25 | C9: 1 | D9: 28.546 | E9: 5.278 | F9: 308 | H9: Epigenomics | I9: 47 | J9: 1 | L9: =INDIRECT("D"&1+(ROW(D8)-1)*10+COLUMN(A8)-1) -> 4313.61 | M9: =INDIRECT("D"&1+(ROW(E8)-1)*10+COLUMN(B8)-1) -> 4313.61 | N9: =INDIRECT("D"&1+(ROW(F8)-1)*10+COLUMN(C8)-1) -> 4313.61 | O9: =INDIRECT("D"&1+(ROW(G8)-1)*10+COLUMN(D8)-1) -> 4313.61 | P9: =INDIRECT("D"&1+(ROW(H8)-1)*10+COLUMN(E8)-1) -> 4313.61 | Q9: =INDIRECT("D"&1+(ROW(I8)-1)*10+COLUMN(F8)-1) -> 4313.61 | R9: =INDIRECT("D"&1+(ROW(J8)-1)*10+COLUMN(G8)-1) -> 4313.61 | S9: =INDIRECT("D"&1+(ROW(K8)-1)*10+COLUMN(H8)-1) -> 4313.61 | ... U9: =INDIRECT("D"&1+(ROW(M8)-1)*10+COLUMN(J8)-1) -> 4313.61 | W9: =AVERAGE(L9:U9) -> 4313.61 | Y9: =Total!E9 -> 4313.61 | AB9: =(L9-$Y9)/$Y9 -> 0 | AC9: =(M9-$Y9)/$Y9 -> 0 | AD9: =(N9-$Y9)/$Y9 -> 0 | AE9: =(O9-$Y9)/$Y9 -> 0 | AF9: =(P9-$Y9)/$Y9 -> 0 | AG9: =(Q9-$Y9)/$Y9 -> 0 | AH9: =(R9-$Y9)/$Y9 -> 0 | AI9: =(S9-$Y9)/$Y9 -> 0 | ... AK9: =(U9-$Y9)/$Y9 -> 0 | AM9: =SUM(AB9:AK9) -> 0
A10: Montage | B10: 25 | C10: 1 | D10: 28.546 | E10: 5.274 | F10: 284 | H10: Epigenomics | I10: 100 | J10: 1 | L10: =INDIRECT("D"&1+(ROW(D9)-1)*10+COLUMN(A9)-1) -> 35273.672 | M10: =INDIRECT("D"&1+(ROW(E9)-1)*10+COLUMN(B9)-1) -> 35276.642 | N10: =INDIRECT("D"&1+(ROW(F9)-1)*10+COLUMN(C9)-1) -> 35342.047 | O10: =INDIRECT("D"&1+(ROW(G9)-1)*10+COLUMN(D9)-1) -> 35298.271 | P10: =INDIRECT("D"&1+(ROW(H9)-1)*10+COLUMN(E9)-1) -> 35312.064 | Q10: =INDIRECT("D"&1+(ROW(I9)-1)*10+COLUMN(F9)-1) -> 35269.238 | R10: =INDIRECT("D"&1+(ROW(J9)-1)*10+COLUMN(G9)-1) -> 35246.097 | S10: =INDIRECT("D"&1+(ROW(K9)-1)*10+COLUMN(H9)-1) -> 35244.377 | ... U10: =INDIRECT("D"&1+(ROW(M9)-1)*10+COLUMN(J9)-1) -> 35234.638 | W10: =AVERAGE(L10:U10) -> 35277.02 | Y10: =Total!E10 -> 35210.383 | AB10: =(L10-$Y10)/$Y10 -> 0.0017974528 | AC10: =(M10-$Y10)/$Y10 -> 0.0018818029 | AD10: =(N10-$Y10)/$Y10 -> 0.0037393515 | AE10: =(O10-$Y10)/$Y10 -> 0.0024960819 | AF10: =(P10-$Y10)/$Y10 -> 0.0028878129 | AG10: =(Q10-$Y10)/$Y10 -> 0.001671524 | AH10: =(R10-$Y10)/$Y10 -> 0.0010143031 | AI10: =(S10-$Y10)/$Y10 -> 0.00096545385 | ... AK10: =(U10-$Y10)/$Y10 -> 0.00068885931 | AM10: =SUM(AB10:AK10) -> 0.018925469
A11: Montage | B11: 50 | C11: 1 | D11: 53.077 | E11: 19.581 | F11: 367 | H11: Ligo | I11: 30 | J11: 1 | L11: =INDIRECT("D"&1+(ROW(D10)-1)*10+COLUMN(A10)-1) -> 657.356 | M11: =INDIRECT("D"&1+(ROW(E10)-1)*10+COLUMN(B10)-1) -> 657.33 | N11: =INDIRECT("D"&1+(ROW(F10)-1)*10+COLUMN(C10)-1) -> 657.356 | O11: =INDIRECT("D"&1+(ROW(G10)-1)*10+COLUMN(D10)-1) -> 658.233 | P11: =INDIRECT("D"&1+(ROW(H10)-1)*10+COLUMN(E10)-1) -> 657.356 | Q11: =INDIRECT("D"&1+(ROW(I10)-1)*10+COLUMN(F10)-1) -> 657.324 | R11: =INDIRECT("D"&1+(ROW(J10)-1)*10+COLUMN(G10)-1) -> 657.356 | S11: =INDIRECT("D"&1+(ROW(K10)-1)*10+COLUMN(H10)-1) -> 657.356 | ... U11: =INDIRECT("D"&1+(ROW(M10)-1)*10+COLUMN(J10)-1) -> 657.356 | W11: =AVERAGE(L11:U11) -> 657.4379 | Y11: =Total!E11 -> 655.465 | AB11: =(L11-$Y11)/$Y11 -> 0.0028849748 | AC11: =(M11-$Y11)/$Y11 -> 0.0028453083 | AD11: =(N11-$Y11)/$Y11 -> 0.0028849748 | AE11: =(O11-$Y11)/$Y11 -> 0.0042229562 | AF11: =(P11-$Y11)/$Y11 -> 0.0028849748 | AG11: =(Q11-$Y11)/$Y11 -> 0.0028361545 | AH11: =(R11-$Y11)/$Y11 -> 0.0028849748 | AI11: =(S11-$Y11)/$Y11 -> 0.0028849748 | ... AK11: =(U11-$Y11)/$Y11 -> 0.0028849748 | AM11: =SUM(AB11:AK11) -> 0.030099243
A12: Montage | B12: 50 | C12: 1 | D12: 53.127 | E12: 19.57 | F12: 366 | H12: Ligo | I12: 50 | J12: 1 | L12: =INDIRECT("D"&1+(ROW(D11)-1)*10+COLUMN(A11)-1) -> 995.476 | M12: =INDIRECT("D"&1+(ROW(E11)-1)*10+COLUMN(B11)-1) -> 995.75 | N12: =INDIRECT("D"&1+(ROW(F11)-1)*10+COLUMN(C11)-1) -> 996.458 | O12: =INDIRECT("D"&1+(ROW(G11)-1)*10+COLUMN(D11)-1) -> 993.677 | P12: =INDIRECT("D"&1+(ROW(H11)-1)*10+COLUMN(E11)-1) -> 999.255 | Q12: =INDIRECT("D"&1+(ROW(I11)-1)*10+COLUMN(F11)-1) -> 995.883 | R12: =INDIRECT("D"&1+(ROW(J11)-1)*10+COLUMN(G11)-1) -> 994.349 | S12: =INDIRECT("D"&1+(ROW(K11)-1)*10+COLUMN(H11)-1) -> 996.3 | ... U12: =INDIRECT("D"&1+(ROW(M11)-1)*10+COLUMN(J11)-1) -> 996.248 | W12: =AVERAGE(L12:U12) -> 995.8239 | Y12: =Total!E12 -> 990.096 | AB12: =(L12-$Y12)/$Y12 -> 0.0054338165 | AC12: =(M12-$Y12)/$Y12 -> 0.0057105574 | AD12: =(N12-$Y12)/$Y12 -> 0.0064256395 | AE12: =(O12-$Y12)/$Y12 -> 0.003616821 | AF12: =(P12-$Y12)/$Y12 -> 0.0092506181 | AG12: =(Q12-$Y12)/$Y12 -> 0.0058448878 | AH12: =(R12-$Y12)/$Y12 -> 0.0042955431 | AI12: =(S12-$Y12)/$Y12 -> 0.006266059 | ... AK12: =(U12-$Y12)/$Y12 -> 0.0062135389 | AM12: =SUM(AB12:AK12) -> 0.057851966
A13: Montage | B13: 50 | C13: 1 | D13: 52.927 | E13: 19.572 | F13: 391 | H13: Ligo | I13: 100 | J13: 1 | L13: =INDIRECT("D"&1+(ROW(D12)-1)*10+COLUMN(A12)-1) -> 1763.951 | M13: =INDIRECT("D"&1+(ROW(E12)-1)*10+COLUMN(B12)-1) -> 1765.662 | N13: =INDIRECT("D"&1+(ROW(F12)-1)*10+COLUMN(C12)-1) -> 1762.365 | O13: =INDIRECT("D"&1+(ROW(G12)-1)*10+COLUMN(D12)-1) -> 1758.605 | P13: =INDIRECT("D"&1+(ROW(H12)-1)*10+COLUMN(E12)-1) -> 1757.977 | Q13: =INDIRECT("D"&1+(ROW(I12)-1)*10+COLUMN(F12)-1) -> 1760.407 | R13: =INDIRECT("D"&1+(ROW(J12)-1)*10+COLUMN(G12)-1) -> 1758.583 | S13: =INDIRECT("D"&1+(ROW(K12)-1)*10+COLUMN(H12)-1) -> 1759.213 | ... U13: =INDIRECT("D"&1+(ROW(M12)-1)*10+COLUMN(J12)-1) -> 1757.567 | W13: =AVERAGE(L13:U13) -> 1760.8782 | Y13: =Total!E13 -> 1753.79 | AB13: =(L13-$Y13)/$Y13 -> 0.0057937381 | AC13: =(M13-$Y13)/$Y13 -> 0.0067693395 | AD13: =(N13-$Y13)/$Y13 -> 0.0048894109 | AE13: =(O13-$Y13)/$Y13 -> 0.0027454826 | AF13: =(P13-$Y13)/$Y13 -> 0.002387401 | AG13: =(Q13-$Y13)/$Y13 -> 0.0037729717 | AH13: =(R13-$Y13)/$Y13 -> 0.0027329384 | AI13: =(S13-$Y13)/$Y13 -> 0.0030921604 | ... AK13: =(U13-$Y13)/$Y13 -> 0.0021536216 | AM13: =SUM(AB13:AK13) -> 0.040416469
... A19: Montage | B19: 50 | C19: 1 | D19: 53.067 | E19: 19.564 | F19: 366 | H19: fft | I19: 224 | J19: 1 | L19: =INDIRECT("D"&1+(ROW(D18)-1)*10+COLUMN(A18)-1) -> 72.064 | M19: =INDIRECT("D"&1+(ROW(E18)-1)*10+COLUMN(B18)-1) -> 72.088 | N19: =INDIRECT("D"&1+(ROW(F18)-1)*10+COLUMN(C18)-1) -> 72.08 | O19: =INDIRECT("D"&1+(ROW(G18)-1)*10+COLUMN(D18)-1) -> 71.996 | P19: =INDIRECT("D"&1+(ROW(H18)-1)*10+COLUMN(E18)-1) -> 72.037 | Q19: =INDIRECT("D"&1+(ROW(I18)-1)*10+COLUMN(F18)-1) -> 72.07 | R19: =INDIRECT("D"&1+(ROW(J18)-1)*10+COLUMN(G18)-1) -> 71.998 | S19: =INDIRECT("D"&1+(ROW(K18)-1)*10+COLUMN(H18)-1) -> 71.972 | ... U19: =INDIRECT("D"&1+(ROW(M18)-1)*10+COLUMN(J18)-1) -> 72.124 | W19: =AVERAGE(L19:U19) -> 72.048 | Y19: =Total!E19 -> 71.908 | AB19: =(L19-$Y19)/$Y19 -> 0.0021694387 | AC19: =(M19-$Y19)/$Y19 -> 0.0025031985 | AD19: =(N19-$Y19)/$Y19 -> 0.0023919453 | AE19: =(O19-$Y19)/$Y19 -> 0.0012237859 | AF19: =(P19-$Y19)/$Y19 -> 0.0017939589 | AG19: =(Q19-$Y19)/$Y19 -> 0.0022528787 | AH19: =(R19-$Y19)/$Y19 -> 0.0012515993 | AI19: =(S19-$Y19)/$Y19 -> 0.00089002614 | ... AK19: =(U19-$Y19)/$Y19 -> 0.0030038382 | AM19: =SUM(AB19:AK19) -> 0.019469322
A20: Montage | B20: 50 | C20: 1 | D20: 52.927 | E20: 19.586 | F20: 378
A21: Montage | B21: 100 | C21: 1 | D21: 103.314 | E21: 101.997 | F21: 630
A22: Montage | B22: 100 | C22: 1 | D22: 103.259 | E22: 102.09 | F22: 578
A23: Montage | B23: 100 | C23: 1 | D23: 103.322 | E23: 102.059 | F23: 635
A24: Montage | B24: 100 | C24: 1 | D24: 103.422 | E24: 102.062 | F24: 600
A25: Montage | B25: 100 | C25: 1 | D25: 103.324 | E25: 102.072 | F25: 622
A26: Montage | B26: 100 | C26: 1 | D26: 103.26 | E26: 102.088 | F26: 622
A27: Montage | B27: 100 | C27: 1 | D27: 103.203 | E27: 102.156 | F27: 586
A28: Montage | B28: 100 | C28: 1 | D28: 103.282 | E28: 102.054 | F28: 642
A29: Montage | B29: 100 | C29: 1 | D29: 103.271 | E29: 102.029 | F29: 598
A30: Montage | B30: 100 | C30: 1 | D30: 103.325 | E30: 102.032 | F30: 629
A31: CyberShake | B31: 30 | C31: 1 | D31: 156.127 | E31: 8.008 | F31: 280
... A180: fft | B180: 224 | C180: 1 | D180: 72.124 | E180: 255.822 | F180: 321

Sheet 2
A1: Montage | B1: 25 | C1: 1 | D1: 28.587 | E1: 5.294 | F1: 226 | H1: ty | I1: sz | J1: ra | L1: 1 | M1: 2 | N1: 3 | O1: 4 | P1: 5 | Q1: 6 | R1: 7 | S1: 8 | T1: 9 | U1: 10 | W1: average | Y1: Min | AM1: sum
A2: Montage | B2: 25 | C2: 1 | D2: 28.546 | E2: 5.283 | F2: 256 | H2: Montage | I2: 25 | J2: 1 | L2: =INDIRECT("D"&1+(ROW(D1)-1)*10+COLUMN(A1)-1) -> 28.587 | M2: =INDIRECT("D"&1+(ROW(E1)-1)*10+COLUMN(B1)-1) -> 28.546 | N2: =INDIRECT("D"&1+(ROW(F1)-1)*10+COLUMN(C1)-1) -> 28.504 | O2: =INDIRECT("D"&1+(ROW(G1)-1)*10+COLUMN(D1)-1) -> 28.596 | P2: =INDIRECT("D"&1+(ROW(H1)-1)*10+COLUMN(E1)-1) -> 28.504 | Q2: =INDIRECT("D"&1+(ROW(I1)-1)*10+COLUMN(F1)-1) -> 28.546 | R2: =INDIRECT("D"&1+(ROW(J1)-1)*10+COLUMN(G1)-1) -> 28.587 | S2: =INDIRECT("D"&1+(ROW(K1)-1)*10+COLUMN(H1)-1) -> 28.504 | ... U2: =INDIRECT("D"&1+(ROW(M1)-1)*10+COLUMN(J1)-1) -> 28.592 | W2: =AVERAGE(L2:U2) -> 28.5512 | Y2: =Total!E2 -> 28.504 | AB2: =(L2-$Y2)/$Y2 -> 0.002911872 | AC2: =(M2-$Y2)/$Y2 -> 0.0014734774 | AD2: =(N2-$Y2)/$Y2 -> 0 | AE2: =(O2-$Y2)/$Y2 -> 0.0032276172 | AF2: =(P2-$Y2)/$Y2 -> 0 | AG2: =(Q2-$Y2)/$Y2 -> 0.0014734774 | AH2: =(R2-$Y2)/$Y2 -> 0.002911872 | AI2: =(S2-$Y2)/$Y2 -> 0 | ... AK2: =(U2-$Y2)/$Y2 -> 0.003087286 | AM2: =SUM(AB2:AK2) -> 0.016559079
A3: Montage | B3: 25 | C3: 1 | D3: 28.504 | E3: 5.293 | F3: 241 | H3: Montage | I3: 50 | J3: 1 | L3: =INDIRECT("D"&1+(ROW(D2)-1)*10+COLUMN(A2)-1) -> 53.367 | M3: =INDIRECT("D"&1+(ROW(E2)-1)*10+COLUMN(B2)-1) -> 52.958 | N3: =INDIRECT("D"&1+(ROW(F2)-1)*10+COLUMN(C2)-1) -> 53.037 | O3: =INDIRECT("D"&1+(ROW(G2)-1)*10+COLUMN(D2)-1) -> 53.092 | P3: =INDIRECT("D"&1+(ROW(H2)-1)*10+COLUMN(E2)-1) -> 53.037 | Q3: =INDIRECT("D"&1+(ROW(I2)-1)*10+COLUMN(F2)-1) -> 53.038 | R3: =INDIRECT("D"&1+(ROW(J2)-1)*10+COLUMN(G2)-1) -> 52.988 | S3: =INDIRECT("D"&1+(ROW(K2)-1)*10+COLUMN(H2)-1) -> 52.987 | ... U3: =INDIRECT("D"&1+(ROW(M2)-1)*10+COLUMN(J2)-1) -> 53.017 | W3: =AVERAGE(L3:U3) -> 53.0638 | Y3: =Total!E3 -> 52.927 | AB3: =(L3-$Y3)/$Y3 -> 0.0083133372 | AC3: =(M3-$Y3)/$Y3 -> 0.0005857124 | AD3: =(N3-$Y3)/$Y3 -> 0.0020783343 | AE3: =(O3-$Y3)/$Y3 -> 0.0031175015 | AF3: =(P3-$Y3)/$Y3 -> 0.0020783343 | AG3: =(Q3-$Y3)/$Y3 -> 0.0020972283 | AH3: =(R3-$Y3)/$Y3 -> 0.0011525308 | AI3: =(S3-$Y3)/$Y3 -> 0.0011336369 | ... AK3: =(U3-$Y3)/$Y3 -> 0.0017004553 | AM3: =SUM(AB3:AK3) -> 0.025846921
A4: Montage | B4: 25 | C4: 1 | D4: 28.596 | E4: 5.289 | F4: 279 | H4: Montage | I4: 100 | J4: 1 | L4: =INDIRECT("D"&1+(ROW(D3)-1)*10+COLUMN(A3)-1) -> 103.302 | M4: =INDIRECT("D"&1+(ROW(E3)-1)*10+COLUMN(B3)-1) -> 103.291 | N4: =INDIRECT("D"&1+(ROW(F3)-1)*10+COLUMN(C3)-1) -> 103.266 | O4: =INDIRECT("D"&1+(ROW(G3)-1)*10+COLUMN(D3)-1) -> 103.272 | P4: =INDIRECT("D"&1+(ROW(H3)-1)*10+COLUMN(E3)-1) -> 103.259 | Q4: =INDIRECT("D"&1+(ROW(I3)-1)*10+COLUMN(F3)-1) -> 103.237 | R4: =INDIRECT("D"&1+(ROW(J3)-1)*10+COLUMN(G3)-1) -> 103.285 | S4: =INDIRECT("D"&1+(ROW(K3)-1)*10+COLUMN(H3)-1) -> 103.154 | ... U4: =INDIRECT("D"&1+(ROW(M3)-1)*10+COLUMN(J3)-1) -> 103.299 | W4: =AVERAGE(L4:U4) -> 103.2613 | Y4: =Total!E4 -> 102.802 | AB4: =(L4-$Y4)/$Y4 -> 0.0048637186 | AC4: =(M4-$Y4)/$Y4 -> 0.0047567168 | AD4: =(N4-$Y4)/$Y4 -> 0.0045135309 | AE4: =(O4-$Y4)/$Y4 -> 0.0045718955 | AF4: =(P4-$Y4)/$Y4 -> 0.0044454388 | AG4: =(Q4-$Y4)/$Y4 -> 0.0042314352 | AH4: =(R4-$Y4)/$Y4 -> 0.0046983522 | AI4: =(S4-$Y4)/$Y4 -> 0.0034240579 | ... AK4: =(U4-$Y4)/$Y4 -> 0.0048345363 | AM4: =SUM(AB4:AK4) -> 0.044678119
A5: Montage | B5: 25 | C5: 1 | D5: 28.504 | E5: 5.29 | F5: 240 | H5: CyberShake | I5: 30 | J5: 1 | L5: =INDIRECT("D"&1+(ROW(D4)-1)*10+COLUMN(A4)-1) -> 156.127 | M5: =INDIRECT("D"&1+(ROW(E4)-1)*10+COLUMN(B4)-1) -> 156.127 | N5: =INDIRECT("D"&1+(ROW(F4)-1)*10+COLUMN(C4)-1) -> 156.127 | O5: =INDIRECT("D"&1+(ROW(G4)-1)*10+COLUMN(D4)-1) -> 156.127 | P5: =INDIRECT("D"&1+(ROW(H4)-1)*10+COLUMN(E4)-1) -> 156.127 | Q5: =INDIRECT("D"&1+(ROW(I4)-1)*10+COLUMN(F4)-1) -> 156.127 | R5: =INDIRECT("D"&1+(ROW(J4)-1)*10+COLUMN(G4)-1) -> 156.127 | S5: =INDIRECT("D"&1+(ROW(K4)-1)*10+COLUMN(H4)-1) -> 156.127 | ... U5: =INDIRECT("D"&1+(ROW(M4)-1)*10+COLUMN(J4)-1) -> 156.127 | W5: =AVERAGE(L5:U5) -> 156.127 | Y5: =Total!E5 -> 156.127 | AB5: =(L5-$Y5)/$Y5 -> 0 | AC5: =(M5-$Y5)/$Y5 -> 0 | AD5: =(N5-$Y5)/$Y5 -> 0 | AE5: =(O5-$Y5)/$Y5 -> 0 | AF5: =(P5-$Y5)/$Y5 -> 0 | AG5: =(Q5-$Y5)/$Y5 -> 0 | AH5: =(R5-$Y5)/$Y5 -> 0 | AI5: =(S5-$Y5)/$Y5 -> 0 | ... AK5: =(U5-$Y5)/$Y5 -> 0 | AM5: =SUM(AB5:AK5) -> 0
A6: Montage | B6: 25 | C6: 1 | D6: 28.546 | E6: 5.281 | F6: 245 | H6: CyberShake | I6: 50 | J6: 1 | L6: =INDIRECT("D"&1+(ROW(D5)-1)*10+COLUMN(A5)-1) -> 180.25 | M6: =INDIRECT("D"&1+(ROW(E5)-1)*10+COLUMN(B5)-1) -> 181.89 | N6: =INDIRECT("D"&1+(ROW(F5)-1)*10+COLUMN(C5)-1) -> 180.871 | O6: =INDIRECT("D"&1+(ROW(G5)-1)*10+COLUMN(D5)-1) -> 181.351 | P6: =INDIRECT("D"&1+(ROW(H5)-1)*10+COLUMN(E5)-1) -> 181.597 | Q6: =INDIRECT("D"&1+(ROW(I5)-1)*10+COLUMN(F5)-1) -> 181.89 | R6: =INDIRECT("D"&1+(ROW(J5)-1)*10+COLUMN(G5)-1) -> 181.717 | S6: =INDIRECT("D"&1+(ROW(K5)-1)*10+COLUMN(H5)-1) -> 179.943 | ... U6: =INDIRECT("D"&1+(ROW(M5)-1)*10+COLUMN(J5)-1) -> 179.938 | W6: =AVERAGE(L6:U6) -> 181.0318 | Y6: =Total!E6 -> 179.673 | AB6: =(L6-$Y6)/$Y6 -> 0.0032113896 | AC6: =(M6-$Y6)/$Y6 -> 0.012339083 | AD6: =(N6-$Y6)/$Y6 -> 0.0066676685 | AE6: =(O6-$Y6)/$Y6 -> 0.0093391884 | AF6: =(P6-$Y6)/$Y6 -> 0.010708342 | AG6: =(Q6-$Y6)/$Y6 -> 0.012339083 | AH6: =(R6-$Y6)/$Y6 -> 0.011376222 | AI6: =(S6-$Y6)/$Y6 -> 0.00150273 | ... AK6: =(U6-$Y6)/$Y6 -> 0.0014749016 | AM6: =SUM(AB6:AK6) -> 0.075626277
A7: Montage | B7: 25 | C7: 1 | D7: 28.587 | E7: 5.284 | F7: 216 | H7: CyberShake | I7: 100 | J7: 1 | L7: =INDIRECT("D"&1+(ROW(D6)-1)*10+COLUMN(A6)-1) -> 239.674 | M7: =INDIRECT("D"&1+(ROW(E6)-1)*10+COLUMN(B6)-1) -> 239.259 | N7: =INDIRECT("D"&1+(ROW(F6)-1)*10+COLUMN(C6)-1) -> 239.253 | O7: =INDIRECT("D"&1+(ROW(G6)-1)*10+COLUMN(D6)-1) -> 239.653 | P7: =INDIRECT("D"&1+(ROW(H6)-1)*10+COLUMN(E6)-1) -> 239.613 | Q7: =INDIRECT("D"&1+(ROW(I6)-1)*10+COLUMN(F6)-1) -> 239.48 | R7: =INDIRECT("D"&1+(ROW(J6)-1)*10+COLUMN(G6)-1) -> 239.23 | S7: =INDIRECT("D"&1+(ROW(K6)-1)*10+COLUMN(H6)-1) -> 239.397 | ... U7: =INDIRECT("D"&1+(ROW(M6)-1)*10+COLUMN(J6)-1) -> 239.218 | W7: =AVERAGE(L7:U7) -> 239.4333 | Y7: =Total!E7 -> 238.867 | AB7: =(L7-$Y7)/$Y7 -> 0.0033784491 | AC7: =(M7-$Y7)/$Y7 -> 0.0016410806 | AD7: =(N7-$Y7)/$Y7 -> 0.001615962 | AE7: =(O7-$Y7)/$Y7 -> 0.0032905341 | AF7: =(P7-$Y7)/$Y7 -> 0.0031230769 | AG7: =(Q7-$Y7)/$Y7 -> 0.0025662817 | AH7: =(R7-$Y7)/$Y7 -> 0.0015196741 | AI7: =(S7-$Y7)/$Y7 -> 0.002218808 | ... AK7: =(U7-$Y7)/$Y7 -> 0.001469437 | AM7: =SUM(AB7:AK7) -> 0.023707754
A8: Montage | B8: 25 | C8: 1 | D8: 28.504 | E8: 5.299 | F8: 248 | H8: Epigenomics | I8: 24 | J8: 1 | L8: =INDIRECT("D"&1+(ROW(D7)-1)*10+COLUMN(A7)-1) -> 2328.248 | M8: =INDIRECT("D"&1+(ROW(E7)-1)*10+COLUMN(B7)-1) -> 2320.908 | N8: =INDIRECT("D"&1+(ROW(F7)-1)*10+COLUMN(C7)-1) -> 2320.908 | O8: =INDIRECT("D"&1+(ROW(G7)-1)*10+COLUMN(D7)-1) -> 2320.908 | P8: =INDIRECT("D"&1+(ROW(H7)-1)*10+COLUMN(E7)-1) -> 2320.908 | Q8: =INDIRECT("D"&1+(ROW(I7)-1)*10+COLUMN(F7)-1) -> 2320.908 | R8: =INDIRECT("D"&1+(ROW(J7)-1)*10+COLUMN(G7)-1) -> 2320.908 | S8: =INDIRECT("D"&1+(ROW(K7)-1)*10+COLUMN(H7)-1) -> 2320.908 | ... U8: =INDIRECT("D"&1+(ROW(M7)-1)*10+COLUMN(J7)-1) -> 2328.248 | W8: =AVERAGE(L8:U8) -> 2322.376 | Y8: =Total!E8 -> 2320.908 | AB8: =(L8-$Y8)/$Y8 -> 0.0031625553 | AC8: =(M8-$Y8)/$Y8 -> 0 | AD8: =(N8-$Y8)/$Y8 -> 0 | AE8: =(O8-$Y8)/$Y8 -> 0 | AF8: =(P8-$Y8)/$Y8 -> 0 | AG8: =(Q8-$Y8)/$Y8 -> 0 | AH8: =(R8-$Y8)/$Y8 -> 0 | AI8: =(S8-$Y8)/$Y8 -> 0 | ... AK8: =(U8-$Y8)/$Y8 -> 0.0031625553 | AM8: =SUM(AB8:AK8) -> 0.0063251107
A9: Montage | B9: 25 | C9: 1 | D9: 28.546 | E9: 5.291 | F9: 233 | H9: Epigenomics | I9: 47 | J9: 1 | L9: =INDIRECT("D"&1+(ROW(D8)-1)*10+COLUMN(A8)-1) -> 4313.61 | M9: =INDIRECT("D"&1+(ROW(E8)-1)*10+COLUMN(B8)-1) -> 4313.61 | N9: =INDIRECT("D"&1+(ROW(F8)-1)*10+COLUMN(C8)-1) -> 4313.61 | O9: =INDIRECT("D"&1+(ROW(G8)-1)*10+COLUMN(D8)-1) -> 4318.488 | P9: =INDIRECT("D"&1+(ROW(H8)-1)*10+COLUMN(E8)-1) -> 4318.488 | Q9: =INDIRECT("D"&1+(ROW(I8)-1)*10+COLUMN(F8)-1) -> 4313.61 | R9: =INDIRECT("D"&1+(ROW(J8)-1)*10+COLUMN(G8)-1) -> 4313.61 | S9: =INDIRECT("D"&1+(ROW(K8)-1)*10+COLUMN(H8)-1) -> 4313.61 | ... U9: =INDIRECT("D"&1+(ROW(M8)-1)*10+COLUMN(J8)-1) -> 4313.61 | W9: =AVERAGE(L9:U9) -> 4314.5856 | Y9: =Total!E9 -> 4313.61 | AB9: =(L9-$Y9)/$Y9 -> 0 | AC9: =(M9-$Y9)/$Y9 -> 0 | AD9: =(N9-$Y9)/$Y9 -> 0 | AE9: =(O9-$Y9)/$Y9 -> 0.0011308394 | AF9: =(P9-$Y9)/$Y9 -> 0.0011308394 | AG9: =(Q9-$Y9)/$Y9 -> 0 | AH9: =(R9-$Y9)/$Y9 -> 0 | AI9: =(S9-$Y9)/$Y9 -> 0 | ... AK9: =(U9-$Y9)/$Y9 -> 0 | AM9: =SUM(AB9:AK9) -> 0.0022616787
A10: Montage | B10: 25 | C10: 1 | D10: 28.592 | E10: 5.278 | F10: 284 | H10: Epigenomics | I10: 100 | J10: 1 | L10: =INDIRECT("D"&1+(ROW(D9)-1)*10+COLUMN(A9)-1) -> 35272.827 | M10: =INDIRECT("D"&1+(ROW(E9)-1)*10+COLUMN(B9)-1) -> 35272.953 | N10: =INDIRECT("D"&1+(ROW(F9)-1)*10+COLUMN(C9)-1) -> 35217.664 | O10: =INDIRECT("D"&1+(ROW(G9)-1)*10+COLUMN(D9)-1) -> 35224.895 | P10: =INDIRECT("D"&1+(ROW(H9)-1)*10+COLUMN(E9)-1) -> 35210.383 | Q10: =INDIRECT("D"&1+(ROW(I9)-1)*10+COLUMN(F9)-1) -> 35272.953 | R10: =INDIRECT("D"&1+(ROW(J9)-1)*10+COLUMN(G9)-1) -> 35272.953 | S10: =INDIRECT("D"&1+(ROW(K9)-1)*10+COLUMN(H9)-1) -> 35246.271 | ... U10: =INDIRECT("D"&1+(ROW(M9)-1)*10+COLUMN(J9)-1) -> 35272.953 | W10: =AVERAGE(L10:U10) -> 35249.931 | Y10: =Total!E10 -> 35210.383 | AB10: =(L10-$Y10)/$Y10 -> 0.0017734542 | AC10: =(M10-$Y10)/$Y10 -> 0.0017770326 | AD10: =(N10-$Y10)/$Y10 -> 0.0002067856 | AE10: =(O10-$Y10)/$Y10 -> 0.00041215115 | AF10: =(P10-$Y10)/$Y10 -> 0 | AG10: =(Q10-$Y10)/$Y10 -> 0.0017770326 | AH10: =(R10-$Y10)/$Y10 -> 0.0017770326 | AI10: =(S10-$Y10)/$Y10 -> 0.0010192448 | ... AK10: =(U10-$Y10)/$Y10 -> 0.0017770326 | AM10: =SUM(AB10:AK10) -> 0.011232028
A11: Montage | B11: 50 | C11: 1 | D11: 53.367 | E11: 19.578 | F11: 366 | H11: Ligo | I11: 30 | J11: 1 | L11: =INDIRECT("D"&1+(ROW(D10)-1)*10+COLUMN(A10)-1) -> 658.233 | M11: =INDIRECT("D"&1+(ROW(E10)-1)*10+COLUMN(B10)-1) -> 658.233 | N11: =INDIRECT("D"&1+(ROW(F10)-1)*10+COLUMN(C10)-1) -> 658.233 | O11: =INDIRECT("D"&1+(ROW(G10)-1)*10+COLUMN(D10)-1) -> 658.233 | P11: =INDIRECT("D"&1+(ROW(H10)-1)*10+COLUMN(E10)-1) -> 658.233 | Q11: =INDIRECT("D"&1+(ROW(I10)-1)*10+COLUMN(F10)-1) -> 658.233 | R11: =INDIRECT("D"&1+(ROW(J10)-1)*10+COLUMN(G10)-1) -> 657.356 | S11: =INDIRECT("D"&1+(ROW(K10)-1)*10+COLUMN(H10)-1) -> 657.356 | ... U11: =INDIRECT("D"&1+(ROW(M10)-1)*10+COLUMN(J10)-1) -> 658.233 | W11: =AVERAGE(L11:U11) -> 658.0576 | Y11: =Total!E11 -> 655.465 | AB11: =(L11-$Y11)/$Y11 -> 0.0042229562 | AC11: =(M11-$Y11)/$Y11 -> 0.0042229562 | AD11: =(N11-$Y11)/$Y11 -> 0.0042229562 | AE11: =(O11-$Y11)/$Y11 -> 0.0042229562 | AF11: =(P11-$Y11)/$Y11 -> 0.0042229562 | AG11: =(Q11-$Y11)/$Y11 -> 0.0042229562 | AH11: =(R11-$Y11)/$Y11 -> 0.0028849748 | AI11: =(S11-$Y11)/$Y11 -> 0.0028849748 | ... AK11: =(U11-$Y11)/$Y11 -> 0.0042229562 | AM11: =SUM(AB11:AK11) -> 0.039553599
A12: Montage | B12: 50 | C12: 1 | D12: 52.958 | E12: 19.553 | F12: 371 | H12: Ligo | I12: 50 | J12: 1 | L12: =INDIRECT("D"&1+(ROW(D11)-1)*10+COLUMN(A11)-1) -> 996.566 | M12: =INDIRECT("D"&1+(ROW(E11)-1)*10+COLUMN(B11)-1) -> 994.471 | N12: =INDIRECT("D"&1+(ROW(F11)-1)*10+COLUMN(C11)-1) -> 990.792 | O12: =INDIRECT("D"&1+(ROW(G11)-1)*10+COLUMN(D11)-1) -> 996.14 | P12: =INDIRECT("D"&1+(ROW(H11)-1)*10+COLUMN(E11)-1) -> 996.253 | Q12: =INDIRECT("D"&1+(ROW(I11)-1)*10+COLUMN(F11)-1) -> 995.471 | R12: =INDIRECT("D"&1+(ROW(J11)-1)*10+COLUMN(G11)-1) -> 992.182 | S12: =INDIRECT("D"&1+(ROW(K11)-1)*10+COLUMN(H11)-1) -> 993.008 | ... U12: =INDIRECT("D"&1+(ROW(M11)-1)*10+COLUMN(J11)-1) -> 992.125 | W12: =AVERAGE(L12:U12) -> 994.3873 | Y12: =Total!E12 -> 990.096 | AB12: =(L12-$Y12)/$Y12 -> 0.0065347199 | AC12: =(M12-$Y12)/$Y12 -> 0.0044187634 | AD12: =(N12-$Y12)/$Y12 -> 0.00070296214 | AE12: =(O12-$Y12)/$Y12 -> 0.0061044586 | AF12: =(P12-$Y12)/$Y12 -> 0.0062185889 | AG12: =(Q12-$Y12)/$Y12 -> 0.0054287665 | AH12: =(R12-$Y12)/$Y12 -> 0.0021068664 | AI12: =(S12-$Y12)/$Y12 -> 0.0029411289 | ... AK12: =(U12-$Y12)/$Y12 -> 0.0020492962 | AM12: =SUM(AB12:AK12) -> 0.043342262
A13: Montage | B13: 50 | C13: 1 | D13: 53.037 | E13: 19.588 | F13: 368 | H13: Ligo | I13: 100 | J13: 1 | L13: =INDIRECT("D"&1+(ROW(D12)-1)*10+COLUMN(A12)-1) -> 1756.92 | M13: =INDIRECT("D"&1+(ROW(E12)-1)*10+COLUMN(B12)-1) -> 1754.423 | N13: =INDIRECT("D"&1+(ROW(F12)-1)*10+COLUMN(C12)-1) -> 1755.087 | O13: =INDIRECT("D"&1+(ROW(G12)-1)*10+COLUMN(D12)-1) -> 1757.307 | P13: =INDIRECT("D"&1+(ROW(H12)-1)*10+COLUMN(E12)-1) -> 1758.03 | Q13: =INDIRECT("D"&1+(ROW(I12)-1)*10+COLUMN(F12)-1) -> 1755.888 | R13: =INDIRECT("D"&1+(ROW(J12)-1)*10+COLUMN(G12)-1) -> 1758.687 | S13: =INDIRECT("D"&1+(ROW(K12)-1)*10+COLUMN(H12)-1) -> 1755.209 | ... U13: =INDIRECT("D"&1+(ROW(M12)-1)*10+COLUMN(J12)-1) -> 1755.253 | W13: =AVERAGE(L13:U13) -> 1756.2487 | Y13: =Total!E13 -> 1753.79 | AB13: =(L13-$Y13)/$Y13 -> 0.0017847063 | AC13: =(M13-$Y13)/$Y13 -> 0.00036093261 | AD13: =(N13-$Y13)/$Y13 -> 0.00073954122 | AE13: =(O13-$Y13)/$Y13 -> 0.0020053712 | AF13: =(P13-$Y13)/$Y13 -> 0.0024176213 | AG13: =(Q13-$Y13)/$Y13 -> 0.0011962664 | AH13: =(R13-$Y13)/$Y13 -> 0.0027922385 | AI13: =(S13-$Y13)/$Y13 -> 0.00080910485 | ... AK13: =(U13-$Y13)/$Y13 -> 0.00083419338 | AM13: =SUM(AB13:AK13) -> 0.014019352
... A19: Montage | B19: 50 | C19: 1 | D19: 53.117 | E19: 19.563 | F19: 360 | H19: fft | I19: 224 | J19: 1 | L19: =INDIRECT("D"&1+(ROW(D18)-1)*10+COLUMN(A18)-1) -> 71.975 | M19: =INDIRECT("D"&1+(ROW(E18)-1)*10+COLUMN(B18)-1) -> 71.918 | N19: =INDIRECT("D"&1+(ROW(F18)-1)*10+COLUMN(C18)-1) -> 71.912 | O19: =INDIRECT("D"&1+(ROW(G18)-1)*10+COLUMN(D18)-1) -> 71.984 | P19: =INDIRECT("D"&1+(ROW(H18)-1)*10+COLUMN(E18)-1) -> 72.009 | Q19: =INDIRECT("D"&1+(ROW(I18)-1)*10+COLUMN(F18)-1) -> 71.919 | R19: =INDIRECT("D"&1+(ROW(J18)-1)*10+COLUMN(G18)-1) -> 71.936 | S19: =INDIRECT("D"&1+(ROW(K18)-1)*10+COLUMN(H18)-1) -> 71.92 | ... U19: =INDIRECT("D"&1+(ROW(M18)-1)*10+COLUMN(J18)-1) -> 71.933 | W19: =AVERAGE(L19:U19) -> 71.9483 | Y19: =Total!E19 -> 71.908 | AB19: =(L19-$Y19)/$Y19 -> 0.00093174612 | AC19: =(M19-$Y19)/$Y19 -> 0.00013906659 | AD19: =(N19-$Y19)/$Y19 -> 5.5626634e-05 | AE19: =(O19-$Y19)/$Y19 -> 0.001056906 | AF19: =(P19-$Y19)/$Y19 -> 0.0014045725 | AG19: =(Q19-$Y19)/$Y19 -> 0.00015297324 | AH19: =(R19-$Y19)/$Y19 -> 0.00038938644 | AI19: =(S19-$Y19)/$Y19 -> 0.0001668799 | ... AK19: =(U19-$Y19)/$Y19 -> 0.00034766646 | AM19: =SUM(AB19:AK19) -> 0.0056043834
A20: Montage | B20: 50 | C20: 1 | D20: 53.017 | E20: 19.568 | F20: 366
A21: Montage | B21: 100 | C21: 1 | D21: 103.302 | E21: 102.016 | F21: 638
A22: Montage | B22: 100 | C22: 1 | D22: 103.291 | E22: 102.008 | F22: 589
A23: Montage | B23: 100 | C23: 1 | D23: 103.266 | E23: 102 | F23: 625
A24: Montage | B24: 100 | C24: 1 | D24: 103.272 | E24: 102.006 | F24: 588
A25: Montage | B25: 100 | C25: 1 | D25: 103.259 | E25: 102.154 | F25: 626
A26: Montage | B26: 100 | C26: 1 | D26: 103.237 | E26: 102.078 | F26: 621
A27: Montage | B27: 100 | C27: 1 | D27: 103.285 | E27: 102.004 | F27: 585
A28: Montage | B28: 100 | C28: 1 | D28: 103.154 | E28: 102.082 | F28: 623
A29: Montage | B29: 100 | C29: 1 | D29: 103.248 | E29: 102.056 | F29: 571
A30: Montage | B30: 100 | C30: 1 | D30: 103.299 | E30: 102.118 | F30: 648
A31: CyberShake | B31: 30 | C31: 1 | D31: 156.127 | E31: 8.031 | F31: 275
... A180: fft | B180: 224 | C180: 1 | D180: 71.933 | E180: 255.938 | F180: 336

Sheet 3
A1: Montage | B1: 25 | C1: 1 | D1: 28.504 | E1: 5.291 | F1: 267 | H1: ty | I1: sz | J1: ra | L1: 1 | M1: 2 | N1: 3 | O1: 4 | P1: 5 | Q1: 6 | R1: 7 | S1: 8 | T1: 9 | U1: 10 | W1: average | Y1: Min | AM1: sum
A2: Montage | B2: 25 | C2: 1 | D2: 28.504 | E2: 5.288 | F2: 264 | H2: Montage | I2: 25 | J2: 1 | L2: =INDIRECT("D"&1+(ROW(D1)-1)*10+COLUMN(A1)-1) -> 28.504 | M2: =INDIRECT("D"&1+(ROW(E1)-1)*10+COLUMN(B1)-1) -> 28.504 | N2: =INDIRECT("D"&1+(ROW(F1)-1)*10+COLUMN(C1)-1) -> 28.546 | O2: =INDIRECT("D"&1+(ROW(G1)-1)*10+COLUMN(D1)-1) -> 28.546 | P2: =INDIRECT("D"&1+(ROW(H1)-1)*10+COLUMN(E1)-1) -> 28.504 | Q2: =INDIRECT("D"&1+(ROW(I1)-1)*10+COLUMN(F1)-1) -> 28.504 | R2: =INDIRECT("D"&1+(ROW(J1)-1)*10+COLUMN(G1)-1) -> 28.592 | S2: =INDIRECT("D"&1+(ROW(K1)-1)*10+COLUMN(H1)-1) -> 28.504 | ... U2: =INDIRECT("D"&1+(ROW(M1)-1)*10+COLUMN(J1)-1) -> 28.546 | W2: =AVERAGE(L2:U2) -> 28.5296 | Y2: =Total!E2 -> 28.504 | AB2: =(L2-$Y2)/$Y2 -> 0 | AC2: =(M2-$Y2)/$Y2 -> 0 | AD2: =(N2-$Y2)/$Y2 -> 0.0014734774 | AE2: =(O2-$Y2)/$Y2 -> 0.0014734774 | AF2: =(P2-$Y2)/$Y2 -> 0 | AG2: =(Q2-$Y2)/$Y2 -> 0 | AH2: =(R2-$Y2)/$Y2 -> 0.003087286 | AI2: =(S2-$Y2)/$Y2 -> 0 | ... AK2: =(U2-$Y2)/$Y2 -> 0.0014734774 | AM2: =SUM(AB2:AK2) -> 0.0089811956
A3: Montage | B3: 25 | C3: 1 | D3: 28.546 | E3: 5.285 | F3: 283 | H3: Montage | I3: 50 | J3: 1 | L3: =INDIRECT("D"&1+(ROW(D2)-1)*10+COLUMN(A2)-1) -> 53.148 | M3: =INDIRECT("D"&1+(ROW(E2)-1)*10+COLUMN(B2)-1) -> 53.187 | N3: =INDIRECT("D"&1+(ROW(F2)-1)*10+COLUMN(C2)-1) -> 52.958 | O3: =INDIRECT("D"&1+(ROW(G2)-1)*10+COLUMN(D2)-1) -> 53.058 | P3: =INDIRECT("D"&1+(ROW(H2)-1)*10+COLUMN(E2)-1) -> 52.987 | Q3: =INDIRECT("D"&1+(ROW(I2)-1)*10+COLUMN(F2)-1) -> 53.096 | R3: =INDIRECT("D"&1+(ROW(J2)-1)*10+COLUMN(G2)-1) -> 53.048 | S3: =INDIRECT("D"&1+(ROW(K2)-1)*10+COLUMN(H2)-1) -> 52.958 | ... U3: =INDIRECT("D"&1+(ROW(M2)-1)*10+COLUMN(J2)-1) -> 53.067 | W3: =AVERAGE(L3:U3) -> 53.0621 | Y3: =Total!E3 -> 52.927 | AB3: =(L3-$Y3)/$Y3 -> 0.0041755626 | AC3: =(M3-$Y3)/$Y3 -> 0.0049124265 | AD3: =(N3-$Y3)/$Y3 -> 0.0005857124 | AE3: =(O3-$Y3)/$Y3 -> 0.0024751072 | AF3: =(P3-$Y3)/$Y3 -> 0.0011336369 | AG3: =(Q3-$Y3)/$Y3 -> 0.0031930773 | AH3: =(R3-$Y3)/$Y3 -> 0.0022861677 | AI3: =(S3-$Y3)/$Y3 -> 0.0005857124 | ... AK3: =(U3-$Y3)/$Y3 -> 0.0026451528 | AM3: =SUM(AB3:AK3) -> 0.025525724
A4: Montage | B4: 25 | C4: 1 | D4: 28.546 | E4: 5.283 | F4: 333 | H4: Montage | I4: 100 | J4: 1 | L4: =INDIRECT("D"&1+(ROW(D3)-1)*10+COLUMN(A3)-1) -> 103.303 | M4: =INDIRECT("D"&1+(ROW(E3)-1)*10+COLUMN(B3)-1) -> 103.348 | N4: =INDIRECT("D"&1+(ROW(F3)-1)*10+COLUMN(C3)-1) -> 103.276 | O4: =INDIRECT("D"&1+(ROW(G3)-1)*10+COLUMN(D3)-1) -> 103.342 | P4: =INDIRECT("D"&1+(ROW(H3)-1)*10+COLUMN(E3)-1) -> 103.302 | Q4: =INDIRECT("D"&1+(ROW(I3)-1)*10+COLUMN(F3)-1) -> 103.282 | R4: =INDIRECT("D"&1+(ROW(J3)-1)*10+COLUMN(G3)-1) -> 103.245 | S4: =INDIRECT("D"&1+(ROW(K3)-1)*10+COLUMN(H3)-1) -> 103.588 | ... U4: =INDIRECT("D"&1+(ROW(M3)-1)*10+COLUMN(J3)-1) -> 103.242 | W4: =AVERAGE(L4:U4) -> 103.3474 | Y4: =Total!E4 -> 102.802 | AB4: =(L4-$Y4)/$Y4 -> 0.004873446 | AC4: =(M4-$Y4)/$Y4 -> 0.0053111807 | AD4: =(N4-$Y4)/$Y4 -> 0.0046108052 | AE4: =(O4-$Y4)/$Y4 -> 0.0052528161 | AF4: =(P4-$Y4)/$Y4 -> 0.0048637186 | AG4: =(Q4-$Y4)/$Y4 -> 0.0046691699 | AH4: =(R4-$Y4)/$Y4 -> 0.0043092547 | AI4: =(S4-$Y4)/$Y4 -> 0.0076457656 | ... AK4: =(U4-$Y4)/$Y4 -> 0.0042800724 | AM4: =SUM(AB4:AK4) -> 0.053053443
A5: Montage | B5: 25 | C5: 1 | D5: 28.504 | E5: 5.28 | F5: 276 | H5: CyberShake | I5: 30 | J5: 1 | L5: =INDIRECT("D"&1+(ROW(D4)-1)*10+COLUMN(A4)-1) -> 156.127 | M5: =INDIRECT("D"&1+(ROW(E4)-1)*10+COLUMN(B4)-1) -> 156.127 | N5: =INDIRECT("D"&1+(ROW(F4)-1)*10+COLUMN(C4)-1) -> 156.127 | O5: =INDIRECT("D"&1+(ROW(G4)-1)*10+COLUMN(D4)-1) -> 156.127 | P5: =INDIRECT("D"&1+(ROW(H4)-1)*10+COLUMN(E4)-1) -> 156.127 | Q5: =INDIRECT("D"&1+(ROW(I4)-1)*10+COLUMN(F4)-1) -> 156.127 | R5: =INDIRECT("D"&1+(ROW(J4)-1)*10+COLUMN(G4)-1) -> 156.127 | S5: =INDIRECT("D"&1+(ROW(K4)-1)*10+COLUMN(H4)-1) -> 156.127 | ... U5: =INDIRECT("D"&1+(ROW(M4)-1)*10+COLUMN(J4)-1) -> 156.127 | W5: =AVERAGE(L5:U5) -> 156.127 | Y5: =Total!E5 -> 156.127 | AB5: =(L5-$Y5)/$Y5 -> 0 | AC5: =(M5-$Y5)/$Y5 -> 0 | AD5: =(N5-$Y5)/$Y5 -> 0 | AE5: =(O5-$Y5)/$Y5 -> 0 | AF5: =(P5-$Y5)/$Y5 -> 0 | AG5: =(Q5-$Y5)/$Y5 -> 0 | AH5: =(R5-$Y5)/$Y5 -> 0 | AI5: =(S5-$Y5)/$Y5 -> 0 | ... AK5: =(U5-$Y5)/$Y5 -> 0 | AM5: =SUM(AB5:AK5) -> 0
A6: Montage | B6: 25 | C6: 1 | D6: 28.504 | E6: 5.294 | F6: 303 | H6: CyberShake | I6: 50 | J6: 1 | L6: =INDIRECT("D"&1+(ROW(D5)-1)*10+COLUMN(A5)-1) -> 179.938 | M6: =INDIRECT("D"&1+(ROW(E5)-1)*10+COLUMN(B5)-1) -> 179.953 | N6: =INDIRECT("D"&1+(ROW(F5)-1)*10+COLUMN(C5)-1) -> 180.053 | O6: =INDIRECT("D"&1+(ROW(G5)-1)*10+COLUMN(D5)-1) -> 179.938 | P6: =INDIRECT("D"&1+(ROW(H5)-1)*10+COLUMN(E5)-1) -> 181.408 | Q6: =INDIRECT("D"&1+(ROW(I5)-1)*10+COLUMN(F5)-1) -> 180.871 | R6: =INDIRECT("D"&1+(ROW(J5)-1)*10+COLUMN(G5)-1) -> 179.938 | S6: =INDIRECT("D"&1+(ROW(K5)-1)*10+COLUMN(H5)-1) -> 182.077 | ... U6: =INDIRECT("D"&1+(ROW(M5)-1)*10+COLUMN(J5)-1) -> 179.938 | W6: =AVERAGE(L6:U6) -> 180.4052 | Y6: =Total!E6 -> 179.673 | AB6: =(L6-$Y6)/$Y6 -> 0.0014749016 | AC6: =(M6-$Y6)/$Y6 -> 0.0015583866 | AD6: =(N6-$Y6)/$Y6 -> 0.0021149533 | AE6: =(O6-$Y6)/$Y6 -> 0.0014749016 | AF6: =(P6-$Y6)/$Y6 -> 0.0096564314 | AG6: =(Q6-$Y6)/$Y6 -> 0.0066676685 | AH6: =(R6-$Y6)/$Y6 -> 0.0014749016 | AI6: =(S6-$Y6)/$Y6 -> 0.013379862 | ... AK6: =(U6-$Y6)/$Y6 -> 0.0014749016 | AM6: =SUM(AB6:AK6) -> 0.04075181
A7: Montage | B7: 25 | C7: 1 | D7: 28.592 | E7: 5.291 | F7: 302 | H7: CyberShake | I7: 100 | J7: 1 | L7: =INDIRECT("D"&1+(ROW(D6)-1)*10+COLUMN(A6)-1) -> 239.25 | M7: =INDIRECT("D"&1+(ROW(E6)-1)*10+COLUMN(B6)-1) -> 239.463 | N7: =INDIRECT("D"&1+(ROW(F6)-1)*10+COLUMN(C6)-1) -> 239.13 | O7: =INDIRECT("D"&1+(ROW(G6)-1)*10+COLUMN(D6)-1) -> 239.323 | P7: =INDIRECT("D"&1+(ROW(H6)-1)*10+COLUMN(E6)-1) -> 239.477 | Q7: =INDIRECT("D"&1+(ROW(I6)-1)*10+COLUMN(F6)-1) -> 239.489 | R7: =INDIRECT("D"&1+(ROW(J6)-1)*10+COLUMN(G6)-1) -> 239.51 | S7: =INDIRECT("D"&1+(ROW(K6)-1)*10+COLUMN(H6)-1) -> 239.54 | ... U7: =INDIRECT("D"&1+(ROW(M6)-1)*10+COLUMN(J6)-1) -> 239.963 | W7: =AVERAGE(L7:U7) -> 239.4217 | Y7: =Total!E7 -> 238.867 | AB7: =(L7-$Y7)/$Y7 -> 0.0016034027 | AC7: =(M7-$Y7)/$Y7 -> 0.0024951123 | AD7: =(N7-$Y7)/$Y7 -> 0.0011010311 | AE7: =(O7-$Y7)/$Y7 -> 0.0019090121 | AF7: =(P7-$Y7)/$Y7 -> 0.0025537224 | AG7: =(Q7-$Y7)/$Y7 -> 0.0026039595 | AH7: =(R7-$Y7)/$Y7 -> 0.0026918746 | AI7: =(S7-$Y7)/$Y7 -> 0.0028174675 | ... AK7: =(U7-$Y7)/$Y7 -> 0.0045883274 | AM7: =SUM(AB7:AK7) -> 0.023222128
A8: Montage | B8: 25 | C8: 1 | D8: 28.504 | E8: 5.327 | F8: 208 | H8: Epigenomics | I8: 24 | J8: 1 | L8: =INDIRECT("D"&1+(ROW(D7)-1)*10+COLUMN(A7)-1) -> 2320.908 | M8: =INDIRECT("D"&1+(ROW(E7)-1)*10+COLUMN(B7)-1) -> 2320.908 | N8: =INDIRECT("D"&1+(ROW(F7)-1)*10+COLUMN(C7)-1) -> 2320.908 | O8: =INDIRECT("D"&1+(ROW(G7)-1)*10+COLUMN(D7)-1) -> 2320.908 | P8: =INDIRECT("D"&1+(ROW(H7)-1)*10+COLUMN(E7)-1) -> 2320.908 | Q8: =INDIRECT("D"&1+(ROW(I7)-1)*10+COLUMN(F7)-1) -> 2320.908 | R8: =INDIRECT("D"&1+(ROW(J7)-1)*10+COLUMN(G7)-1) -> 2320.908 | S8: =INDIRECT("D"&1+(ROW(K7)-1)*10+COLUMN(H7)-1) -> 2320.908 | ... U8: =INDIRECT("D"&1+(ROW(M7)-1)*10+COLUMN(J7)-1) -> 2320.908 | W8: =AVERAGE(L8:U8) -> 2320.908 | Y8: =Total!E8 -> 2320.908 | AB8: =(L8-$Y8)/$Y8 -> 0 | AC8: =(M8-$Y8)/$Y8 -> 0 | AD8: =(N8-$Y8)/$Y8 -> 0 | AE8: =(O8-$Y8)/$Y8 -> 0 | AF8: =(P8-$Y8)/$Y8 -> 0 | AG8: =(Q8-$Y8)/$Y8 -> 0 | AH8: =(R8-$Y8)/$Y8 -> 0 | AI8: =(S8-$Y8)/$Y8 -> 0 | ... AK8: =(U8-$Y8)/$Y8 -> 0 | AM8: =SUM(AB8:AK8) -> 0
A9: Montage | B9: 25 | C9: 1 | D9: 28.546 | E9: 5.29 | F9: 312 | H9: Epigenomics | I9: 47 | J9: 1 | L9: =INDIRECT("D"&1+(ROW(D8)-1)*10+COLUMN(A8)-1) -> 4313.61 | M9: =INDIRECT("D"&1+(ROW(E8)-1)*10+COLUMN(B8)-1) -> 4313.61 | N9: =INDIRECT("D"&1+(ROW(F8)-1)*10+COLUMN(C8)-1) -> 4313.61 | O9: =INDIRECT("D"&1+(ROW(G8)-1)*10+COLUMN(D8)-1) -> 4318.488 | P9: =INDIRECT("D"&1+(ROW(H8)-1)*10+COLUMN(E8)-1) -> 4313.61 | Q9: =INDIRECT("D"&1+(ROW(I8)-1)*10+COLUMN(F8)-1) -> 4313.61 | R9: =INDIRECT("D"&1+(ROW(J8)-1)*10+COLUMN(G8)-1) -> 4313.61 | S9: =INDIRECT("D"&1+(ROW(K8)-1)*10+COLUMN(H8)-1) -> 4313.61 | ... U9: =INDIRECT("D"&1+(ROW(M8)-1)*10+COLUMN(J8)-1) -> 4313.61 | W9: =AVERAGE(L9:U9) -> 4314.0978 | Y9: =Total!E9 -> 4313.61 | AB9: =(L9-$Y9)/$Y9 -> 0 | AC9: =(M9-$Y9)/$Y9 -> 0 | AD9: =(N9-$Y9)/$Y9 -> 0 | AE9: =(O9-$Y9)/$Y9 -> 0.0011308394 | AF9: =(P9-$Y9)/$Y9 -> 0 | AG9: =(Q9-$Y9)/$Y9 -> 0 | AH9: =(R9-$Y9)/$Y9 -> 0 | AI9: =(S9-$Y9)/$Y9 -> 0 | ... AK9: =(U9-$Y9)/$Y9 -> 0 | AM9: =SUM(AB9:AK9) -> 0.0011308394
A10: Montage | B10: 25 | C10: 1 | D10: 28.546 | E10: 5.292 | F10: 201 | H10: Epigenomics | I10: 100 | J10: 1 | L10: =INDIRECT("D"&1+(ROW(D9)-1)*10+COLUMN(A9)-1) -> 35262.898 | M10: =INDIRECT("D"&1+(ROW(E9)-1)*10+COLUMN(B9)-1) -> 35247.68 | N10: =INDIRECT("D"&1+(ROW(F9)-1)*10+COLUMN(C9)-1) -> 35224.558 | O10: =INDIRECT("D"&1+(ROW(G9)-1)*10+COLUMN(D9)-1) -> 35243.293 | P10: =INDIRECT("D"&1+(ROW(H9)-1)*10+COLUMN(E9)-1) -> 35240.696 | Q10: =INDIRECT("D"&1+(ROW(I9)-1)*10+COLUMN(F9)-1) -> 35273.574 | R10: =INDIRECT("D"&1+(ROW(J9)-1)*10+COLUMN(G9)-1) -> 35256.342 | S10: =INDIRECT("D"&1+(ROW(K9)-1)*10+COLUMN(H9)-1) -> 35242.509 | ... U10: =INDIRECT("D"&1+(ROW(M9)-1)*10+COLUMN(J9)-1) -> 35272.953 | W10: =AVERAGE(L10:U10) -> 35254.749 | Y10: =Total!E10 -> 35210.383 | AB10: =(L10-$Y10)/$Y10 -> 0.0014914635 | AC10: =(M10-$Y10)/$Y10 -> 0.0010592614 | AD10: =(N10-$Y10)/$Y10 -> 0.00040258011 | AE10: =(O10-$Y10)/$Y10 -> 0.00093466748 | AF10: =(P10-$Y10)/$Y10 -> 0.00086091083 | AG10: =(Q10-$Y10)/$Y10 -> 0.0017946695 | AH10: =(R10-$Y10)/$Y10 -> 0.0013052684 | AI10: =(S10-$Y10)/$Y10 -> 0.00091240132 | ... AK10: =(U10-$Y10)/$Y10 -> 0.0017770326 | AM10: =SUM(AB10:AK10) -> 0.012600232
A11: Montage | B11: 50 | C11: 1 | D11: 53.148 | E11: 19.598 | F11: 362 | H11: Ligo | I11: 30 | J11: 1 | L11: =INDIRECT("D"&1+(ROW(D10)-1)*10+COLUMN(A10)-1) -> 657.356 | M11: =INDIRECT("D"&1+(ROW(E10)-1)*10+COLUMN(B10)-1) -> 658.233 | N11: =INDIRECT("D"&1+(ROW(F10)-1)*10+COLUMN(C10)-1) -> 658.233 | O11: =INDIRECT("D"&1+(ROW(G10)-1)*10+COLUMN(D10)-1) -> 659.845 | P11: =INDIRECT("D"&1+(ROW(H10)-1)*10+COLUMN(E10)-1) -> 657.356 | Q11: =INDIRECT("D"&1+(ROW(I10)-1)*10+COLUMN(F10)-1) -> 657.356 | R11: =INDIRECT("D"&1+(ROW(J10)-1)*10+COLUMN(G10)-1) -> 657.98 | S11: =INDIRECT("D"&1+(ROW(K10)-1)*10+COLUMN(H10)-1) -> 658.233 | ... U11: =INDIRECT("D"&1+(ROW(M10)-1)*10+COLUMN(J10)-1) -> 658.233 | W11: =AVERAGE(L11:U11) -> 658.0181 | Y11: =Total!E11 -> 655.465 | AB11: =(L11-$Y11)/$Y11 -> 0.0028849748 | AC11: =(M11-$Y11)/$Y11 -> 0.0042229562 | AD11: =(N11-$Y11)/$Y11 -> 0.0042229562 | AE11: =(O11-$Y11)/$Y11 -> 0.006682279 | AF11: =(P11-$Y11)/$Y11 -> 0.0028849748 | AG11: =(Q11-$Y11)/$Y11 -> 0.0028849748 | AH11: =(R11-$Y11)/$Y11 -> 0.0038369707 | AI11: =(S11-$Y11)/$Y11 -> 0.0042229562 | ... AK11: =(U11-$Y11)/$Y11 -> 0.0042229562 | AM11: =SUM(AB11:AK11) -> 0.038950974
A12: Montage | B12: 50 | C12: 1 | D12: 53.187 | E12: 19.598 | F12: 372 | H12: Ligo | I12: 50 | J12: 1 | L12: =INDIRECT("D"&1+(ROW(D11)-1)*10+COLUMN(A11)-1) -> 996.111 | M12: =INDIRECT("D"&1+(ROW(E11)-1)*10+COLUMN(B11)-1) -> 998.426 | N12: =INDIRECT("D"&1+(ROW(F11)-1)*10+COLUMN(C11)-1) -> 996.39 | O12: =INDIRECT("D"&1+(ROW(G11)-1)*10+COLUMN(D11)-1) -> 992.545 | P12: =INDIRECT("D"&1+(ROW(H11)-1)*10+COLUMN(E11)-1) -> 994.65 | Q12: =INDIRECT("D"&1+(ROW(I11)-1)*10+COLUMN(F11)-1) -> 997.566 | R12: =INDIRECT("D"&1+(ROW(J11)-1)*10+COLUMN(G11)-1) -> 997.595 | S12: =INDIRECT("D"&1+(ROW(K11)-1)*10+COLUMN(H11)-1) -> 992.931 | ... U12: =INDIRECT("D"&1+(ROW(M11)-1)*10+COLUMN(J11)-1) -> 991.725 | W12: =AVERAGE(L12:U12) -> 995.1121 | Y12: =Total!E12 -> 990.096 | AB12: =(L12-$Y12)/$Y12 -> 0.0060751685 | AC12: =(M12-$Y12)/$Y12 -> 0.0084133256 | AD12: =(N12-$Y12)/$Y12 -> 0.0063569593 | AE12: =(O12-$Y12)/$Y12 -> 0.0024734975 | AF12: =(P12-$Y12)/$Y12 -> 0.004599554 | AG12: =(Q12-$Y12)/$Y12 -> 0.0075447229 | AH12: =(R12-$Y12)/$Y12 -> 0.007574013 | AI12: =(S12-$Y12)/$Y12 -> 0.0028633587 | ... AK12: =(U12-$Y12)/$Y12 -> 0.001645295 | AM12: =SUM(AB12:AK12) -> 0.050662764
A13: Montage | B13: 50 | C13: 1 | D13: 52.958 | E13: 19.595 | F13: 367 | H13: Ligo | I13: 100 | J13: 1 | L13: =INDIRECT("D"&1+(ROW(D12)-1)*10+COLUMN(A12)-1) -> 1754.803 | M13: =INDIRECT("D"&1+(ROW(E12)-1)*10+COLUMN(B12)-1) -> 1755.263 | N13: =INDIRECT("D"&1+(ROW(F12)-1)*10+COLUMN(C12)-1) -> 1757.741 | O13: =INDIRECT("D"&1+(ROW(G12)-1)*10+COLUMN(D12)-1) -> 1754.75 | P13: =INDIRECT("D"&1+(ROW(H12)-1)*10+COLUMN(E12)-1) -> 1756.261 | Q13: =INDIRECT("D"&1+(ROW(I12)-1)*10+COLUMN(F12)-1) -> 1756.27 | R13: =INDIRECT("D"&1+(ROW(J12)-1)*10+COLUMN(G12)-1) -> 1754.627 | S13: =INDIRECT("D"&1+(ROW(K12)-1)*10+COLUMN(H12)-1) -> 1760.881 | ... U13: =INDIRECT("D"&1+(ROW(M12)-1)*10+COLUMN(J12)-1) -> 1757.817 | W13: =AVERAGE(L13:U13) -> 1756.4826 | Y13: =Total!E13 -> 1753.79 | AB13: =(L13-$Y13)/$Y13 -> 0.00057760621 | AC13: =(M13-$Y13)/$Y13 -> 0.00083989531 | AD13: =(N13-$Y13)/$Y13 -> 0.0022528353 | AE13: =(O13-$Y13)/$Y13 -> 0.00054738595 | AF13: =(P13-$Y13)/$Y13 -> 0.0014089486 | AG13: =(Q13-$Y13)/$Y13 -> 0.0014140804 | AH13: =(R13-$Y13)/$Y13 -> 0.00047725212 | AI13: =(S13-$Y13)/$Y13 -> 0.0040432435 | ... AK13: =(U13-$Y13)/$Y13 -> 0.00229617 | AM13: =SUM(AB13:AK13) -> 0.015353035
... A19: Montage | B19: 50 | C19: 1 | D19: 53.114 | E19: 19.582 | F19: 372 | H19: fft | I19: 224 | J19: 1 | L19: =INDIRECT("D"&1+(ROW(D18)-1)*10+COLUMN(A18)-1) -> 71.941 | M19: =INDIRECT("D"&1+(ROW(E18)-1)*10+COLUMN(B18)-1) -> 71.913 | N19: =INDIRECT("D"&1+(ROW(F18)-1)*10+COLUMN(C18)-1) -> 71.94 | O19: =INDIRECT("D"&1+(ROW(G18)-1)*10+COLUMN(D18)-1) -> 71.961 | P19: =INDIRECT("D"&1+(ROW(H18)-1)*10+COLUMN(E18)-1) -> 71.928 | Q19: =INDIRECT("D"&1+(ROW(I18)-1)*10+COLUMN(F18)-1) -> 71.935 | R19: =INDIRECT("D"&1+(ROW(J18)-1)*10+COLUMN(G18)-1) -> 71.997 | S19: =INDIRECT("D"&1+(ROW(K18)-1)*10+COLUMN(H18)-1) -> 71.92 | ... U19: =INDIRECT("D"&1+(ROW(M18)-1)*10+COLUMN(J18)-1) -> 71.974 | W19: =AVERAGE(L19:U19) -> 71.9511 | Y19: =Total!E19 -> 71.908 | AB19: =(L19-$Y19)/$Y19 -> 0.00045891973 | AC19: =(M19-$Y19)/$Y19 -> 6.9533293e-05 | AD19: =(N19-$Y19)/$Y19 -> 0.00044501307 | AE19: =(O19-$Y19)/$Y19 -> 0.0007370529 | AF19: =(P19-$Y19)/$Y19 -> 0.00027813317 | AG19: =(Q19-$Y19)/$Y19 -> 0.00037547978 | AH19: =(R19-$Y19)/$Y19 -> 0.0012376926 | AI19: =(S19-$Y19)/$Y19 -> 0.0001668799 | ... AK19: =(U19-$Y19)/$Y19 -> 0.00091783946 | AM19: =SUM(AB19:AK19) -> 0.0059937698
A20: Montage | B20: 50 | C20: 1 | D20: 53.067 | E20: 19.583 | F20: 362
A21: Montage | B21: 100 | C21: 1 | D21: 103.303 | E21: 102.107 | F21: 602
A22: Montage | B22: 100 | C22: 1 | D22: 103.348 | E22: 102.112 | F22: 612
A23: Montage | B23: 100 | C23: 1 | D23: 103.276 | E23: 102.129 | F23: 620
A24: Montage | B24: 100 | C24: 1 | D24: 103.342 | E24: 102.109 | F24: 571
A25: Montage | B25: 100 | C25: 1 | D25: 103.302 | E25: 102.148 | F25: 625
A26: Montage | B26: 100 | C26: 1 | D26: 103.282 | E26: 102.044 | F26: 610
A27: Montage | B27: 100 | C27: 1 | D27: 103.245 | E27: 102.081 | F27: 601
A28: Montage | B28: 100 | C28: 1 | D28: 103.588 | E28: 102.159 | F28: 639
A29: Montage | B29: 100 | C29: 1 | D29: 103.546 | E29: 102.145 | F29: 570
A30: Montage | B30: 100 | C30: 1 | D30: 103.242 | E30: 102.111 | F30: 630
A31: CyberShake | B31: 30 | C31: 1 | D31: 156.127 | E31: 8.014 | F31: 308
... A180: fft | B180: 224 | C180: 1 | D180: 71.974 | E180: 255.609 | F180: 335

Sheet 4
A1: Montage | B1: 25 | C1: 1 | D1: 28.587 | E1: 5.292 | F1: 243 | H1: ty | I1: sz | J1: ra | L1: 1 | M1: 2 | N1: 3 | O1: 4 | P1: 5 | Q1: 6 | R1: 7 | S1: 8 | T1: 9 | U1: 10 | W1: average | Y1: Min | AM1: sum
A2: Montage | B2: 25 | C2: 1 | D2: 28.546 | E2: 5.3 | F2: 249 | H2: Montage | I2: 25 | J2: 1 | L2: =INDIRECT("D"&1+(ROW(D1)-1)*10+COLUMN(A1)-1) -> 28.587 | M2: =INDIRECT("D"&1+(ROW(E1)-1)*10+COLUMN(B1)-1) -> 28.546 | N2: =INDIRECT("D"&1+(ROW(F1)-1)*10+COLUMN(C1)-1) -> 28.504 | O2: =INDIRECT("D"&1+(ROW(G1)-1)*10+COLUMN(D1)-1) -> 28.546 | P2: =INDIRECT("D"&1+(ROW(H1)-1)*10+COLUMN(E1)-1) -> 28.504 | Q2: =INDIRECT("D"&1+(ROW(I1)-1)*10+COLUMN(F1)-1) -> 28.504 | R2: =INDIRECT("D"&1+(ROW(J1)-1)*10+COLUMN(G1)-1) -> 28.546 | S2: =INDIRECT("D"&1+(ROW(K1)-1)*10+COLUMN(H1)-1) -> 28.504 | ... U2: =INDIRECT("D"&1+(ROW(M1)-1)*10+COLUMN(J1)-1) -> 28.504 | W2: =AVERAGE(L2:U2) -> 28.5249 | Y2: =Total!E2 -> 28.504 | AB2: =(L2-$Y2)/$Y2 -> 0.002911872 | AC2: =(M2-$Y2)/$Y2 -> 0.0014734774 | AD2: =(N2-$Y2)/$Y2 -> 0 | AE2: =(O2-$Y2)/$Y2 -> 0.0014734774 | AF2: =(P2-$Y2)/$Y2 -> 0 | AG2: =(Q2-$Y2)/$Y2 -> 0 | AH2: =(R2-$Y2)/$Y2 -> 0.0014734774 | AI2: =(S2-$Y2)/$Y2 -> 0 | ... AK2: =(U2-$Y2)/$Y2 -> 0 | AM2: =SUM(AB2:AK2) -> 0.0073323042
A3: Montage | B3: 25 | C3: 1 | D3: 28.504 | E3: 5.281 | F3: 233 | H3: Montage | I3: 50 | J3: 1 | L3: =INDIRECT("D"&1+(ROW(D2)-1)*10+COLUMN(A2)-1) -> 53.097 | M3: =INDIRECT("D"&1+(ROW(E2)-1)*10+COLUMN(B2)-1) -> 53.137 | N3: =INDIRECT("D"&1+(ROW(F2)-1)*10+COLUMN(C2)-1) -> 53.138 | O3: =INDIRECT("D"&1+(ROW(G2)-1)*10+COLUMN(D2)-1) -> 52.927 | P3: =INDIRECT("D"&1+(ROW(H2)-1)*10+COLUMN(E2)-1) -> 53.068 | Q3: =INDIRECT("D"&1+(ROW(I2)-1)*10+COLUMN(F2)-1) -> 53.128 | R3: =INDIRECT("D"&1+(ROW(J2)-1)*10+COLUMN(G2)-1) -> 53.018 | S3: =INDIRECT("D"&1+(ROW(K2)-1)*10+COLUMN(H2)-1) -> 53.057 | ... U3: =INDIRECT("D"&1+(ROW(M2)-1)*10+COLUMN(J2)-1) -> 53.017 | W3: =AVERAGE(L3:U3) -> 53.0544 | Y3: =Total!E3 -> 52.927 | AB3: =(L3-$Y3)/$Y3 -> 0.0032119712 | AC3: =(M3-$Y3)/$Y3 -> 0.0039677291 | AD3: =(N3-$Y3)/$Y3 -> 0.0039866231 | AE3: =(O3-$Y3)/$Y3 -> 0 | AF3: =(P3-$Y3)/$Y3 -> 0.0026640467 | AG3: =(Q3-$Y3)/$Y3 -> 0.0037976836 | AH3: =(R3-$Y3)/$Y3 -> 0.0017193493 | AI3: =(S3-$Y3)/$Y3 -> 0.0024562133 | ... AK3: =(U3-$Y3)/$Y3 -> 0.0017004553 | AM3: =SUM(AB3:AK3) -> 0.02407089
A4: Montage | B4: 25 | C4: 1 | D4: 28.546 | E4: 5.288 | F4: 195 | H4: Montage | I4: 100 | J4: 1 | L4: =INDIRECT("D"&1+(ROW(D3)-1)*10+COLUMN(A3)-1) -> 103.288 | M4: =INDIRECT("D"&1+(ROW(E3)-1)*10+COLUMN(B3)-1) -> 103.213 | N4: =INDIRECT("D"&1+(ROW(F3)-1)*10+COLUMN(C3)-1) -> 103.28 | O4: =INDIRECT("D"&1+(ROW(G3)-1)*10+COLUMN(D3)-1) -> 103.272 | P4: =INDIRECT("D"&1+(ROW(H3)-1)*10+COLUMN(E3)-1) -> 103.082 | Q4: =INDIRECT("D"&1+(ROW(I3)-1)*10+COLUMN(F3)-1) -> 103.276 | R4: =INDIRECT("D"&1+(ROW(J3)-1)*10+COLUMN(G3)-1) -> 103.322 | S4: =INDIRECT("D"&1+(ROW(K3)-1)*10+COLUMN(H3)-1) -> 103.28 | ... U4: =INDIRECT("D"&1+(ROW(M3)-1)*10+COLUMN(J3)-1) -> 103.266 | W4: =AVERAGE(L4:U4) -> 103.2547 | Y4: =Total!E4 -> 102.802 | AB4: =(L4-$Y4)/$Y4 -> 0.0047275345 | AC4: =(M4-$Y4)/$Y4 -> 0.0039979767 | AD4: =(N4-$Y4)/$Y4 -> 0.004649715 | AE4: =(O4-$Y4)/$Y4 -> 0.0045718955 | AF4: =(P4-$Y4)/$Y4 -> 0.0027236824 | AG4: =(Q4-$Y4)/$Y4 -> 0.0046108052 | AH4: =(R4-$Y4)/$Y4 -> 0.0050582673 | AI4: =(S4-$Y4)/$Y4 -> 0.004649715 | ... AK4: =(U4-$Y4)/$Y4 -> 0.0045135309 | AM4: =SUM(AB4:AK4) -> 0.044036108
A5: Montage | B5: 25 | C5: 1 | D5: 28.504 | E5: 5.294 | F5: 291 | H5: CyberShake | I5: 30 | J5: 1 | L5: =INDIRECT("D"&1+(ROW(D4)-1)*10+COLUMN(A4)-1) -> 156.127 | M5: =INDIRECT("D"&1+(ROW(E4)-1)*10+COLUMN(B4)-1) -> 156.127 | N5: =INDIRECT("D"&1+(ROW(F4)-1)*10+COLUMN(C4)-1) -> 156.127 | O5: =INDIRECT("D"&1+(ROW(G4)-1)*10+COLUMN(D4)-1) -> 156.127 | P5: =INDIRECT("D"&1+(ROW(H4)-1)*10+COLUMN(E4)-1) -> 156.127 | Q5: =INDIRECT("D"&1+(ROW(I4)-1)*10+COLUMN(F4)-1) -> 156.127 | R5: =INDIRECT("D"&1+(ROW(J4)-1)*10+COLUMN(G4)-1) -> 156.127 | S5: =INDIRECT("D"&1+(ROW(K4)-1)*10+COLUMN(H4)-1) -> 156.127 | ... U5: =INDIRECT("D"&1+(ROW(M4)-1)*10+COLUMN(J4)-1) -> 156.127 | W5: =AVERAGE(L5:U5) -> 156.127 | Y5: =Total!E5 -> 156.127 | AB5: =(L5-$Y5)/$Y5 -> 0 | AC5: =(M5-$Y5)/$Y5 -> 0 | AD5: =(N5-$Y5)/$Y5 -> 0 | AE5: =(O5-$Y5)/$Y5 -> 0 | AF5: =(P5-$Y5)/$Y5 -> 0 | AG5: =(Q5-$Y5)/$Y5 -> 0 | AH5: =(R5-$Y5)/$Y5 -> 0 | AI5: =(S5-$Y5)/$Y5 -> 0 | ... AK5: =(U5-$Y5)/$Y5 -> 0 | AM5: =SUM(AB5:AK5) -> 0
A6: Montage | B6: 25 | C6: 1 | D6: 28.504 | E6: 5.302 | F6: 275 | H6: CyberShake | I6: 50 | J6: 1 | L6: =INDIRECT("D"&1+(ROW(D5)-1)*10+COLUMN(A5)-1) -> 180.871 | M6: =INDIRECT("D"&1+(ROW(E5)-1)*10+COLUMN(B5)-1) -> 180.053 | N6: =INDIRECT("D"&1+(ROW(F5)-1)*10+COLUMN(C5)-1) -> 179.943 | O6: =INDIRECT("D"&1+(ROW(G5)-1)*10+COLUMN(D5)-1) -> 181.597 | P6: =INDIRECT("D"&1+(ROW(H5)-1)*10+COLUMN(E5)-1) -> 180.871 | Q6: =INDIRECT("D"&1+(ROW(I5)-1)*10+COLUMN(F5)-1) -> 181.713 | R6: =INDIRECT("D"&1+(ROW(J5)-1)*10+COLUMN(G5)-1) -> 180.871 | S6: =INDIRECT("D"&1+(ROW(K5)-1)*10+COLUMN(H5)-1) -> 179.953 | ... U6: =INDIRECT("D"&1+(ROW(M5)-1)*10+COLUMN(J5)-1) -> 181.89 | W6: =AVERAGE(L6:U6) -> 180.9652 | Y6: =Total!E6 -> 179.673 | AB6: =(L6-$Y6)/$Y6 -> 0.0066676685 | AC6: =(M6-$Y6)/$Y6 -> 0.0021149533 | AD6: =(N6-$Y6)/$Y6 -> 0.00150273 | AE6: =(O6-$Y6)/$Y6 -> 0.010708342 | AF6: =(P6-$Y6)/$Y6 -> 0.0066676685 | AG6: =(Q6-$Y6)/$Y6 -> 0.01135396 | AH6: =(R6-$Y6)/$Y6 -> 0.0066676685 | AI6: =(S6-$Y6)/$Y6 -> 0.0015583866 | ... AK6: =(U6-$Y6)/$Y6 -> 0.012339083 | AM6: =SUM(AB6:AK6) -> 0.071919543
A7: Montage | B7: 25 | C7: 1 | D7: 28.546 | E7: 5.29 | F7: 259 | H7: CyberShake | I7: 100 | J7: 1 | L7: =INDIRECT("D"&1+(ROW(D6)-1)*10+COLUMN(A6)-1) -> 239.27 | M7: =INDIRECT("D"&1+(ROW(E6)-1)*10+COLUMN(B6)-1) -> 239.26 | N7: =INDIRECT("D"&1+(ROW(F6)-1)*10+COLUMN(C6)-1) -> 239.665 | O7: =INDIRECT("D"&1+(ROW(G6)-1)*10+COLUMN(D6)-1) -> 239.199 | P7: =INDIRECT("D"&1+(ROW(H6)-1)*10+COLUMN(E6)-1) -> 239.113 | Q7: =INDIRECT("D"&1+(ROW(I6)-1)*10+COLUMN(F6)-1) -> 239.247 | R7: =INDIRECT("D"&1+(ROW(J6)-1)*10+COLUMN(G6)-1) -> 239.22 | S7: =INDIRECT("D"&1+(ROW(K6)-1)*10+COLUMN(H6)-1) -> 239.268 | ... U7: =INDIRECT("D"&1+(ROW(M6)-1)*10+COLUMN(J6)-1) -> 239.243 | W7: =AVERAGE(L7:U7) -> 239.2632 | Y7: =Total!E7 -> 238.867 | AB7: =(L7-$Y7)/$Y7 -> 0.0016871313 | AC7: =(M7-$Y7)/$Y7 -> 0.001645267 | AD7: =(N7-$Y7)/$Y7 -> 0.0033407712 | AE7: =(O7-$Y7)/$Y7 -> 0.0013898948 | AF7: =(P7-$Y7)/$Y7 -> 0.0010298618 | AG7: =(Q7-$Y7)/$Y7 -> 0.0015908434 | AH7: =(R7-$Y7)/$Y7 -> 0.0014778098 | AI7: =(S7-$Y7)/$Y7 -> 0.0016787585 | ... AK7: =(U7-$Y7)/$Y7 -> 0.0015740977 | AM7: =SUM(AB7:AK7) -> 0.016586636
A8: Montage | B8: 25 | C8: 1 | D8: 28.504 | E8: 5.275 | F8: 242 | H8: Epigenomics | I8: 24 | J8: 1 | L8: =INDIRECT("D"&1+(ROW(D7)-1)*10+COLUMN(A7)-1) -> 2320.908 | M8: =INDIRECT("D"&1+(ROW(E7)-1)*10+COLUMN(B7)-1) -> 2320.908 | N8: =INDIRECT("D"&1+(ROW(F7)-1)*10+COLUMN(C7)-1) -> 2320.908 | O8: =INDIRECT("D"&1+(ROW(G7)-1)*10+COLUMN(D7)-1) -> 2320.908 | P8: =INDIRECT("D"&1+(ROW(H7)-1)*10+COLUMN(E7)-1) -> 2320.908 | Q8: =INDIRECT("D"&1+(ROW(I7)-1)*10+COLUMN(F7)-1) -> 2320.908 | R8: =INDIRECT("D"&1+(ROW(J7)-1)*10+COLUMN(G7)-1) -> 2320.908 | S8: =INDIRECT("D"&1+(ROW(K7)-1)*10+COLUMN(H7)-1) -> 2320.908 | ... U8: =INDIRECT("D"&1+(ROW(M7)-1)*10+COLUMN(J7)-1) -> 2320.908 | W8: =AVERAGE(L8:U8) -> 2320.908 | Y8: =Total!E8 -> 2320.908 | AB8: =(L8-$Y8)/$Y8 -> 0 | AC8: =(M8-$Y8)/$Y8 -> 0 | AD8: =(N8-$Y8)/$Y8 -> 0 | AE8: =(O8-$Y8)/$Y8 -> 0 | AF8: =(P8-$Y8)/$Y8 -> 0 | AG8: =(Q8-$Y8)/$Y8 -> 0 | AH8: =(R8-$Y8)/$Y8 -> 0 | AI8: =(S8-$Y8)/$Y8 -> 0 | ... AK8: =(U8-$Y8)/$Y8 -> 0 | AM8: =SUM(AB8:AK8) -> 0
A9: Montage | B9: 25 | C9: 1 | D9: 28.504 | E9: 5.275 | F9: 280 | H9: Epigenomics | I9: 47 | J9: 1 | L9: =INDIRECT("D"&1+(ROW(D8)-1)*10+COLUMN(A8)-1) -> 4313.61 | M9: =INDIRECT("D"&1+(ROW(E8)-1)*10+COLUMN(B8)-1) -> 4313.61 | N9: =INDIRECT("D"&1+(ROW(F8)-1)*10+COLUMN(C8)-1) -> 4313.61 | O9: =INDIRECT("D"&1+(ROW(G8)-1)*10+COLUMN(D8)-1) -> 4313.61 | P9: =INDIRECT("D"&1+(ROW(H8)-1)*10+COLUMN(E8)-1) -> 4313.61 | Q9: =INDIRECT("D"&1+(ROW(I8)-1)*10+COLUMN(F8)-1) -> 4313.61 | R9: =INDIRECT("D"&1+(ROW(J8)-1)*10+COLUMN(G8)-1) -> 4313.61 | S9: =INDIRECT("D"&1+(ROW(K8)-1)*10+COLUMN(H8)-1) -> 4313.61 | ... U9: =INDIRECT("D"&1+(ROW(M8)-1)*10+COLUMN(J8)-1) -> 4313.61 | W9: =AVERAGE(L9:U9) -> 4313.61 | Y9: =Total!E9 -> 4313.61 | AB9: =(L9-$Y9)/$Y9 -> 0 | AC9: =(M9-$Y9)/$Y9 -> 0 | AD9: =(N9-$Y9)/$Y9 -> 0 | AE9: =(O9-$Y9)/$Y9 -> 0 | AF9: =(P9-$Y9)/$Y9 -> 0 | AG9: =(Q9-$Y9)/$Y9 -> 0 | AH9: =(R9-$Y9)/$Y9 -> 0 | AI9: =(S9-$Y9)/$Y9 -> 0 | ... AK9: =(U9-$Y9)/$Y9 -> 0 | AM9: =SUM(AB9:AK9) -> 0
A10: Montage | B10: 25 | C10: 1 | D10: 28.504 | E10: 5.282 | F10: 256 | H10: Epigenomics | I10: 100 | J10: 1 | L10: =INDIRECT("D"&1+(ROW(D9)-1)*10+COLUMN(A9)-1) -> 35238.45 | M10: =INDIRECT("D"&1+(ROW(E9)-1)*10+COLUMN(B9)-1) -> 35258.818 | N10: =INDIRECT("D"&1+(ROW(F9)-1)*10+COLUMN(C9)-1) -> 35259.576 | O10: =INDIRECT("D"&1+(ROW(G9)-1)*10+COLUMN(D9)-1) -> 35234.721 | P10: =INDIRECT("D"&1+(ROW(H9)-1)*10+COLUMN(E9)-1) -> 35283.145 | Q10: =INDIRECT("D"&1+(ROW(I9)-1)*10+COLUMN(F9)-1) -> 35272.953 | R10: =INDIRECT("D"&1+(ROW(J9)-1)*10+COLUMN(G9)-1) -> 35246.545 | S10: =INDIRECT("D"&1+(ROW(K9)-1)*10+COLUMN(H9)-1) -> 35238.367 | ... U10: =INDIRECT("D"&1+(ROW(M9)-1)*10+COLUMN(J9)-1) -> 35219.065 | W10: =AVERAGE(L10:U10) -> 35251.007 | Y10: =Total!E10 -> 35210.383 | AB10: =(L10-$Y10)/$Y10 -> 0.00079712283 | AC10: =(M10-$Y10)/$Y10 -> 0.0013755886 | AD10: =(N10-$Y10)/$Y10 -> 0.0013971163 | AE10: =(O10-$Y10)/$Y10 -> 0.00069121657 | AF10: =(P10-$Y10)/$Y10 -> 0.0020664927 | AG10: =(Q10-$Y10)/$Y10 -> 0.0017770326 | AH10: =(R10-$Y10)/$Y10 -> 0.0010270266 | AI10: =(S10-$Y10)/$Y10 -> 0.00079476557 | ... AK10: =(U10-$Y10)/$Y10 -> 0.00024657499 | AM10: =SUM(AB10:AK10) -> 0.011537449
A11: Montage | B11: 50 | C11: 1 | D11: 53.097 | E11: 19.552 | F11: 361 | H11: Ligo | I11: 30 | J11: 1 | L11: =INDIRECT("D"&1+(ROW(D10)-1)*10+COLUMN(A10)-1) -> 658.233 | M11: =INDIRECT("D"&1+(ROW(E10)-1)*10+COLUMN(B10)-1) -> 658.233 | N11: =INDIRECT("D"&1+(ROW(F10)-1)*10+COLUMN(C10)-1) -> 657.356 | O11: =INDIRECT("D"&1+(ROW(G10)-1)*10+COLUMN(D10)-1) -> 657.324 | P11: =INDIRECT("D"&1+(ROW(H10)-1)*10+COLUMN(E10)-1) -> 657.356 | Q11: =INDIRECT("D"&1+(ROW(I10)-1)*10+COLUMN(F10)-1) -> 657.324 | R11: =INDIRECT("D"&1+(ROW(J10)-1)*10+COLUMN(G10)-1) -> 658.233 | S11: =INDIRECT("D"&1+(ROW(K10)-1)*10+COLUMN(H10)-1) -> 658.233 | ... U11: =INDIRECT("D"&1+(ROW(M10)-1)*10+COLUMN(J10)-1) -> 658.233 | W11: =AVERAGE(L11:U11) -> 657.8758 | Y11: =Total!E11 -> 655.465 | AB11: =(L11-$Y11)/$Y11 -> 0.0042229562 | AC11: =(M11-$Y11)/$Y11 -> 0.0042229562 | AD11: =(N11-$Y11)/$Y11 -> 0.0028849748 | AE11: =(O11-$Y11)/$Y11 -> 0.0028361545 | AF11: =(P11-$Y11)/$Y11 -> 0.0028849748 | AG11: =(Q11-$Y11)/$Y11 -> 0.0028361545 | AH11: =(R11-$Y11)/$Y11 -> 0.0042229562 | AI11: =(S11-$Y11)/$Y11 -> 0.0042229562 | ... AK11: =(U11-$Y11)/$Y11 -> 0.0042229562 | AM11: =SUM(AB11:AK11) -> 0.036779996
A12: Montage | B12: 50 | C12: 1 | D12: 53.137 | E12: 19.572 | F12: 361 | H12: Ligo | I12: 50 | J12: 1 | L12: =INDIRECT("D"&1+(ROW(D11)-1)*10+COLUMN(A11)-1) -> 995.097 | M12: =INDIRECT("D"&1+(ROW(E11)-1)*10+COLUMN(B11)-1) -> 994.627 | N12: =INDIRECT("D"&1+(ROW(F11)-1)*10+COLUMN(C11)-1) -> 994.026 | O12: =INDIRECT("D"&1+(ROW(G11)-1)*10+COLUMN(D11)-1) -> 996.14 | P12: =INDIRECT("D"&1+(ROW(H11)-1)*10+COLUMN(E11)-1) -> 994.755 | Q12: =INDIRECT("D"&1+(ROW(I11)-1)*10+COLUMN(F11)-1) -> 992.125 | R12: =INDIRECT("D"&1+(ROW(J11)-1)*10+COLUMN(G11)-1) -> 994.106 | S12: =INDIRECT("D"&1+(ROW(K11)-1)*10+COLUMN(H11)-1) -> 996.148 | ... U12: =INDIRECT("D"&1+(ROW(M11)-1)*10+COLUMN(J11)-1) -> 993.83 | W12: =AVERAGE(L12:U12) -> 994.442 | Y12: =Total!E12 -> 990.096 | AB12: =(L12-$Y12)/$Y12 -> 0.0050510254 | AC12: =(M12-$Y12)/$Y12 -> 0.0045763239 | AD12: =(N12-$Y12)/$Y12 -> 0.0039693121 | AE12: =(O12-$Y12)/$Y12 -> 0.0061044586 | AF12: =(P12-$Y12)/$Y12 -> 0.0047056043 | AG12: =(Q12-$Y12)/$Y12 -> 0.0020492962 | AH12: =(R12-$Y12)/$Y12 -> 0.0040501123 | AI12: =(S12-$Y12)/$Y12 -> 0.0061125386 | ... AK12: =(U12-$Y12)/$Y12 -> 0.0037713515 | AM12: =SUM(AB12:AK12) -> 0.043894733
A13: Montage | B13: 50 | C13: 1 | D13: 53.138 | E13: 19.576 | F13: 357 | H13: Ligo | I13: 100 | J13: 1 | L13: =INDIRECT("D"&1+(ROW(D12)-1)*10+COLUMN(A12)-1) -> 1756.54 | M13: =INDIRECT("D"&1+(ROW(E12)-1)*10+COLUMN(B12)-1) -> 1756.099 | N13: =INDIRECT("D"&1+(ROW(F12)-1)*10+COLUMN(C12)-1) -> 1754.833 | O13: =INDIRECT("D"&1+(ROW(G12)-1)*10+COLUMN(D12)-1) -> 1755.806 | P13: =INDIRECT("D"&1+(ROW(H12)-1)*10+COLUMN(E12)-1) -> 1756.049 | Q13: =INDIRECT("D"&1+(ROW(I12)-1)*10+COLUMN(F12)-1) -> 1756.42 | R13: =INDIRECT("D"&1+(ROW(J12)-1)*10+COLUMN(G12)-1) -> 1757.356 | S13: =INDIRECT("D"&1+(ROW(K12)-1)*10+COLUMN(H12)-1) -> 1757.503 | ... U13: =INDIRECT("D"&1+(ROW(M12)-1)*10+COLUMN(J12)-1) -> 1758.567 | W13: =AVERAGE(L13:U13) -> 1756.4813 | Y13: =Total!E13 -> 1753.79 | AB13: =(L13-$Y13)/$Y13 -> 0.0015680327 | AC13: =(M13-$Y13)/$Y13 -> 0.0013165772 | AD13: =(N13-$Y13)/$Y13 -> 0.00059471202 | AE13: =(O13-$Y13)/$Y13 -> 0.0011495105 | AF13: =(P13-$Y13)/$Y13 -> 0.0012880676 | AG13: =(Q13-$Y13)/$Y13 -> 0.0014996094 | AH13: =(R13-$Y13)/$Y13 -> 0.0020333107 | AI13: =(S13-$Y13)/$Y13 -> 0.0021171292 | ... AK13: =(U13-$Y13)/$Y13 -> 0.0027238153 | AM13: =SUM(AB13:AK13) -> 0.015345623
... A19: Montage | B19: 50 | C19: 1 | D19: 52.957 | E19: 19.562 | F19: 360 | H19: fft | I19: 224 | J19: 1 | L19: =INDIRECT("D"&1+(ROW(D18)-1)*10+COLUMN(A18)-1) -> 71.924 | M19: =INDIRECT("D"&1+(ROW(E18)-1)*10+COLUMN(B18)-1) -> 71.919 | N19: =INDIRECT("D"&1+(ROW(F18)-1)*10+COLUMN(C18)-1) -> 71.93 | O19: =INDIRECT("D"&1+(ROW(G18)-1)*10+COLUMN(D18)-1) -> 71.914 | P19: =INDIRECT("D"&1+(ROW(H18)-1)*10+COLUMN(E18)-1) -> 71.932 | Q19: =INDIRECT("D"&1+(ROW(I18)-1)*10+COLUMN(F18)-1) -> 71.925 | R19: =INDIRECT("D"&1+(ROW(J18)-1)*10+COLUMN(G18)-1) -> 71.937 | S19: =INDIRECT("D"&1+(ROW(K18)-1)*10+COLUMN(H18)-1) -> 71.983 | ... U19: =INDIRECT("D"&1+(ROW(M18)-1)*10+COLUMN(J18)-1) -> 71.915 | W19: =AVERAGE(L19:U19) -> 71.9326 | Y19: =Total!E19 -> 71.908 | AB19: =(L19-$Y19)/$Y19 -> 0.00022250654 | AC19: =(M19-$Y19)/$Y19 -> 0.00015297324 | AD19: =(N19-$Y19)/$Y19 -> 0.00030594649 | AE19: =(O19-$Y19)/$Y19 -> 8.3439951e-05 | AF19: =(P19-$Y19)/$Y19 -> 0.0003337598 | AG19: =(Q19-$Y19)/$Y19 -> 0.00023641319 | AH19: =(R19-$Y19)/$Y19 -> 0.0004032931 | AI19: =(S19-$Y19)/$Y19 -> 0.0010429994 | ... AK19: =(U19-$Y19)/$Y19 -> 9.734661e-05 | AM19: =SUM(AB19:AK19) -> 0.003421038
A20: Montage | B20: 50 | C20: 1 | D20: 53.017 | E20: 19.564 | F20: 354
A21: Montage | B21: 100 | C21: 1 | D21: 103.288 | E21: 102.103 | F21: 611
A22: Montage | B22: 100 | C22: 1 | D22: 103.213 | E22: 102.092 | F22: 604
A23: Montage | B23: 100 | C23: 1 | D23: 103.28 | E23: 102.025 | F23: 627
A24: Montage | B24: 100 | C24: 1 | D24: 103.272 | E24: 102.104 | F24: 569
A25: Montage | B25: 100 | C25: 1 | D25: 103.082 | E25: 102.132 | F25: 631
A26: Montage | B26: 100 | C26: 1 | D26: 103.276 | E26: 102.084 | F26: 607
A27: Montage | B27: 100 | C27: 1 | D27: 103.322 | E27: 102.006 | F27: 615
A28: Montage | B28: 100 | C28: 1 | D28: 103.28 | E28: 102.056 | F28: 616
A29: Montage | B29: 100 | C29: 1 | D29: 103.268 | E29: 102.066 | F29: 575
A30: Montage | B30: 100 | C30: 1 | D30: 103.266 | E30: 102.104 | F30: 619
A31: CyberShake | B31: 30 | C31: 1 | D31: 156.127 | E31: 8.009 | F31: 311
... A180: fft | B180: 224 | C180: 1 | D180: 71.915 | E180: 255.685 | F180: 333

Sheet 5
A1: Montage | B1: 25 | C1: 1 | D1: 28.546 | E1: 5.287 | F1: 241 | H1: ty | I1: sz | J1: ra | L1: 1 | M1: 2 | N1: 3 | O1: 4 | P1: 5 | Q1: 6 | R1: 7 | S1: 8 | T1: 9 | U1: 10 | W1: average | Y1: Min | AM1: sum
A2: Montage | B2: 25 | C2: 1 | D2: 28.546 | E2: 5.298 | F2: 263 | H2: Montage | I2: 25 | J2: 1 | L2: =INDIRECT("D"&1+(ROW(D1)-1)*10+COLUMN(A1)-1) -> 28.546 | M2: =INDIRECT("D"&1+(ROW(E1)-1)*10+COLUMN(B1)-1) -> 28.546 | N2: =INDIRECT("D"&1+(ROW(F1)-1)*10+COLUMN(C1)-1) -> 28.546 | O2: =INDIRECT("D"&1+(ROW(G1)-1)*10+COLUMN(D1)-1) -> 28.546 | P2: =INDIRECT("D"&1+(ROW(H1)-1)*10+COLUMN(E1)-1) -> 28.546 | Q2: =INDIRECT("D"&1+(ROW(I1)-1)*10+COLUMN(F1)-1) -> 28.504 | R2: =INDIRECT("D"&1+(ROW(J1)-1)*10+COLUMN(G1)-1) -> 28.546 | S2: =INDIRECT("D"&1+(ROW(K1)-1)*10+COLUMN(H1)-1) -> 28.504 | ... U2: =INDIRECT("D"&1+(ROW(M1)-1)*10+COLUMN(J1)-1) -> 28.504 | W2: =AVERAGE(L2:U2) -> 28.5334 | Y2: =Total!E2 -> 28.504 | AB2: =(L2-$Y2)/$Y2 -> 0.0014734774 | AC2: =(M2-$Y2)/$Y2 -> 0.0014734774 | AD2: =(N2-$Y2)/$Y2 -> 0.0014734774 | AE2: =(O2-$Y2)/$Y2 -> 0.0014734774 | AF2: =(P2-$Y2)/$Y2 -> 0.0014734774 | AG2: =(Q2-$Y2)/$Y2 -> 0 | AH2: =(R2-$Y2)/$Y2 -> 0.0014734774 | AI2: =(S2-$Y2)/$Y2 -> 0 | ... AK2: =(U2-$Y2)/$Y2 -> 0 | AM2: =SUM(AB2:AK2) -> 0.010314342
A3: Montage | B3: 25 | C3: 1 | D3: 28.546 | E3: 5.277 | F3: 282 | H3: Montage | I3: 50 | J3: 1 | L3: =INDIRECT("D"&1+(ROW(D2)-1)*10+COLUMN(A2)-1) -> 53.097 | M3: =INDIRECT("D"&1+(ROW(E2)-1)*10+COLUMN(B2)-1) -> 53.058 | N3: =INDIRECT("D"&1+(ROW(F2)-1)*10+COLUMN(C2)-1) -> 53.128 | O3: =INDIRECT("D"&1+(ROW(G2)-1)*10+COLUMN(D2)-1) -> 53.168 | P3: =INDIRECT("D"&1+(ROW(H2)-1)*10+COLUMN(E2)-1) -> 53.018 | Q3: =INDIRECT("D"&1+(ROW(I2)-1)*10+COLUMN(F2)-1) -> 53.127 | R3: =INDIRECT("D"&1+(ROW(J2)-1)*10+COLUMN(G2)-1) -> 53.077 | S3: =INDIRECT("D"&1+(ROW(K2)-1)*10+COLUMN(H2)-1) -> 53.007 | ... U3: =INDIRECT("D"&1+(ROW(M2)-1)*10+COLUMN(J2)-1) -> 53.067 | W3: =AVERAGE(L3:U3) -> 53.0934 | Y3: =Total!E3 -> 52.927 | AB3: =(L3-$Y3)/$Y3 -> 0.0032119712 | AC3: =(M3-$Y3)/$Y3 -> 0.0024751072 | AD3: =(N3-$Y3)/$Y3 -> 0.0037976836 | AE3: =(O3-$Y3)/$Y3 -> 0.0045534415 | AF3: =(P3-$Y3)/$Y3 -> 0.0017193493 | AG3: =(Q3-$Y3)/$Y3 -> 0.0037787897 | AH3: =(R3-$Y3)/$Y3 -> 0.0028340922 | AI3: =(S3-$Y3)/$Y3 -> 0.0015115159 | ... AK3: =(U3-$Y3)/$Y3 -> 0.0026451528 | AM3: =SUM(AB3:AK3) -> 0.03143953
A4: Montage | B4: 25 | C4: 1 | D4: 28.546 | E4: 5.276 | F4: 210 | H4: Montage | I4: 100 | J4: 1 | L4: =INDIRECT("D"&1+(ROW(D3)-1)*10+COLUMN(A3)-1) -> 103.287 | M4: =INDIRECT("D"&1+(ROW(E3)-1)*10+COLUMN(B3)-1) -> 103.376 | N4: =INDIRECT("D"&1+(ROW(F3)-1)*10+COLUMN(C3)-1) -> 103.433 | O4: =INDIRECT("D"&1+(ROW(G3)-1)*10+COLUMN(D3)-1) -> 103.272 | P4: =INDIRECT("D"&1+(ROW(H3)-1)*10+COLUMN(E3)-1) -> 103.271 | Q4: =INDIRECT("D"&1+(ROW(I3)-1)*10+COLUMN(F3)-1) -> 103.265 | R4: =INDIRECT("D"&1+(ROW(J3)-1)*10+COLUMN(G3)-1) -> 103.271 | S4: =INDIRECT("D"&1+(ROW(K3)-1)*10+COLUMN(H3)-1) -> 103.086 | ... U4: =INDIRECT("D"&1+(ROW(M3)-1)*10+COLUMN(J3)-1) -> 103.318 | W4: =AVERAGE(L4:U4) -> 103.2824 | Y4: =Total!E4 -> 102.802 | AB4: =(L4-$Y4)/$Y4 -> 0.004717807 | AC4: =(M4-$Y4)/$Y4 -> 0.005583549 | AD4: =(N4-$Y4)/$Y4 -> 0.0061380129 | AE4: =(O4-$Y4)/$Y4 -> 0.0045718955 | AF4: =(P4-$Y4)/$Y4 -> 0.0045621681 | AG4: =(Q4-$Y4)/$Y4 -> 0.0045038034 | AH4: =(R4-$Y4)/$Y4 -> 0.0045621681 | AI4: =(S4-$Y4)/$Y4 -> 0.0027625922 | ... AK4: =(U4-$Y4)/$Y4 -> 0.0050193576 | AM4: =SUM(AB4:AK4) -> 0.046730608
A5: Montage | B5: 25 | C5: 1 | D5: 28.546 | E5: 5.286 | F5: 252 | H5: CyberShake | I5: 30 | J5: 1 | L5: =INDIRECT("D"&1+(ROW(D4)-1)*10+COLUMN(A4)-1) -> 156.127 | M5: =INDIRECT("D"&1+(ROW(E4)-1)*10+COLUMN(B4)-1) -> 156.127 | N5: =INDIRECT("D"&1+(ROW(F4)-1)*10+COLUMN(C4)-1) -> 156.127 | O5: =INDIRECT("D"&1+(ROW(G4)-1)*10+COLUMN(D4)-1) -> 156.127 | P5: =INDIRECT("D"&1+(ROW(H4)-1)*10+COLUMN(E4)-1) -> 156.127 | Q5: =INDIRECT("D"&1+(ROW(I4)-1)*10+COLUMN(F4)-1) -> 156.127 | R5: =INDIRECT("D"&1+(ROW(J4)-1)*10+COLUMN(G4)-1) -> 156.127 | S5: =INDIRECT("D"&1+(ROW(K4)-1)*10+COLUMN(H4)-1) -> 156.127 | ... U5: =INDIRECT("D"&1+(ROW(M4)-1)*10+COLUMN(J4)-1) -> 156.127 | W5: =AVERAGE(L5:U5) -> 156.127 | Y5: =Total!E5 -> 156.127 | AB5: =(L5-$Y5)/$Y5 -> 0 | AC5: =(M5-$Y5)/$Y5 -> 0 | AD5: =(N5-$Y5)/$Y5 -> 0 | AE5: =(O5-$Y5)/$Y5 -> 0 | AF5: =(P5-$Y5)/$Y5 -> 0 | AG5: =(Q5-$Y5)/$Y5 -> 0 | AH5: =(R5-$Y5)/$Y5 -> 0 | AI5: =(S5-$Y5)/$Y5 -> 0 | ... AK5: =(U5-$Y5)/$Y5 -> 0 | AM5: =SUM(AB5:AK5) -> 0
A6: Montage | B6: 25 | C6: 1 | D6: 28.504 | E6: 5.291 | F6: 256 | H6: CyberShake | I6: 50 | J6: 1 | L6: =INDIRECT("D"&1+(ROW(D5)-1)*10+COLUMN(A5)-1) -> 180.871 | M6: =INDIRECT("D"&1+(ROW(E5)-1)*10+COLUMN(B5)-1) -> 180.871 | N6: =INDIRECT("D"&1+(ROW(F5)-1)*10+COLUMN(C5)-1) -> 180.871 | O6: =INDIRECT("D"&1+(ROW(G5)-1)*10+COLUMN(D5)-1) -> 181.597 | P6: =INDIRECT("D"&1+(ROW(H5)-1)*10+COLUMN(E5)-1) -> 179.938 | Q6: =INDIRECT("D"&1+(ROW(I5)-1)*10+COLUMN(F5)-1) -> 179.938 | R6: =INDIRECT("D"&1+(ROW(J5)-1)*10+COLUMN(G5)-1) -> 181.713 | S6: =INDIRECT("D"&1+(ROW(K5)-1)*10+COLUMN(H5)-1) -> 181.863 | ... U6: =INDIRECT("D"&1+(ROW(M5)-1)*10+COLUMN(J5)-1) -> 180.685 | W6: =AVERAGE(L6:U6) -> 181.087 | Y6: =Total!E6 -> 179.673 | AB6: =(L6-$Y6)/$Y6 -> 0.0066676685 | AC6: =(M6-$Y6)/$Y6 -> 0.0066676685 | AD6: =(N6-$Y6)/$Y6 -> 0.0066676685 | AE6: =(O6-$Y6)/$Y6 -> 0.010708342 | AF6: =(P6-$Y6)/$Y6 -> 0.0014749016 | AG6: =(Q6-$Y6)/$Y6 -> 0.0014749016 | AH6: =(R6-$Y6)/$Y6 -> 0.01135396 | AI6: =(S6-$Y6)/$Y6 -> 0.01218881 | ... AK6: =(U6-$Y6)/$Y6 -> 0.0056324545 | AM6: =SUM(AB6:AK6) -> 0.078698525
A7: Montage | B7: 25 | C7: 1 | D7: 28.546 | E7: 5.289 | F7: 232 | H7: CyberShake | I7: 100 | J7: 1 | L7: =INDIRECT("D"&1+(ROW(D6)-1)*10+COLUMN(A6)-1) -> 239.267 | M7: =INDIRECT("D"&1+(ROW(E6)-1)*10+COLUMN(B6)-1) -> 239.476 | N7: =INDIRECT("D"&1+(ROW(F6)-1)*10+COLUMN(C6)-1) -> 239.566 | O7: =INDIRECT("D"&1+(ROW(G6)-1)*10+COLUMN(D6)-1) -> 239.093 | P7: =INDIRECT("D"&1+(ROW(H6)-1)*10+COLUMN(E6)-1) -> 239.047 | Q7: =INDIRECT("D"&1+(ROW(I6)-1)*10+COLUMN(F6)-1) -> 239.642 | R7: =INDIRECT("D"&1+(ROW(J6)-1)*10+COLUMN(G6)-1) -> 239.657 | S7: =INDIRECT("D"&1+(ROW(K6)-1)*10+COLUMN(H6)-1) -> 239.33 | ... U7: =INDIRECT("D"&1+(ROW(M6)-1)*10+COLUMN(J6)-1) -> 239.2 | W7: =AVERAGE(L7:U7) -> 239.5175 | Y7: =Total!E7 -> 238.867 | AB7: =(L7-$Y7)/$Y7 -> 0.001674572 | AC7: =(M7-$Y7)/$Y7 -> 0.0025495359 | AD7: =(N7-$Y7)/$Y7 -> 0.0029263146 | AE7: =(O7-$Y7)/$Y7 -> 0.0009461332 | AF7: =(P7-$Y7)/$Y7 -> 0.00075355742 | AG7: =(Q7-$Y7)/$Y7 -> 0.0032444833 | AH7: =(R7-$Y7)/$Y7 -> 0.0033072798 | AI7: =(S7-$Y7)/$Y7 -> 0.0019383171 | ... AK7: =(U7-$Y7)/$Y7 -> 0.0013940812 | AM7: =SUM(AB7:AK7) -> 0.027232728
A8: Montage | B8: 25 | C8: 1 | D8: 28.504 | E8: 5.284 | F8: 293 | H8: Epigenomics | I8: 24 | J8: 1 | L8: =INDIRECT("D"&1+(ROW(D7)-1)*10+COLUMN(A7)-1) -> 2320.908 | M8: =INDIRECT("D"&1+(ROW(E7)-1)*10+COLUMN(B7)-1) -> 2320.908 | N8: =INDIRECT("D"&1+(ROW(F7)-1)*10+COLUMN(C7)-1) -> 2320.908 | O8: =INDIRECT("D"&1+(ROW(G7)-1)*10+COLUMN(D7)-1) -> 2320.908 | P8: =INDIRECT("D"&1+(ROW(H7)-1)*10+COLUMN(E7)-1) -> 2320.908 | Q8: =INDIRECT("D"&1+(ROW(I7)-1)*10+COLUMN(F7)-1) -> 2320.908 | R8: =INDIRECT("D"&1+(ROW(J7)-1)*10+COLUMN(G7)-1) -> 2320.908 | S8: =INDIRECT("D"&1+(ROW(K7)-1)*10+COLUMN(H7)-1) -> 2320.908 | ... U8: =INDIRECT("D"&1+(ROW(M7)-1)*10+COLUMN(J7)-1) -> 2320.908 | W8: =AVERAGE(L8:U8) -> 2320.908 | Y8: =Total!E8 -> 2320.908 | AB8: =(L8-$Y8)/$Y8 -> 0 | AC8: =(M8-$Y8)/$Y8 -> 0 | AD8: =(N8-$Y8)/$Y8 -> 0 | AE8: =(O8-$Y8)/$Y8 -> 0 | AF8: =(P8-$Y8)/$Y8 -> 0 | AG8: =(Q8-$Y8)/$Y8 -> 0 | AH8: =(R8-$Y8)/$Y8 -> 0 | AI8: =(S8-$Y8)/$Y8 -> 0 | ... AK8: =(U8-$Y8)/$Y8 -> 0 | AM8: =SUM(AB8:AK8) -> 0
A9: Montage | B9: 25 | C9: 1 | D9: 28.546 | E9: 5.282 | F9: 248 | H9: Epigenomics | I9: 47 | J9: 1 | L9: =INDIRECT("D"&1+(ROW(D8)-1)*10+COLUMN(A8)-1) -> 4313.61 | M9: =INDIRECT("D"&1+(ROW(E8)-1)*10+COLUMN(B8)-1) -> 4313.61 | N9: =INDIRECT("D"&1+(ROW(F8)-1)*10+COLUMN(C8)-1) -> 4318.488 | O9: =INDIRECT("D"&1+(ROW(G8)-1)*10+COLUMN(D8)-1) -> 4313.61 | P9: =INDIRECT("D"&1+(ROW(H8)-1)*10+COLUMN(E8)-1) -> 4318.488 | Q9: =INDIRECT("D"&1+(ROW(I8)-1)*10+COLUMN(F8)-1) -> 4313.61 | R9: =INDIRECT("D"&1+(ROW(J8)-1)*10+COLUMN(G8)-1) -> 4318.488 | S9: =INDIRECT("D"&1+(ROW(K8)-1)*10+COLUMN(H8)-1) -> 4313.61 | ... U9: =INDIRECT("D"&1+(ROW(M8)-1)*10+COLUMN(J8)-1) -> 4313.61 | W9: =AVERAGE(L9:U9) -> 4315.0734 | Y9: =Total!E9 -> 4313.61 | AB9: =(L9-$Y9)/$Y9 -> 0 | AC9: =(M9-$Y9)/$Y9 -> 0 | AD9: =(N9-$Y9)/$Y9 -> 0.0011308394 | AE9: =(O9-$Y9)/$Y9 -> 0 | AF9: =(P9-$Y9)/$Y9 -> 0.0011308394 | AG9: =(Q9-$Y9)/$Y9 -> 0 | AH9: =(R9-$Y9)/$Y9 -> 0.0011308394 | AI9: =(S9-$Y9)/$Y9 -> 0 | ... AK9: =(U9-$Y9)/$Y9 -> 0 | AM9: =SUM(AB9:AK9) -> 0.0033925181
A10: Montage | B10: 25 | C10: 1 | D10: 28.504 | E10: 5.28 | F10: 258 | H10: Epigenomics | I10: 100 | J10: 1 | L10: =INDIRECT("D"&1+(ROW(D9)-1)*10+COLUMN(A9)-1) -> 35253.747 | M10: =INDIRECT("D"&1+(ROW(E9)-1)*10+COLUMN(B9)-1) -> 35277.131 | N10: =INDIRECT("D"&1+(ROW(F9)-1)*10+COLUMN(C9)-1) -> 35273.301 | O10: =INDIRECT("D"&1+(ROW(G9)-1)*10+COLUMN(D9)-1) -> 35275.376 | P10: =INDIRECT("D"&1+(ROW(H9)-1)*10+COLUMN(E9)-1) -> 35272.953 | Q10: =INDIRECT("D"&1+(ROW(I9)-1)*10+COLUMN(F9)-1) -> 35273.343 | R10: =INDIRECT("D"&1+(ROW(J9)-1)*10+COLUMN(G9)-1) -> 35282.481 | S10: =INDIRECT("D"&1+(ROW(K9)-1)*10+COLUMN(H9)-1) -> 35282.184 | ... U10: =INDIRECT("D"&1+(ROW(M9)-1)*10+COLUMN(J9)-1) -> 35272.953 | W10: =AVERAGE(L10:U10) -> 35271.154 | Y10: =Total!E10 -> 35210.383 | AB10: =(L10-$Y10)/$Y10 -> 0.0012315685 | AC10: =(M10-$Y10)/$Y10 -> 0.0018956908 | AD10: =(N10-$Y10)/$Y10 -> 0.0017869161 | AE10: =(O10-$Y10)/$Y10 -> 0.0018458476 | AF10: =(P10-$Y10)/$Y10 -> 0.0017770326 | AG10: =(Q10-$Y10)/$Y10 -> 0.0017881089 | AH10: =(R10-$Y10)/$Y10 -> 0.0020476346 | AI10: =(S10-$Y10)/$Y10 -> 0.0020391996 | ... AK10: =(U10-$Y10)/$Y10 -> 0.0017770326 | AM10: =SUM(AB10:AK10) -> 0.01725954
A11: Montage | B11: 50 | C11: 1 | D11: 53.097 | E11: 19.57 | F11: 367 | H11: Ligo | I11: 30 | J11: 1 | L11: =INDIRECT("D"&1+(ROW(D10)-1)*10+COLUMN(A10)-1) -> 658.005 | M11: =INDIRECT("D"&1+(ROW(E10)-1)*10+COLUMN(B10)-1) -> 657.356 | N11: =INDIRECT("D"&1+(ROW(F10)-1)*10+COLUMN(C10)-1) -> 657.356 | O11: =INDIRECT("D"&1+(ROW(G10)-1)*10+COLUMN(D10)-1) -> 658.005 | P11: =INDIRECT("D"&1+(ROW(H10)-1)*10+COLUMN(E10)-1) -> 658.233 | Q11: =INDIRECT("D"&1+(ROW(I10)-1)*10+COLUMN(F10)-1) -> 658.005 | R11: =INDIRECT("D"&1+(ROW(J10)-1)*10+COLUMN(G10)-1) -> 658.005 | S11: =INDIRECT("D"&1+(ROW(K10)-1)*10+COLUMN(H10)-1) -> 658.005 | ... U11: =INDIRECT("D"&1+(ROW(M10)-1)*10+COLUMN(J10)-1) -> 659.845 | W11: =AVERAGE(L11:U11) -> 658.1048 | Y11: =Total!E11 -> 655.465 | AB11: =(L11-$Y11)/$Y11 -> 0.0038751116 | AC11: =(M11-$Y11)/$Y11 -> 0.0028849748 | AD11: =(N11-$Y11)/$Y11 -> 0.0028849748 | AE11: =(O11-$Y11)/$Y11 -> 0.0038751116 | AF11: =(P11-$Y11)/$Y11 -> 0.0042229562 | AG11: =(Q11-$Y11)/$Y11 -> 0.0038751116 | AH11: =(R11-$Y11)/$Y11 -> 0.0038751116 | AI11: =(S11-$Y11)/$Y11 -> 0.0038751116 | ... AK11: =(U11-$Y11)/$Y11 -> 0.006682279 | AM11: =SUM(AB11:AK11) -> 0.040273699
A12: Montage | B12: 50 | C12: 1 | D12: 53.058 | E12: 19.567 | F12: 364 | H12: Ligo | I12: 50 | J12: 1 | L12: =INDIRECT("D"&1+(ROW(D11)-1)*10+COLUMN(A11)-1) -> 997.346 | M12: =INDIRECT("D"&1+(ROW(E11)-1)*10+COLUMN(B11)-1) -> 995.482 | N12: =INDIRECT("D"&1+(ROW(F11)-1)*10+COLUMN(C11)-1) -> 996.856 | O12: =INDIRECT("D"&1+(ROW(G11)-1)*10+COLUMN(D11)-1) -> 992.708 | P12: =INDIRECT("D"&1+(ROW(H11)-1)*10+COLUMN(E11)-1) -> 995.393 | Q12: =INDIRECT("D"&1+(ROW(I11)-1)*10+COLUMN(F11)-1) -> 996.29 | R12: =INDIRECT("D"&1+(ROW(J11)-1)*10+COLUMN(G11)-1) -> 997.595 | S12: =INDIRECT("D"&1+(ROW(K11)-1)*10+COLUMN(H11)-1) -> 997.665 | ... U12: =INDIRECT("D"&1+(ROW(M11)-1)*10+COLUMN(J11)-1) -> 992.853 | W12: =AVERAGE(L12:U12) -> 995.6817 | Y12: =Total!E12 -> 990.096 | AB12: =(L12-$Y12)/$Y12 -> 0.0073225223 | AC12: =(M12-$Y12)/$Y12 -> 0.0054398765 | AD12: =(N12-$Y12)/$Y12 -> 0.0068276208 | AE12: =(O12-$Y12)/$Y12 -> 0.002638128 | AF12: =(P12-$Y12)/$Y12 -> 0.0053499863 | AG12: =(Q12-$Y12)/$Y12 -> 0.006255959 | AH12: =(R12-$Y12)/$Y12 -> 0.007574013 | AI12: =(S12-$Y12)/$Y12 -> 0.0076447132 | ... AK12: =(U12-$Y12)/$Y12 -> 0.0027845785 | AM12: =SUM(AB12:AK12) -> 0.056415742
A13: Montage | B13: 50 | C13: 1 | D13: 53.128 | E13: 19.605 | F13: 359 | H13: Ligo | I13: 100 | J13: 1 | L13: =INDIRECT("D"&1+(ROW(D12)-1)*10+COLUMN(A12)-1) -> 1754.606 | M13: =INDIRECT("D"&1+(ROW(E12)-1)*10+COLUMN(B12)-1) -> 1758.753 | N13: =INDIRECT("D"&1+(ROW(F12)-1)*10+COLUMN(C12)-1) -> 1755.94 | O13: =INDIRECT("D"&1+(ROW(G12)-1)*10+COLUMN(D12)-1) -> 1754.681 | P13: =INDIRECT("D"&1+(ROW(H12)-1)*10+COLUMN(E12)-1) -> 1753.79 | Q13: =INDIRECT("D"&1+(ROW(I12)-1)*10+COLUMN(F12)-1) -> 1758.653 | R13: =INDIRECT("D"&1+(ROW(J12)-1)*10+COLUMN(G12)-1) -> 1760.79 | S13: =INDIRECT("D"&1+(ROW(K12)-1)*10+COLUMN(H12)-1) -> 1755.763 | ... U13: =INDIRECT("D"&1+(ROW(M12)-1)*10+COLUMN(J12)-1) -> 1758.123 | W13: =AVERAGE(L13:U13) -> 1756.7066 | Y13: =Total!E13 -> 1753.79 | AB13: =(L13-$Y13)/$Y13 -> 0.00046527805 | AC13: =(M13-$Y13)/$Y13 -> 0.0028298713 | AD13: =(N13-$Y13)/$Y13 -> 0.0012259164 | AE13: =(O13-$Y13)/$Y13 -> 0.00050804258 | AF13: =(P13-$Y13)/$Y13 -> 0 | AG13: =(Q13-$Y13)/$Y13 -> 0.0027728519 | AH13: =(R13-$Y13)/$Y13 -> 0.0039913559 | AI13: =(S13-$Y13)/$Y13 -> 0.0011249922 | ... AK13: =(U13-$Y13)/$Y13 -> 0.0024706493 | AM13: =SUM(AB13:AK13) -> 0.016630269
... A19: Montage | B19: 50 | C19: 1 | D19: 53.187 | E19: 19.571 | F19: 348 | H19: fft | I19: 224 | J19: 1 | L19: =INDIRECT("D"&1+(ROW(D18)-1)*10+COLUMN(A18)-1) -> 71.982 | M19: =INDIRECT("D"&1+(ROW(E18)-1)*10+COLUMN(B18)-1) -> 71.924 | N19: =INDIRECT("D"&1+(ROW(F18)-1)*10+COLUMN(C18)-1) -> 71.929 | O19: =INDIRECT("D"&1+(ROW(G18)-1)*10+COLUMN(D18)-1) -> 71.919 | P19: =INDIRECT("D"&1+(ROW(H18)-1)*10+COLUMN(E18)-1) -> 71.919 | Q19: =INDIRECT("D"&1+(ROW(I18)-1)*10+COLUMN(F18)-1) -> 71.92 | R19: =INDIRECT("D"&1+(ROW(J18)-1)*10+COLUMN(G18)-1) -> 71.916 | S19: =INDIRECT("D"&1+(ROW(K18)-1)*10+COLUMN(H18)-1) -> 71.948 | ... U19: =INDIRECT("D"&1+(ROW(M18)-1)*10+COLUMN(J18)-1) -> 71.981 | W19: =AVERAGE(L19:U19) -> 71.9373 | Y19: =Total!E19 -> 71.908 | AB19: =(L19-$Y19)/$Y19 -> 0.0010290927 | AC19: =(M19-$Y19)/$Y19 -> 0.00022250654 | AD19: =(N19-$Y19)/$Y19 -> 0.00029203983 | AE19: =(O19-$Y19)/$Y19 -> 0.00015297324 | AF19: =(P19-$Y19)/$Y19 -> 0.00015297324 | AG19: =(Q19-$Y19)/$Y19 -> 0.0001668799 | AH19: =(R19-$Y19)/$Y19 -> 0.00011125327 | AI19: =(S19-$Y19)/$Y19 -> 0.00055626634 | ... AK19: =(U19-$Y19)/$Y19 -> 0.0010151861 | AM19: =SUM(AB19:AK19) -> 0.0040746509
A20: Montage | B20: 50 | C20: 1 | D20: 53.067 | E20: 19.562 | F20: 379
A21: Montage | B21: 100 | C21: 1 | D21: 103.287 | E21: 102.023 | F21: 596
A22: Montage | B22: 100 | C22: 1 | D22: 103.376 | E22: 102 | F22: 602
A23: Montage | B23: 100 | C23: 1 | D23: 103.433 | E23: 102.072 | F23: 616
A24: Montage | B24: 100 | C24: 1 | D24: 103.272 | E24: 102.029 | F24: 575
A25: Montage | B25: 100 | C25: 1 | D25: 103.271 | E25: 102.102 | F25: 623
A26: Montage | B26: 100 | C26: 1 | D26: 103.265 | E26: 102.009 | F26: 588
A27: Montage | B27: 100 | C27: 1 | D27: 103.271 | E27: 102.115 | F27: 595
A28: Montage | B28: 100 | C28: 1 | D28: 103.086 | E28: 102.003 | F28: 620
A29: Montage | B29: 100 | C29: 1 | D29: 103.245 | E29: 102.015 | F29: 572
A30: Montage | B30: 100 | C30: 1 | D30: 103.318 | E30: 102.069 | F30: 626
A31: CyberShake | B31: 30 | C31: 1 | D31: 156.127 | E31: 8.005 | F31: 286
... A180: fft | B180: 224 | C180: 1 | D180: 71.981 | E180: 255.863 | F180: 330

Sheet 6
A1: Montage | B1: 25 | C1: 1 | D1: 28.592 | E1: 5.275 | F1: 211 | H1: ty | I1: sz | J1: ra | L1: 1 | M1: 2 | N1: 3 | O1: 4 | P1: 5 | Q1: 6 | R1: 7 | S1: 8 | T1: 9 | U1: 10 | W1: average | Y1: Min | AM1: sum
A2: Montage | B2: 25 | C2: 1 | D2: 28.546 | E2: 5.277 | F2: 247 | H2: Montage | I2: 25 | J2: 1 | L2: =INDIRECT("D"&1+(ROW(D1)-1)*10+COLUMN(A1)-1) -> 28.592 | M2: =INDIRECT("D"&1+(ROW(E1)-1)*10+COLUMN(B1)-1) -> 28.546 | N2: =INDIRECT("D"&1+(ROW(F1)-1)*10+COLUMN(C1)-1) -> 28.504 | O2: =INDIRECT("D"&1+(ROW(G1)-1)*10+COLUMN(D1)-1) -> 28.546 | P2: =INDIRECT("D"&1+(ROW(H1)-1)*10+COLUMN(E1)-1) -> 28.546 | Q2: =INDIRECT("D"&1+(ROW(I1)-1)*10+COLUMN(F1)-1) -> 28.504 | R2: =INDIRECT("D"&1+(ROW(J1)-1)*10+COLUMN(G1)-1) -> 28.504 | S2: =INDIRECT("D"&1+(ROW(K1)-1)*10+COLUMN(H1)-1) -> 28.546 | ... U2: =INDIRECT("D"&1+(ROW(M1)-1)*10+COLUMN(J1)-1) -> 28.546 | W2: =AVERAGE(L2:U2) -> 28.538 | Y2: =Total!E2 -> 28.504 | AB2: =(L2-$Y2)/$Y2 -> 0.003087286 | AC2: =(M2-$Y2)/$Y2 -> 0.0014734774 | AD2: =(N2-$Y2)/$Y2 -> 0 | AE2: =(O2-$Y2)/$Y2 -> 0.0014734774 | AF2: =(P2-$Y2)/$Y2 -> 0.0014734774 | AG2: =(Q2-$Y2)/$Y2 -> 0 | AH2: =(R2-$Y2)/$Y2 -> 0 | AI2: =(S2-$Y2)/$Y2 -> 0.0014734774 | ... AK2: =(U2-$Y2)/$Y2 -> 0.0014734774 | AM2: =SUM(AB2:AK2) -> 0.01192815
A3: Montage | B3: 25 | C3: 1 | D3: 28.504 | E3: 5.294 | F3: 224 | H3: Montage | I3: 50 | J3: 1 | L3: =INDIRECT("D"&1+(ROW(D2)-1)*10+COLUMN(A2)-1) -> 53.138 | M3: =INDIRECT("D"&1+(ROW(E2)-1)*10+COLUMN(B2)-1) -> 53.032 | N3: =INDIRECT("D"&1+(ROW(F2)-1)*10+COLUMN(C2)-1) -> 53.068 | O3: =INDIRECT("D"&1+(ROW(G2)-1)*10+COLUMN(D2)-1) -> 53.019 | P3: =INDIRECT("D"&1+(ROW(H2)-1)*10+COLUMN(E2)-1) -> 53.078 | Q3: =INDIRECT("D"&1+(ROW(I2)-1)*10+COLUMN(F2)-1) -> 53.007 | R3: =INDIRECT("D"&1+(ROW(J2)-1)*10+COLUMN(G2)-1) -> 52.957 | S3: =INDIRECT("D"&1+(ROW(K2)-1)*10+COLUMN(H2)-1) -> 53.081 | ... U3: =INDIRECT("D"&1+(ROW(M2)-1)*10+COLUMN(J2)-1) -> 52.987 | W3: =AVERAGE(L3:U3) -> 53.0604 | Y3: =Total!E3 -> 52.927 | AB3: =(L3-$Y3)/$Y3 -> 0.0039866231 | AC3: =(M3-$Y3)/$Y3 -> 0.0019838646 | AD3: =(N3-$Y3)/$Y3 -> 0.0026640467 | AE3: =(O3-$Y3)/$Y3 -> 0.0017382432 | AF3: =(P3-$Y3)/$Y3 -> 0.0028529862 | AG3: =(Q3-$Y3)/$Y3 -> 0.0015115159 | AH3: =(R3-$Y3)/$Y3 -> 0.00056681845 | AI3: =(S3-$Y3)/$Y3 -> 0.002909668 | ... AK3: =(U3-$Y3)/$Y3 -> 0.0011336369 | AM3: =SUM(AB3:AK3) -> 0.025204527
A4: Montage | B4: 25 | C4: 1 | D4: 28.546 | E4: 5.282 | F4: 250 | H4: Montage | I4: 100 | J4: 1 | L4: =INDIRECT("D"&1+(ROW(D3)-1)*10+COLUMN(A3)-1) -> 102.968 | M4: =INDIRECT("D"&1+(ROW(E3)-1)*10+COLUMN(B3)-1) -> 103.288 | N4: =INDIRECT("D"&1+(ROW(F3)-1)*10+COLUMN(C3)-1) -> 103.068 | O4: =INDIRECT("D"&1+(ROW(G3)-1)*10+COLUMN(D3)-1) -> 103.351 | P4: =INDIRECT("D"&1+(ROW(H3)-1)*10+COLUMN(E3)-1) -> 103.703 | Q4: =INDIRECT("D"&1+(ROW(I3)-1)*10+COLUMN(F3)-1) -> 103.247 | R4: =INDIRECT("D"&1+(ROW(J3)-1)*10+COLUMN(G3)-1) -> 103.277 | S4: =INDIRECT("D"&1+(ROW(K3)-1)*10+COLUMN(H3)-1) -> 103.288 | ... U4: =INDIRECT("D"&1+(ROW(M3)-1)*10+COLUMN(J3)-1) -> 103.568 | W4: =AVERAGE(L4:U4) -> 103.3014 | Y4: =Total!E4 -> 102.802 | AB4: =(L4-$Y4)/$Y4 -> 0.0016147546 | AC4: =(M4-$Y4)/$Y4 -> 0.0047275345 | AD4: =(N4-$Y4)/$Y4 -> 0.0025874983 | AE4: =(O4-$Y4)/$Y4 -> 0.005340363 | AF4: =(P4-$Y4)/$Y4 -> 0.0087644209 | AG4: =(Q4-$Y4)/$Y4 -> 0.0043287096 | AH4: =(R4-$Y4)/$Y4 -> 0.0046205327 | AI4: =(S4-$Y4)/$Y4 -> 0.0047275345 | ... AK4: =(U4-$Y4)/$Y4 -> 0.0074512169 | AM4: =SUM(AB4:AK4) -> 0.048578821
A5: Montage | B5: 25 | C5: 1 | D5: 28.546 | E5: 5.275 | F5: 261 | H5: CyberShake | I5: 30 | J5: 1 | L5: =INDIRECT("D"&1+(ROW(D4)-1)*10+COLUMN(A4)-1) -> 156.127 | M5: =INDIRECT("D"&1+(ROW(E4)-1)*10+COLUMN(B4)-1) -> 156.127 | N5: =INDIRECT("D"&1+(ROW(F4)-1)*10+COLUMN(C4)-1) -> 156.127 | O5: =INDIRECT("D"&1+(ROW(G4)-1)*10+COLUMN(D4)-1) -> 156.127 | P5: =INDIRECT("D"&1+(ROW(H4)-1)*10+COLUMN(E4)-1) -> 156.127 | Q5: =INDIRECT("D"&1+(ROW(I4)-1)*10+COLUMN(F4)-1) -> 156.127 | R5: =INDIRECT("D"&1+(ROW(J4)-1)*10+COLUMN(G4)-1) -> 156.127 | S5: =INDIRECT("D"&1+(ROW(K4)-1)*10+COLUMN(H4)-1) -> 156.127 | ... U5: =INDIRECT("D"&1+(ROW(M4)-1)*10+COLUMN(J4)-1) -> 156.127 | W5: =AVERAGE(L5:U5) -> 156.127 | Y5: =Total!E5 -> 156.127 | AB5: =(L5-$Y5)/$Y5 -> 0 | AC5: =(M5-$Y5)/$Y5 -> 0 | AD5: =(N5-$Y5)/$Y5 -> 0 | AE5: =(O5-$Y5)/$Y5 -> 0 | AF5: =(P5-$Y5)/$Y5 -> 0 | AG5: =(Q5-$Y5)/$Y5 -> 0 | AH5: =(R5-$Y5)/$Y5 -> 0 | AI5: =(S5-$Y5)/$Y5 -> 0 | ... AK5: =(U5-$Y5)/$Y5 -> 0 | AM5: =SUM(AB5:AK5) -> 0
A6: Montage | B6: 25 | C6: 1 | D6: 28.504 | E6: 5.279 | F6: 244 | H6: CyberShake | I6: 50 | J6: 1 | L6: =INDIRECT("D"&1+(ROW(D5)-1)*10+COLUMN(A5)-1) -> 180.871 | M6: =INDIRECT("D"&1+(ROW(E5)-1)*10+COLUMN(B5)-1) -> 179.938 | N6: =INDIRECT("D"&1+(ROW(F5)-1)*10+COLUMN(C5)-1) -> 179.953 | O6: =INDIRECT("D"&1+(ROW(G5)-1)*10+COLUMN(D5)-1) -> 179.938 | P6: =INDIRECT("D"&1+(ROW(H5)-1)*10+COLUMN(E5)-1) -> 179.938 | Q6: =INDIRECT("D"&1+(ROW(I5)-1)*10+COLUMN(F5)-1) -> 181.713 | R6: =INDIRECT("D"&1+(ROW(J5)-1)*10+COLUMN(G5)-1) -> 179.938 | S6: =INDIRECT("D"&1+(ROW(K5)-1)*10+COLUMN(H5)-1) -> 180.685 | ... U6: =INDIRECT("D"&1+(ROW(M5)-1)*10+COLUMN(J5)-1) -> 180.871 | W6: =AVERAGE(L6:U6) -> 180.549 | Y6: =Total!E6 -> 179.673 | AB6: =(L6-$Y6)/$Y6 -> 0.0066676685 | AC6: =(M6-$Y6)/$Y6 -> 0.0014749016 | AD6: =(N6-$Y6)/$Y6 -> 0.0015583866 | AE6: =(O6-$Y6)/$Y6 -> 0.0014749016 | AF6: =(P6-$Y6)/$Y6 -> 0.0014749016 | AG6: =(Q6-$Y6)/$Y6 -> 0.01135396 | AH6: =(R6-$Y6)/$Y6 -> 0.0014749016 | AI6: =(S6-$Y6)/$Y6 -> 0.0056324545 | ... AK6: =(U6-$Y6)/$Y6 -> 0.0066676685 | AM6: =SUM(AB6:AK6) -> 0.048755239
A7: Montage | B7: 25 | C7: 1 | D7: 28.504 | E7: 5.285 | F7: 258 | H7: CyberShake | I7: 100 | J7: 1 | L7: =INDIRECT("D"&1+(ROW(D6)-1)*10+COLUMN(A6)-1) -> 239.487 | M7: =INDIRECT("D"&1+(ROW(E6)-1)*10+COLUMN(B6)-1) -> 239.287 | N7: =INDIRECT("D"&1+(ROW(F6)-1)*10+COLUMN(C6)-1) -> 239.201 | O7: =INDIRECT("D"&1+(ROW(G6)-1)*10+COLUMN(D6)-1) -> 239.494 | P7: =INDIRECT("D"&1+(ROW(H6)-1)*10+COLUMN(E6)-1) -> 239.228 | Q7: =INDIRECT("D"&1+(ROW(I6)-1)*10+COLUMN(F6)-1) -> 239.199 | R7: =INDIRECT("D"&1+(ROW(J6)-1)*10+COLUMN(G6)-1) -> 239.363 | S7: =INDIRECT("D"&1+(ROW(K6)-1)*10+COLUMN(H6)-1) -> 239.313 | ... U7: =INDIRECT("D"&1+(ROW(M6)-1)*10+COLUMN(J6)-1) -> 239.212 | W7: =AVERAGE(L7:U7) -> 239.3414 | Y7: =Total!E7 -> 238.867 | AB7: =(L7-$Y7)/$Y7 -> 0.0025955867 | AC7: =(M7-$Y7)/$Y7 -> 0.0017583006 | AD7: =(N7-$Y7)/$Y7 -> 0.0013982677 | AE7: =(O7-$Y7)/$Y7 -> 0.0026248917 | AF7: =(P7-$Y7)/$Y7 -> 0.0015113013 | AG7: =(Q7-$Y7)/$Y7 -> 0.0013898948 | AH7: =(R7-$Y7)/$Y7 -> 0.0020764693 | AI7: =(S7-$Y7)/$Y7 -> 0.0018671478 | ... AK7: =(U7-$Y7)/$Y7 -> 0.0014443184 | AM7: =SUM(AB7:AK7) -> 0.019860424
A8: Montage | B8: 25 | C8: 1 | D8: 28.546 | E8: 5.277 | F8: 253 | H8: Epigenomics | I8: 24 | J8: 1 | L8: =INDIRECT("D"&1+(ROW(D7)-1)*10+COLUMN(A7)-1) -> 2320.908 | M8: =INDIRECT("D"&1+(ROW(E7)-1)*10+COLUMN(B7)-1) -> 2320.908 | N8: =INDIRECT("D"&1+(ROW(F7)-1)*10+COLUMN(C7)-1) -> 2320.908 | O8: =INDIRECT("D"&1+(ROW(G7)-1)*10+COLUMN(D7)-1) -> 2320.908 | P8: =INDIRECT("D"&1+(ROW(H7)-1)*10+COLUMN(E7)-1) -> 2320.908 | Q8: =INDIRECT("D"&1+(ROW(I7)-1)*10+COLUMN(F7)-1) -> 2320.908 | R8: =INDIRECT("D"&1+(ROW(J7)-1)*10+COLUMN(G7)-1) -> 2320.908 | S8: =INDIRECT("D"&1+(ROW(K7)-1)*10+COLUMN(H7)-1) -> 2320.908 | ... U8: =INDIRECT("D"&1+(ROW(M7)-1)*10+COLUMN(J7)-1) -> 2320.908 | W8: =AVERAGE(L8:U8) -> 2320.908 | Y8: =Total!E8 -> 2320.908 | AB8: =(L8-$Y8)/$Y8 -> 0 | AC8: =(M8-$Y8)/$Y8 -> 0 | AD8: =(N8-$Y8)/$Y8 -> 0 | AE8: =(O8-$Y8)/$Y8 -> 0 | AF8: =(P8-$Y8)/$Y8 -> 0 | AG8: =(Q8-$Y8)/$Y8 -> 0 | AH8: =(R8-$Y8)/$Y8 -> 0 | AI8: =(S8-$Y8)/$Y8 -> 0 | ... AK8: =(U8-$Y8)/$Y8 -> 0 | AM8: =SUM(AB8:AK8) -> 0
A9: Montage | B9: 25 | C9: 1 | D9: 28.546 | E9: 5.286 | F9: 256 | H9: Epigenomics | I9: 47 | J9: 1 | L9: =INDIRECT("D"&1+(ROW(D8)-1)*10+COLUMN(A8)-1) -> 4318.488 | M9: =INDIRECT("D"&1+(ROW(E8)-1)*10+COLUMN(B8)-1) -> 4313.61 | N9: =INDIRECT("D"&1+(ROW(F8)-1)*10+COLUMN(C8)-1) -> 4313.61 | O9: =INDIRECT("D"&1+(ROW(G8)-1)*10+COLUMN(D8)-1) -> 4318.488 | P9: =INDIRECT("D"&1+(ROW(H8)-1)*10+COLUMN(E8)-1) -> 4313.61 | Q9: =INDIRECT("D"&1+(ROW(I8)-1)*10+COLUMN(F8)-1) -> 4313.61 | R9: =INDIRECT("D"&1+(ROW(J8)-1)*10+COLUMN(G8)-1) -> 4313.61 | S9: =INDIRECT("D"&1+(ROW(K8)-1)*10+COLUMN(H8)-1) -> 4313.61 | ... U9: =INDIRECT("D"&1+(ROW(M8)-1)*10+COLUMN(J8)-1) -> 4313.61 | W9: =AVERAGE(L9:U9) -> 4315.0734 | Y9: =Total!E9 -> 4313.61 | AB9: =(L9-$Y9)/$Y9 -> 0.0011308394 | AC9: =(M9-$Y9)/$Y9 -> 0 | AD9: =(N9-$Y9)/$Y9 -> 0 | AE9: =(O9-$Y9)/$Y9 -> 0.0011308394 | AF9: =(P9-$Y9)/$Y9 -> 0 | AG9: =(Q9-$Y9)/$Y9 -> 0 | AH9: =(R9-$Y9)/$Y9 -> 0 | AI9: =(S9-$Y9)/$Y9 -> 0 | ... AK9: =(U9-$Y9)/$Y9 -> 0 | AM9: =SUM(AB9:AK9) -> 0.0033925181
A10: Montage | B10: 25 | C10: 1 | D10: 28.546 | E10: 5.296 | F10: 264 | H10: Epigenomics | I10: 100 | J10: 1 | L10: =INDIRECT("D"&1+(ROW(D9)-1)*10+COLUMN(A9)-1) -> 35272.953 | M10: =INDIRECT("D"&1+(ROW(E9)-1)*10+COLUMN(B9)-1) -> 35229.89 | N10: =INDIRECT("D"&1+(ROW(F9)-1)*10+COLUMN(C9)-1) -> 35228.038 | O10: =INDIRECT("D"&1+(ROW(G9)-1)*10+COLUMN(D9)-1) -> 35272.953 | P10: =INDIRECT("D"&1+(ROW(H9)-1)*10+COLUMN(E9)-1) -> 35272.953 | Q10: =INDIRECT("D"&1+(ROW(I9)-1)*10+COLUMN(F9)-1) -> 35245.865 | R10: =INDIRECT("D"&1+(ROW(J9)-1)*10+COLUMN(G9)-1) -> 35225.626 | S10: =INDIRECT("D"&1+(ROW(K9)-1)*10+COLUMN(H9)-1) -> 35267.139 | ... U10: =INDIRECT("D"&1+(ROW(M9)-1)*10+COLUMN(J9)-1) -> 35272.953 | W10: =AVERAGE(L10:U10) -> 35255.283 | Y10: =Total!E10 -> 35210.383 | AB10: =(L10-$Y10)/$Y10 -> 0.0017770326 | AC10: =(M10-$Y10)/$Y10 -> 0.00055401272 | AD10: =(N10-$Y10)/$Y10 -> 0.0005014146 | AE10: =(O10-$Y10)/$Y10 -> 0.0017770326 | AF10: =(P10-$Y10)/$Y10 -> 0.0017770326 | AG10: =(Q10-$Y10)/$Y10 -> 0.0010077141 | AH10: =(R10-$Y10)/$Y10 -> 0.00043291208 | AI10: =(S10-$Y10)/$Y10 -> 0.0016119109 | ... AK10: =(U10-$Y10)/$Y10 -> 0.0017770326 | AM10: =SUM(AB10:AK10) -> 0.012751949
A11: Montage | B11: 50 | C11: 1 | D11: 53.138 | E11: 19.601 | F11: 317 | H11: Ligo | I11: 30 | J11: 1 | L11: =INDIRECT("D"&1+(ROW(D10)-1)*10+COLUMN(A10)-1) -> 657.522 | M11: =INDIRECT("D"&1+(ROW(E10)-1)*10+COLUMN(B10)-1) -> 657.356 | N11: =INDIRECT("D"&1+(ROW(F10)-1)*10+COLUMN(C10)-1) -> 657.356 | O11: =INDIRECT("D"&1+(ROW(G10)-1)*10+COLUMN(D10)-1) -> 657.356 | P11: =INDIRECT("D"&1+(ROW(H10)-1)*10+COLUMN(E10)-1) -> 659.845 | Q11: =INDIRECT("D"&1+(ROW(I10)-1)*10+COLUMN(F10)-1) -> 658.233 | R11: =INDIRECT("D"&1+(ROW(J10)-1)*10+COLUMN(G10)-1) -> 657.356 | S11: =INDIRECT("D"&1+(ROW(K10)-1)*10+COLUMN(H10)-1) -> 658.233 | ... U11: =INDIRECT("D"&1+(ROW(M10)-1)*10+COLUMN(J10)-1) -> 658.193 | W11: =AVERAGE(L11:U11) -> 657.8806 | Y11: =Total!E11 -> 655.465 | AB11: =(L11-$Y11)/$Y11 -> 0.0031382301 | AC11: =(M11-$Y11)/$Y11 -> 0.0028849748 | AD11: =(N11-$Y11)/$Y11 -> 0.0028849748 | AE11: =(O11-$Y11)/$Y11 -> 0.0028849748 | AF11: =(P11-$Y11)/$Y11 -> 0.006682279 | AG11: =(Q11-$Y11)/$Y11 -> 0.0042229562 | AH11: =(R11-$Y11)/$Y11 -> 0.0028849748 | AI11: =(S11-$Y11)/$Y11 -> 0.0042229562 | ... AK11: =(U11-$Y11)/$Y11 -> 0.0041619308 | AM11: =SUM(AB11:AK11) -> 0.036853226
A12: Montage | B12: 50 | C12: 1 | D12: 53.032 | E12: 19.546 | F12: 313 | H12: Ligo | I12: 50 | J12: 1 | L12: =INDIRECT("D"&1+(ROW(D11)-1)*10+COLUMN(A11)-1) -> 994.949 | M12: =INDIRECT("D"&1+(ROW(E11)-1)*10+COLUMN(B11)-1) -> 995.576 | N12: =INDIRECT("D"&1+(ROW(F11)-1)*10+COLUMN(C11)-1) -> 994.008 | O12: =INDIRECT("D"&1+(ROW(G11)-1)*10+COLUMN(D11)-1) -> 996.581 | P12: =INDIRECT("D"&1+(ROW(H11)-1)*10+COLUMN(E11)-1) -> 993.961 | Q12: =INDIRECT("D"&1+(ROW(I11)-1)*10+COLUMN(F11)-1) -> 991.798 | R12: =INDIRECT("D"&1+(ROW(J11)-1)*10+COLUMN(G11)-1) -> 993.838 | S12: =INDIRECT("D"&1+(ROW(K11)-1)*10+COLUMN(H11)-1) -> 993.871 | ... U12: =INDIRECT("D"&1+(ROW(M11)-1)*10+COLUMN(J11)-1) -> 995.954 | W12: =AVERAGE(L12:U12) -> 994.6909 | Y12: =Total!E12 -> 990.096 | AB12: =(L12-$Y12)/$Y12 -> 0.0049015449 | AC12: =(M12-$Y12)/$Y12 -> 0.0055348168 | AD12: =(N12-$Y12)/$Y12 -> 0.003951132 | AE12: =(O12-$Y12)/$Y12 -> 0.0065498699 | AF12: =(P12-$Y12)/$Y12 -> 0.0039036619 | AG12: =(Q12-$Y12)/$Y12 -> 0.0017190252 | AH12: =(R12-$Y12)/$Y12 -> 0.0037794315 | AI12: =(S12-$Y12)/$Y12 -> 0.0038127616 | ... AK12: =(U12-$Y12)/$Y12 -> 0.005916598 | AM12: =SUM(AB12:AK12) -> 0.046408631
A13: Montage | B13: 50 | C13: 1 | D13: 53.068 | E13: 19.571 | F13: 307 | H13: Ligo | I13: 100 | J13: 1 | L13: =INDIRECT("D"&1+(ROW(D12)-1)*10+COLUMN(A12)-1) -> 1758.607 | M13: =INDIRECT("D"&1+(ROW(E12)-1)*10+COLUMN(B12)-1) -> 1756.89 | N13: =INDIRECT("D"&1+(ROW(F12)-1)*10+COLUMN(C12)-1) -> 1753.983 | O13: =INDIRECT("D"&1+(ROW(G12)-1)*10+COLUMN(D12)-1) -> 1755.876 | P13: =INDIRECT("D"&1+(ROW(H12)-1)*10+COLUMN(E12)-1) -> 1757.71 | Q13: =INDIRECT("D"&1+(ROW(I12)-1)*10+COLUMN(F12)-1) -> 1755.685 | R13: =INDIRECT("D"&1+(ROW(J12)-1)*10+COLUMN(G12)-1) -> 1758.96 | S13: =INDIRECT("D"&1+(ROW(K12)-1)*10+COLUMN(H12)-1) -> 1758.892 | ... U13: =INDIRECT("D"&1+(ROW(M12)-1)*10+COLUMN(J12)-1) -> 1753.87 | W13: =AVERAGE(L13:U13) -> 1756.677 | Y13: =Total!E13 -> 1753.79 | AB13: =(L13-$Y13)/$Y13 -> 0.002746623 | AC13: =(M13-$Y13)/$Y13 -> 0.0017676005 | AD13: =(N13-$Y13)/$Y13 -> 0.00011004738 | AE13: =(O13-$Y13)/$Y13 -> 0.001189424 | AF13: =(P13-$Y13)/$Y13 -> 0.0022351593 | AG13: =(Q13-$Y13)/$Y13 -> 0.0010805171 | AH13: =(R13-$Y13)/$Y13 -> 0.0029479014 | AI13: =(S13-$Y13)/$Y13 -> 0.0029091282 | ... AK13: =(U13-$Y13)/$Y13 -> 4.5615496e-05 | AM13: =SUM(AB13:AK13) -> 0.016461492
... A19: Montage | B19: 50 | C19: 1 | D19: 53.237 | E19: 19.591 | F19: 320 | H19: fft | I19: 224 | J19: 1 | L19: =INDIRECT("D"&1+(ROW(D18)-1)*10+COLUMN(A18)-1) -> 72.019 | M19: =INDIRECT("D"&1+(ROW(E18)-1)*10+COLUMN(B18)-1) -> 71.912 | N19: =INDIRECT("D"&1+(ROW(F18)-1)*10+COLUMN(C18)-1) -> 71.91 | O19: =INDIRECT("D"&1+(ROW(G18)-1)*10+COLUMN(D18)-1) -> 71.915 | P19: =INDIRECT("D"&1+(ROW(H18)-1)*10+COLUMN(E18)-1) -> 71.937 | Q19: =INDIRECT("D"&1+(ROW(I18)-1)*10+COLUMN(F18)-1) -> 71.933 | R19: =INDIRECT("D"&1+(ROW(J18)-1)*10+COLUMN(G18)-1) -> 72.01 | S19: =INDIRECT("D"&1+(ROW(K18)-1)*10+COLUMN(H18)-1) -> 71.923 | ... U19: =INDIRECT("D"&1+(ROW(M18)-1)*10+COLUMN(J18)-1) -> 71.922 | W19: =AVERAGE(L19:U19) -> 71.9405 | Y19: =Total!E19 -> 71.908 | AB19: =(L19-$Y19)/$Y19 -> 0.0015436391 | AC19: =(M19-$Y19)/$Y19 -> 5.5626634e-05 | AD19: =(N19-$Y19)/$Y19 -> 2.7813317e-05 | AE19: =(O19-$Y19)/$Y19 -> 9.734661e-05 | AF19: =(P19-$Y19)/$Y19 -> 0.0004032931 | AG19: =(Q19-$Y19)/$Y19 -> 0.00034766646 | AH19: =(R19-$Y19)/$Y19 -> 0.0014184792 | AI19: =(S19-$Y19)/$Y19 -> 0.00020859988 | ... AK19: =(U19-$Y19)/$Y19 -> 0.00019469322 | AM19: =SUM(AB19:AK19) -> 0.004519664
A20: Montage | B20: 50 | C20: 1 | D20: 52.987 | E20: 19.594 | F20: 294
A21: Montage | B21: 100 | C21: 1 | D21: 102.968 | E21: 102.015 | F21: 525
A22: Montage | B22: 100 | C22: 1 | D22: 103.288 | E22: 102.018 | F22: 545
A23: Montage | B23: 100 | C23: 1 | D23: 103.068 | E23: 102.065 | F23: 545
A24: Montage | B24: 100 | C24: 1 | D24: 103.351 | E24: 102.118 | F24: 505
A25: Montage | B25: 100 | C25: 1 | D25: 103.703 | E25: 102.021 | F25: 546
A26: Montage | B26: 100 | C26: 1 | D26: 103.247 | E26: 102.002 | F26: 508
A27: Montage | B27: 100 | C27: 1 | D27: 103.277 | E27: 102.126 | F27: 542
A28: Montage | B28: 100 | C28: 1 | D28: 103.288 | E28: 102.079 | F28: 514
A29: Montage | B29: 100 | C29: 1 | D29: 103.256 | E29: 102.02 | F29: 524
A30: Montage | B30: 100 | C30: 1 | D30: 103.568 | E30: 102.037 | F30: 538
A31: CyberShake | B31: 30 | C31: 1 | D31: 156.127 | E31: 8.016 | F31: 292
... A180: fft | B180: 224 | C180: 1 | D180: 71.922 | E180: 255.809 | F180: 277

Sheet 7
A1: Montage | B1: 25 | C1: 1 | D1: 28.546 | E1: 5.291 | F1: 215 | H1: ty | I1: sz | J1: ra | L1: 1 | M1: 2 | N1: 3 | O1: 4 | P1: 5 | Q1: 6 | R1: 7 | S1: 8 | T1: 9 | U1: 10 | W1: average | Y1: Min | AM1: sum
A2: Montage | B2: 25 | C2: 1 | D2: 28.546 | E2: 5.291 | F2: 226 | H2: Montage | I2: 25 | J2: 1 | L2: =INDIRECT("D"&1+(ROW(D1)-1)*10+COLUMN(A1)-1) -> 28.546 | M2: =INDIRECT("D"&1+(ROW(E1)-1)*10+COLUMN(B1)-1) -> 28.546 | N2: =INDIRECT("D"&1+(ROW(F1)-1)*10+COLUMN(C1)-1) -> 28.546 | O2: =INDIRECT("D"&1+(ROW(G1)-1)*10+COLUMN(D1)-1) -> 28.546 | P2: =INDIRECT("D"&1+(ROW(H1)-1)*10+COLUMN(E1)-1) -> 28.546 | Q2: =INDIRECT("D"&1+(ROW(I1)-1)*10+COLUMN(F1)-1) -> 28.587 | R2: =INDIRECT("D"&1+(ROW(J1)-1)*10+COLUMN(G1)-1) -> 28.504 | S2: =INDIRECT("D"&1+(ROW(K1)-1)*10+COLUMN(H1)-1) -> 28.546 | ... U2: =INDIRECT("D"&1+(ROW(M1)-1)*10+COLUMN(J1)-1) -> 28.546 | W2: =AVERAGE(L2:U2) -> 28.5459 | Y2: =Total!E2 -> 28.504 | AB2: =(L2-$Y2)/$Y2 -> 0.0014734774 | AC2: =(M2-$Y2)/$Y2 -> 0.0014734774 | AD2: =(N2-$Y2)/$Y2 -> 0.0014734774 | AE2: =(O2-$Y2)/$Y2 -> 0.0014734774 | AF2: =(P2-$Y2)/$Y2 -> 0.0014734774 | AG2: =(Q2-$Y2)/$Y2 -> 0.002911872 | AH2: =(R2-$Y2)/$Y2 -> 0 | AI2: =(S2-$Y2)/$Y2 -> 0.0014734774 | ... AK2: =(U2-$Y2)/$Y2 -> 0.0014734774 | AM2: =SUM(AB2:AK2) -> 0.014699691
A3: Montage | B3: 25 | C3: 1 | D3: 28.546 | E3: 5.28 | F3: 296 | H3: Montage | I3: 50 | J3: 1 | L3: =INDIRECT("D"&1+(ROW(D2)-1)*10+COLUMN(A2)-1) -> 52.928 | M3: =INDIRECT("D"&1+(ROW(E2)-1)*10+COLUMN(B2)-1) -> 53.067 | N3: =INDIRECT("D"&1+(ROW(F2)-1)*10+COLUMN(C2)-1) -> 52.957 | O3: =INDIRECT("D"&1+(ROW(G2)-1)*10+COLUMN(D2)-1) -> 53.098 | P3: =INDIRECT("D"&1+(ROW(H2)-1)*10+COLUMN(E2)-1) -> 53.137 | Q3: =INDIRECT("D"&1+(ROW(I2)-1)*10+COLUMN(F2)-1) -> 52.957 | R3: =INDIRECT("D"&1+(ROW(J2)-1)*10+COLUMN(G2)-1) -> 53.037 | S3: =INDIRECT("D"&1+(ROW(K2)-1)*10+COLUMN(H2)-1) -> 52.928 | ... U3: =INDIRECT("D"&1+(ROW(M2)-1)*10+COLUMN(J2)-1) -> 53.077 | W3: =AVERAGE(L3:U3) -> 53.0323 | Y3: =Total!E3 -> 52.927 | AB3: =(L3-$Y3)/$Y3 -> 1.8893948e-05 | AC3: =(M3-$Y3)/$Y3 -> 0.0026451528 | AD3: =(N3-$Y3)/$Y3 -> 0.00056681845 | AE3: =(O3-$Y3)/$Y3 -> 0.0032308652 | AF3: =(P3-$Y3)/$Y3 -> 0.0039677291 | AG3: =(Q3-$Y3)/$Y3 -> 0.00056681845 | AH3: =(R3-$Y3)/$Y3 -> 0.0020783343 | AI3: =(S3-$Y3)/$Y3 -> 1.8893948e-05 | ... AK3: =(U3-$Y3)/$Y3 -> 0.0028340922 | AM3: =SUM(AB3:AK3) -> 0.019895328
A4: Montage | B4: 25 | C4: 1 | D4: 28.546 | E4: 5.279 | F4: 246 | H4: Montage | I4: 100 | J4: 1 | L4: =INDIRECT("D"&1+(ROW(D3)-1)*10+COLUMN(A3)-1) -> 103.153 | M4: =INDIRECT("D"&1+(ROW(E3)-1)*10+COLUMN(B3)-1) -> 103.245 | N4: =INDIRECT("D"&1+(ROW(F3)-1)*10+COLUMN(C3)-1) -> 103.243 | O4: =INDIRECT("D"&1+(ROW(G3)-1)*10+COLUMN(D3)-1) -> 103.265 | P4: =INDIRECT("D"&1+(ROW(H3)-1)*10+COLUMN(E3)-1) -> 103.207 | Q4: =INDIRECT("D"&1+(ROW(I3)-1)*10+COLUMN(F3)-1) -> 103.288 | R4: =INDIRECT("D"&1+(ROW(J3)-1)*10+COLUMN(G3)-1) -> 103.28 | S4: =INDIRECT("D"&1+(ROW(K3)-1)*10+COLUMN(H3)-1) -> 103.157 | ... U4: =INDIRECT("D"&1+(ROW(M3)-1)*10+COLUMN(J3)-1) -> 103.217 | W4: =AVERAGE(L4:U4) -> 103.2378 | Y4: =Total!E4 -> 102.802 | AB4: =(L4-$Y4)/$Y4 -> 0.0034143305 | AC4: =(M4-$Y4)/$Y4 -> 0.0043092547 | AD4: =(N4-$Y4)/$Y4 -> 0.0042897998 | AE4: =(O4-$Y4)/$Y4 -> 0.0045038034 | AF4: =(P4-$Y4)/$Y4 -> 0.0039396121 | AG4: =(Q4-$Y4)/$Y4 -> 0.0047275345 | AH4: =(R4-$Y4)/$Y4 -> 0.004649715 | AI4: =(S4-$Y4)/$Y4 -> 0.0034532402 | ... AK4: =(U4-$Y4)/$Y4 -> 0.0040368864 | AM4: =SUM(AB4:AK4) -> 0.042392171
A5: Montage | B5: 25 | C5: 1 | D5: 28.546 | E5: 5.298 | F5: 202 | H5: CyberShake | I5: 30 | J5: 1 | L5: =INDIRECT("D"&1+(ROW(D4)-1)*10+COLUMN(A4)-1) -> 156.127 | M5: =INDIRECT("D"&1+(ROW(E4)-1)*10+COLUMN(B4)-1) -> 156.127 | N5: =INDIRECT("D"&1+(ROW(F4)-1)*10+COLUMN(C4)-1) -> 156.127 | O5: =INDIRECT("D"&1+(ROW(G4)-1)*10+COLUMN(D4)-1) -> 156.127 | P5: =INDIRECT("D"&1+(ROW(H4)-1)*10+COLUMN(E4)-1) -> 156.127 | Q5: =INDIRECT("D"&1+(ROW(I4)-1)*10+COLUMN(F4)-1) -> 156.127 | R5: =INDIRECT("D"&1+(ROW(J4)-1)*10+COLUMN(G4)-1) -> 156.127 | S5: =INDIRECT("D"&1+(ROW(K4)-1)*10+COLUMN(H4)-1) -> 156.127 | ... U5: =INDIRECT("D"&1+(ROW(M4)-1)*10+COLUMN(J4)-1) -> 156.127 | W5: =AVERAGE(L5:U5) -> 156.127 | Y5: =Total!E5 -> 156.127 | AB5: =(L5-$Y5)/$Y5 -> 0 | AC5: =(M5-$Y5)/$Y5 -> 0 | AD5: =(N5-$Y5)/$Y5 -> 0 | AE5: =(O5-$Y5)/$Y5 -> 0 | AF5: =(P5-$Y5)/$Y5 -> 0 | AG5: =(Q5-$Y5)/$Y5 -> 0 | AH5: =(R5-$Y5)/$Y5 -> 0 | AI5: =(S5-$Y5)/$Y5 -> 0 | ... AK5: =(U5-$Y5)/$Y5 -> 0 | AM5: =SUM(AB5:AK5) -> 0
A6: Montage | B6: 25 | C6: 1 | D6: 28.587 | E6: 5.286 | F6: 201 | H6: CyberShake | I6: 50 | J6: 1 | L6: =INDIRECT("D"&1+(ROW(D5)-1)*10+COLUMN(A5)-1) -> 179.938 | M6: =INDIRECT("D"&1+(ROW(E5)-1)*10+COLUMN(B5)-1) -> 179.953 | N6: =INDIRECT("D"&1+(ROW(F5)-1)*10+COLUMN(C5)-1) -> 179.938 | O6: =INDIRECT("D"&1+(ROW(G5)-1)*10+COLUMN(D5)-1) -> 181.597 | P6: =INDIRECT("D"&1+(ROW(H5)-1)*10+COLUMN(E5)-1) -> 180.871 | Q6: =INDIRECT("D"&1+(ROW(I5)-1)*10+COLUMN(F5)-1) -> 181.408 | R6: =INDIRECT("D"&1+(ROW(J5)-1)*10+COLUMN(G5)-1) -> 180.871 | S6: =INDIRECT("D"&1+(ROW(K5)-1)*10+COLUMN(H5)-1) -> 179.938 | ... U6: =INDIRECT("D"&1+(ROW(M5)-1)*10+COLUMN(J5)-1) -> 179.938 | W6: =AVERAGE(L6:U6) -> 180.4505 | Y6: =Total!E6 -> 179.673 | AB6: =(L6-$Y6)/$Y6 -> 0.0014749016 | AC6: =(M6-$Y6)/$Y6 -> 0.0015583866 | AD6: =(N6-$Y6)/$Y6 -> 0.0014749016 | AE6: =(O6-$Y6)/$Y6 -> 0.010708342 | AF6: =(P6-$Y6)/$Y6 -> 0.0066676685 | AG6: =(Q6-$Y6)/$Y6 -> 0.0096564314 | AH6: =(R6-$Y6)/$Y6 -> 0.0066676685 | AI6: =(S6-$Y6)/$Y6 -> 0.0014749016 | ... AK6: =(U6-$Y6)/$Y6 -> 0.0014749016 | AM6: =SUM(AB6:AK6) -> 0.043273057
A7: Montage | B7: 25 | C7: 1 | D7: 28.504 | E7: 5.278 | F7: 248 | H7: CyberShake | I7: 100 | J7: 1 | L7: =INDIRECT("D"&1+(ROW(D6)-1)*10+COLUMN(A6)-1) -> 239.564 | M7: =INDIRECT("D"&1+(ROW(E6)-1)*10+COLUMN(B6)-1) -> 239.463 | N7: =INDIRECT("D"&1+(ROW(F6)-1)*10+COLUMN(C6)-1) -> 239.342 | O7: =INDIRECT("D"&1+(ROW(G6)-1)*10+COLUMN(D6)-1) -> 239.187 | P7: =INDIRECT("D"&1+(ROW(H6)-1)*10+COLUMN(E6)-1) -> 239.413 | Q7: =INDIRECT("D"&1+(ROW(I6)-1)*10+COLUMN(F6)-1) -> 239.213 | R7: =INDIRECT("D"&1+(ROW(J6)-1)*10+COLUMN(G6)-1) -> 239.386 | S7: =INDIRECT("D"&1+(ROW(K6)-1)*10+COLUMN(H6)-1) -> 239.23 | ... U7: =INDIRECT("D"&1+(ROW(M6)-1)*10+COLUMN(J6)-1) -> 239.173 | W7: =AVERAGE(L7:U7) -> 239.3198 | Y7: =Total!E7 -> 238.867 | AB7: =(L7-$Y7)/$Y7 -> 0.0029179418 | AC7: =(M7-$Y7)/$Y7 -> 0.0024951123 | AD7: =(N7-$Y7)/$Y7 -> 0.0019885543 | AE7: =(O7-$Y7)/$Y7 -> 0.0013396576 | AF7: =(P7-$Y7)/$Y7 -> 0.0022857908 | AG7: =(Q7-$Y7)/$Y7 -> 0.0014485048 | AH7: =(R7-$Y7)/$Y7 -> 0.0021727572 | AI7: =(S7-$Y7)/$Y7 -> 0.0015196741 | ... AK7: =(U7-$Y7)/$Y7 -> 0.0012810476 | AM7: =SUM(AB7:AK7) -> 0.018956156
A8: Montage | B8: 25 | C8: 1 | D8: 28.546 | E8: 5.291 | F8: 202 | H8: Epigenomics | I8: 24 | J8: 1 | L8: =INDIRECT("D"&1+(ROW(D7)-1)*10+COLUMN(A7)-1) -> 2320.908 | M8: =INDIRECT("D"&1+(ROW(E7)-1)*10+COLUMN(B7)-1) -> 2320.908 | N8: =INDIRECT("D"&1+(ROW(F7)-1)*10+COLUMN(C7)-1) -> 2320.908 | O8: =INDIRECT("D"&1+(ROW(G7)-1)*10+COLUMN(D7)-1) -> 2320.908 | P8: =INDIRECT("D"&1+(ROW(H7)-1)*10+COLUMN(E7)-1) -> 2320.908 | Q8: =INDIRECT("D"&1+(ROW(I7)-1)*10+COLUMN(F7)-1) -> 2320.908 | R8: =INDIRECT("D"&1+(ROW(J7)-1)*10+COLUMN(G7)-1) -> 2320.908 | S8: =INDIRECT("D"&1+(ROW(K7)-1)*10+COLUMN(H7)-1) -> 2320.908 | ... U8: =INDIRECT("D"&1+(ROW(M7)-1)*10+COLUMN(J7)-1) -> 2320.908 | W8: =AVERAGE(L8:U8) -> 2320.908 | Y8: =Total!E8 -> 2320.908 | AB8: =(L8-$Y8)/$Y8 -> 0 | AC8: =(M8-$Y8)/$Y8 -> 0 | AD8: =(N8-$Y8)/$Y8 -> 0 | AE8: =(O8-$Y8)/$Y8 -> 0 | AF8: =(P8-$Y8)/$Y8 -> 0 | AG8: =(Q8-$Y8)/$Y8 -> 0 | AH8: =(R8-$Y8)/$Y8 -> 0 | AI8: =(S8-$Y8)/$Y8 -> 0 | ... AK8: =(U8-$Y8)/$Y8 -> 0 | AM8: =SUM(AB8:AK8) -> 0
A9: Montage | B9: 25 | C9: 1 | D9: 28.546 | E9: 5.319 | F9: 217 | H9: Epigenomics | I9: 47 | J9: 1 | L9: =INDIRECT("D"&1+(ROW(D8)-1)*10+COLUMN(A8)-1) -> 4313.61 | M9: =INDIRECT("D"&1+(ROW(E8)-1)*10+COLUMN(B8)-1) -> 4313.61 | N9: =INDIRECT("D"&1+(ROW(F8)-1)*10+COLUMN(C8)-1) -> 4313.61 | O9: =INDIRECT("D"&1+(ROW(G8)-1)*10+COLUMN(D8)-1) -> 4313.61 | P9: =INDIRECT("D"&1+(ROW(H8)-1)*10+COLUMN(E8)-1) -> 4313.61 | Q9: =INDIRECT("D"&1+(ROW(I8)-1)*10+COLUMN(F8)-1) -> 4313.61 | R9: =INDIRECT("D"&1+(ROW(J8)-1)*10+COLUMN(G8)-1) -> 4313.61 | S9: =INDIRECT("D"&1+(ROW(K8)-1)*10+COLUMN(H8)-1) -> 4313.61 | ... U9: =INDIRECT("D"&1+(ROW(M8)-1)*10+COLUMN(J8)-1) -> 4313.61 | W9: =AVERAGE(L9:U9) -> 4313.61 | Y9: =Total!E9 -> 4313.61 | AB9: =(L9-$Y9)/$Y9 -> 0 | AC9: =(M9-$Y9)/$Y9 -> 0 | AD9: =(N9-$Y9)/$Y9 -> 0 | AE9: =(O9-$Y9)/$Y9 -> 0 | AF9: =(P9-$Y9)/$Y9 -> 0 | AG9: =(Q9-$Y9)/$Y9 -> 0 | AH9: =(R9-$Y9)/$Y9 -> 0 | AI9: =(S9-$Y9)/$Y9 -> 0 | ... AK9: =(U9-$Y9)/$Y9 -> 0 | AM9: =SUM(AB9:AK9) -> 0
A10: Montage | B10: 25 | C10: 1 | D10: 28.546 | E10: 5.311 | F10: 245 | H10: Epigenomics | I10: 100 | J10: 1 | L10: =INDIRECT("D"&1+(ROW(D9)-1)*10+COLUMN(A9)-1) -> 35281.581 | M10: =INDIRECT("D"&1+(ROW(E9)-1)*10+COLUMN(B9)-1) -> 35273.252 | N10: =INDIRECT("D"&1+(ROW(F9)-1)*10+COLUMN(C9)-1) -> 35283.041 | O10: =INDIRECT("D"&1+(ROW(G9)-1)*10+COLUMN(D9)-1) -> 35252.681 | P10: =INDIRECT("D"&1+(ROW(H9)-1)*10+COLUMN(E9)-1) -> 35235.598 | Q10: =INDIRECT("D"&1+(ROW(I9)-1)*10+COLUMN(F9)-1) -> 35258.818 | R10: =INDIRECT("D"&1+(ROW(J9)-1)*10+COLUMN(G9)-1) -> 35268.275 | S10: =INDIRECT("D"&1+(ROW(K9)-1)*10+COLUMN(H9)-1) -> 35273.58 | ... U10: =INDIRECT("D"&1+(ROW(M9)-1)*10+COLUMN(J9)-1) -> 35226.438 | W10: =AVERAGE(L10:U10) -> 35262.91 | Y10: =Total!E10 -> 35210.383 | AB10: =(L10-$Y10)/$Y10 -> 0.002022074 | AC10: =(M10-$Y10)/$Y10 -> 0.0017855245 | AD10: =(N10-$Y10)/$Y10 -> 0.002063539 | AE10: =(O10-$Y10)/$Y10 -> 0.0012012934 | AF10: =(P10-$Y10)/$Y10 -> 0.00071612399 | AG10: =(Q10-$Y10)/$Y10 -> 0.0013755886 | AH10: =(R10-$Y10)/$Y10 -> 0.0016441741 | AI10: =(S10-$Y10)/$Y10 -> 0.0017948399 | ... AK10: =(U10-$Y10)/$Y10 -> 0.00045597346 | AM10: =SUM(AB10:AK10) -> 0.014917958
A11: Montage | B11: 50 | C11: 1 | D11: 52.928 | E11: 19.58 | F11: 326 | H11: Ligo | I11: 30 | J11: 1 | L11: =INDIRECT("D"&1+(ROW(D10)-1)*10+COLUMN(A10)-1) -> 657.356 | M11: =INDIRECT("D"&1+(ROW(E10)-1)*10+COLUMN(B10)-1) -> 657.356 | N11: =INDIRECT("D"&1+(ROW(F10)-1)*10+COLUMN(C10)-1) -> 657.356 | O11: =INDIRECT("D"&1+(ROW(G10)-1)*10+COLUMN(D10)-1) -> 657.324 | P11: =INDIRECT("D"&1+(ROW(H10)-1)*10+COLUMN(E10)-1) -> 657.324 | Q11: =INDIRECT("D"&1+(ROW(I10)-1)*10+COLUMN(F10)-1) -> 657.33 | R11: =INDIRECT("D"&1+(ROW(J10)-1)*10+COLUMN(G10)-1) -> 657.356 | S11: =INDIRECT("D"&1+(ROW(K10)-1)*10+COLUMN(H10)-1) -> 658.233 | ... U11: =INDIRECT("D"&1+(ROW(M10)-1)*10+COLUMN(J10)-1) -> 657.356 | W11: =AVERAGE(L11:U11) -> 657.4347 | Y11: =Total!E11 -> 655.465 | AB11: =(L11-$Y11)/$Y11 -> 0.0028849748 | AC11: =(M11-$Y11)/$Y11 -> 0.0028849748 | AD11: =(N11-$Y11)/$Y11 -> 0.0028849748 | AE11: =(O11-$Y11)/$Y11 -> 0.0028361545 | AF11: =(P11-$Y11)/$Y11 -> 0.0028361545 | AG11: =(Q11-$Y11)/$Y11 -> 0.0028453083 | AH11: =(R11-$Y11)/$Y11 -> 0.0028849748 | AI11: =(S11-$Y11)/$Y11 -> 0.0042229562 | ... AK11: =(U11-$Y11)/$Y11 -> 0.0028849748 | AM11: =SUM(AB11:AK11) -> 0.030050422
A12: Montage | B12: 50 | C12: 1 | D12: 53.067 | E12: 19.582 | F12: 323 | H12: Ligo | I12: 50 | J12: 1 | L12: =INDIRECT("D"&1+(ROW(D11)-1)*10+COLUMN(A11)-1) -> 991.689 | M12: =INDIRECT("D"&1+(ROW(E11)-1)*10+COLUMN(B11)-1) -> 991.793 | N12: =INDIRECT("D"&1+(ROW(F11)-1)*10+COLUMN(C11)-1) -> 991.855 | O12: =INDIRECT("D"&1+(ROW(G11)-1)*10+COLUMN(D11)-1) -> 991.875 | P12: =INDIRECT("D"&1+(ROW(H11)-1)*10+COLUMN(E11)-1) -> 993.453 | Q12: =INDIRECT("D"&1+(ROW(I11)-1)*10+COLUMN(F11)-1) -> 994.176 | R12: =INDIRECT("D"&1+(ROW(J11)-1)*10+COLUMN(G11)-1) -> 995.709 | S12: =INDIRECT("D"&1+(ROW(K11)-1)*10+COLUMN(H11)-1) -> 996.14 | ... U12: =INDIRECT("D"&1+(ROW(M11)-1)*10+COLUMN(J11)-1) -> 991.093 | W12: =AVERAGE(L12:U12) -> 993.1025 | Y12: =Total!E12 -> 990.096 | AB12: =(L12-$Y12)/$Y12 -> 0.0016089349 | AC12: =(M12-$Y12)/$Y12 -> 0.0017139752 | AD12: =(N12-$Y12)/$Y12 -> 0.0017765954 | AE12: =(O12-$Y12)/$Y12 -> 0.0017967955 | AF12: =(P12-$Y12)/$Y12 -> 0.0033905803 | AG12: =(Q12-$Y12)/$Y12 -> 0.0041208125 | AH12: =(R12-$Y12)/$Y12 -> 0.0056691472 | AI12: =(S12-$Y12)/$Y12 -> 0.0061044586 | ... AK12: =(U12-$Y12)/$Y12 -> 0.0010069731 | AM12: =SUM(AB12:AK12) -> 0.030365742
A13: Montage | B13: 50 | C13: 1 | D13: 52.957 | E13: 19.557 | F13: 319 | H13: Ligo | I13: 100 | J13: 1 | L13: =INDIRECT("D"&1+(ROW(D12)-1)*10+COLUMN(A12)-1) -> 1757.997 | M13: =INDIRECT("D"&1+(ROW(E12)-1)*10+COLUMN(B12)-1) -> 1757.98 | N13: =INDIRECT("D"&1+(ROW(F12)-1)*10+COLUMN(C12)-1) -> 1756.608 | O13: =INDIRECT("D"&1+(ROW(G12)-1)*10+COLUMN(D12)-1) -> 1756.14 | P13: =INDIRECT("D"&1+(ROW(H12)-1)*10+COLUMN(E12)-1) -> 1761.593 | Q13: =INDIRECT("D"&1+(ROW(I12)-1)*10+COLUMN(F12)-1) -> 1761.037 | R13: =INDIRECT("D"&1+(ROW(J12)-1)*10+COLUMN(G12)-1) -> 1758.389 | S13: =INDIRECT("D"&1+(ROW(K12)-1)*10+COLUMN(H12)-1) -> 1757.81 | ... U13: =INDIRECT("D"&1+(ROW(M12)-1)*10+COLUMN(J12)-1) -> 1760.103 | W13: =AVERAGE(L13:U13) -> 1758.414 | Y13: =Total!E13 -> 1753.79 | AB13: =(L13-$Y13)/$Y13 -> 0.0023988049 | AC13: =(M13-$Y13)/$Y13 -> 0.0023891116 | AD13: =(N13-$Y13)/$Y13 -> 0.0016068058 | AE13: =(O13-$Y13)/$Y13 -> 0.0013399552 | AF13: =(P13-$Y13)/$Y13 -> 0.0044492214 | AG13: =(Q13-$Y13)/$Y13 -> 0.0041321937 | AH13: =(R13-$Y13)/$Y13 -> 0.0026223208 | AI13: =(S13-$Y13)/$Y13 -> 0.0022921787 | ... AK13: =(U13-$Y13)/$Y13 -> 0.0035996328 | AM13: =SUM(AB13:AK13) -> 0.026365756
... A19: Montage | B19: 50 | C19: 1 | D19: 53.137 | E19: 19.577 | F19: 328 | H19: fft | I19: 224 | J19: 1 | L19: =INDIRECT("D"&1+(ROW(D18)-1)*10+COLUMN(A18)-1) -> 71.947 | M19: =INDIRECT("D"&1+(ROW(E18)-1)*10+COLUMN(B18)-1) -> 72.027 | N19: =INDIRECT("D"&1+(ROW(F18)-1)*10+COLUMN(C18)-1) -> 71.95 | O19: =INDIRECT("D"&1+(ROW(G18)-1)*10+COLUMN(D18)-1) -> 71.936 | P19: =INDIRECT("D"&1+(ROW(H18)-1)*10+COLUMN(E18)-1) -> 71.951 | Q19: =INDIRECT("D"&1+(ROW(I18)-1)*10+COLUMN(F18)-1) -> 71.928 | R19: =INDIRECT("D"&1+(ROW(J18)-1)*10+COLUMN(G18)-1) -> 71.929 | S19: =INDIRECT("D"&1+(ROW(K18)-1)*10+COLUMN(H18)-1) -> 72.011 | ... U19: =INDIRECT("D"&1+(ROW(M18)-1)*10+COLUMN(J18)-1) -> 71.923 | W19: =AVERAGE(L19:U19) -> 71.9568 | Y19: =Total!E19 -> 71.908 | AB19: =(L19-$Y19)/$Y19 -> 0.00054235968 | AC19: =(M19-$Y19)/$Y19 -> 0.0016548924 | AD19: =(N19-$Y19)/$Y19 -> 0.00058407966 | AE19: =(O19-$Y19)/$Y19 -> 0.00038938644 | AF19: =(P19-$Y19)/$Y19 -> 0.00059798632 | AG19: =(Q19-$Y19)/$Y19 -> 0.00027813317 | AH19: =(R19-$Y19)/$Y19 -> 0.00029203983 | AI19: =(S19-$Y19)/$Y19 -> 0.0014323858 | ... AK19: =(U19-$Y19)/$Y19 -> 0.00020859988 | AM19: =SUM(AB19:AK19) -> 0.0067864494
A20: Montage | B20: 50 | C20: 1 | D20: 53.077 | E20: 19.559 | F20: 334
A21: Montage | B21: 100 | C21: 1 | D21: 103.153 | E21: 102.123 | F21: 514
A22: Montage | B22: 100 | C22: 1 | D22: 103.245 | E22: 102.076 | F22: 564
A23: Montage | B23: 100 | C23: 1 | D23: 103.243 | E23: 102.102 | F23: 535
A24: Montage | B24: 100 | C24: 1 | D24: 103.265 | E24: 102.097 | F24: 547
A25: Montage | B25: 100 | C25: 1 | D25: 103.207 | E25: 102.122 | F25: 560
A26: Montage | B26: 100 | C26: 1 | D26: 103.288 | E26: 102.057 | F26: 516
A27: Montage | B27: 100 | C27: 1 | D27: 103.28 | E27: 102.013 | F27: 551
A28: Montage | B28: 100 | C28: 1 | D28: 103.157 | E28: 102.077 | F28: 533
A29: Montage | B29: 100 | C29: 1 | D29: 103.323 | E29: 102.13 | F29: 534
A30: Montage | B30: 100 | C30: 1 | D30: 103.217 | E30: 102.106 | F30: 553
A31: CyberShake | B31: 30 | C31: 1 | D31: 156.127 | E31: 8.004 | F31: 264
... A180: fft | B180: 224 | C180: 1 | D180: 71.923 | E180: 255.86 | F180: 293

Sheet 8
A1: Montage | B1: 25 | C1: 1 | D1: 28.504 | E1: 5.276 | F1: 170 | H1: ty | I1: sz | J1: ra | L1: 1 | M1: 2 | N1: 3 | O1: 4 | P1: 5 | Q1: 6 | R1: 7 | S1: 8 | T1: 9 | U1: 10 | W1: average | Y1: Min | AM1: sum
A2: Montage | B2: 25 | C2: 1 | D2: 28.546 | E2: 5.302 | F2: 224 | H2: Montage | I2: 25 | J2: 1 | L2: =INDIRECT("D"&1+(ROW(D1)-1)*10+COLUMN(A1)-1) -> 28.504 | M2: =INDIRECT("D"&1+(ROW(E1)-1)*10+COLUMN(B1)-1) -> 28.546 | N2: =INDIRECT("D"&1+(ROW(F1)-1)*10+COLUMN(C1)-1) -> 28.546 | O2: =INDIRECT("D"&1+(ROW(G1)-1)*10+COLUMN(D1)-1) -> 28.546 | P2: =INDIRECT("D"&1+(ROW(H1)-1)*10+COLUMN(E1)-1) -> 28.546 | Q2: =INDIRECT("D"&1+(ROW(I1)-1)*10+COLUMN(F1)-1) -> 28.592 | R2: =INDIRECT("D"&1+(ROW(J1)-1)*10+COLUMN(G1)-1) -> 28.546 | S2: =INDIRECT("D"&1+(ROW(K1)-1)*10+COLUMN(H1)-1) -> 28.546 | ... U2: =INDIRECT("D"&1+(ROW(M1)-1)*10+COLUMN(J1)-1) -> 28.504 | W2: =AVERAGE(L2:U2) -> 28.5422 | Y2: =Total!E2 -> 28.504 | AB2: =(L2-$Y2)/$Y2 -> 0 | AC2: =(M2-$Y2)/$Y2 -> 0.0014734774 | AD2: =(N2-$Y2)/$Y2 -> 0.0014734774 | AE2: =(O2-$Y2)/$Y2 -> 0.0014734774 | AF2: =(P2-$Y2)/$Y2 -> 0.0014734774 | AG2: =(Q2-$Y2)/$Y2 -> 0.003087286 | AH2: =(R2-$Y2)/$Y2 -> 0.0014734774 | AI2: =(S2-$Y2)/$Y2 -> 0.0014734774 | ... AK2: =(U2-$Y2)/$Y2 -> 0 | AM2: =SUM(AB2:AK2) -> 0.013401628
A3: Montage | B3: 25 | C3: 1 | D3: 28.546 | E3: 5.28 | F3: 199 | H3: Montage | I3: 50 | J3: 1 | L3: =INDIRECT("D"&1+(ROW(D2)-1)*10+COLUMN(A2)-1) -> 53.127 | M3: =INDIRECT("D"&1+(ROW(E2)-1)*10+COLUMN(B2)-1) -> 53.096 | N3: =INDIRECT("D"&1+(ROW(F2)-1)*10+COLUMN(C2)-1) -> 53.077 | O3: =INDIRECT("D"&1+(ROW(G2)-1)*10+COLUMN(D2)-1) -> 53.117 | P3: =INDIRECT("D"&1+(ROW(H2)-1)*10+COLUMN(E2)-1) -> 53.037 | Q3: =INDIRECT("D"&1+(ROW(I2)-1)*10+COLUMN(F2)-1) -> 52.928 | R3: =INDIRECT("D"&1+(ROW(J2)-1)*10+COLUMN(G2)-1) -> 53.118 | S3: =INDIRECT("D"&1+(ROW(K2)-1)*10+COLUMN(H2)-1) -> 52.987 | ... U3: =INDIRECT("D"&1+(ROW(M2)-1)*10+COLUMN(J2)-1) -> 52.987 | W3: =AVERAGE(L3:U3) -> 53.0551 | Y3: =Total!E3 -> 52.927 | AB3: =(L3-$Y3)/$Y3 -> 0.0037787897 | AC3: =(M3-$Y3)/$Y3 -> 0.0031930773 | AD3: =(N3-$Y3)/$Y3 -> 0.0028340922 | AE3: =(O3-$Y3)/$Y3 -> 0.0035898502 | AF3: =(P3-$Y3)/$Y3 -> 0.0020783343 | AG3: =(Q3-$Y3)/$Y3 -> 1.8893948e-05 | AH3: =(R3-$Y3)/$Y3 -> 0.0036087441 | AI3: =(S3-$Y3)/$Y3 -> 0.0011336369 | ... AK3: =(U3-$Y3)/$Y3 -> 0.0011336369 | AM3: =SUM(AB3:AK3) -> 0.024203148
A4: Montage | B4: 25 | C4: 1 | D4: 28.546 | E4: 5.28 | F4: 312 | H4: Montage | I4: 100 | J4: 1 | L4: =INDIRECT("D"&1+(ROW(D3)-1)*10+COLUMN(A3)-1) -> 103.008 | M4: =INDIRECT("D"&1+(ROW(E3)-1)*10+COLUMN(B3)-1) -> 103.289 | N4: =INDIRECT("D"&1+(ROW(F3)-1)*10+COLUMN(C3)-1) -> 103.255 | O4: =INDIRECT("D"&1+(ROW(G3)-1)*10+COLUMN(D3)-1) -> 103.048 | P4: =INDIRECT("D"&1+(ROW(H3)-1)*10+COLUMN(E3)-1) -> 103.277 | Q4: =INDIRECT("D"&1+(ROW(I3)-1)*10+COLUMN(F3)-1) -> 103.257 | R4: =INDIRECT("D"&1+(ROW(J3)-1)*10+COLUMN(G3)-1) -> 103.263 | S4: =INDIRECT("D"&1+(ROW(K3)-1)*10+COLUMN(H3)-1) -> 103.273 | ... U4: =INDIRECT("D"&1+(ROW(M3)-1)*10+COLUMN(J3)-1) -> 103.237 | W4: =AVERAGE(L4:U4) -> 103.2188 | Y4: =Total!E4 -> 102.802 | AB4: =(L4-$Y4)/$Y4 -> 0.0020038521 | AC4: =(M4-$Y4)/$Y4 -> 0.0047372619 | AD4: =(N4-$Y4)/$Y4 -> 0.0044065291 | AE4: =(O4-$Y4)/$Y4 -> 0.0023929496 | AF4: =(P4-$Y4)/$Y4 -> 0.0046205327 | AG4: =(Q4-$Y4)/$Y4 -> 0.0044259839 | AH4: =(R4-$Y4)/$Y4 -> 0.0044843486 | AI4: =(S4-$Y4)/$Y4 -> 0.0045816229 | ... AK4: =(U4-$Y4)/$Y4 -> 0.0042314352 | AM4: =SUM(AB4:AK4) -> 0.040543958
A5: Montage | B5: 25 | C5: 1 | D5: 28.546 | E5: 5.303 | F5: 289 | H5: CyberShake | I5: 30 | J5: 1 | L5: =INDIRECT("D"&1+(ROW(D4)-1)*10+COLUMN(A4)-1) -> 156.127 | M5: =INDIRECT("D"&1+(ROW(E4)-1)*10+COLUMN(B4)-1) -> 156.127 | N5: =INDIRECT("D"&1+(ROW(F4)-1)*10+COLUMN(C4)-1) -> 156.127 | O5: =INDIRECT("D"&1+(ROW(G4)-1)*10+COLUMN(D4)-1) -> 156.127 | P5: =INDIRECT("D"&1+(ROW(H4)-1)*10+COLUMN(E4)-1) -> 156.127 | Q5: =INDIRECT("D"&1+(ROW(I4)-1)*10+COLUMN(F4)-1) -> 156.127 | R5: =INDIRECT("D"&1+(ROW(J4)-1)*10+COLUMN(G4)-1) -> 156.127 | S5: =INDIRECT("D"&1+(ROW(K4)-1)*10+COLUMN(H4)-1) -> 156.127 | ... U5: =INDIRECT("D"&1+(ROW(M4)-1)*10+COLUMN(J4)-1) -> 156.127 | W5: =AVERAGE(L5:U5) -> 156.127 | Y5: =Total!E5 -> 156.127 | AB5: =(L5-$Y5)/$Y5 -> 0 | AC5: =(M5-$Y5)/$Y5 -> 0 | AD5: =(N5-$Y5)/$Y5 -> 0 | AE5: =(O5-$Y5)/$Y5 -> 0 | AF5: =(P5-$Y5)/$Y5 -> 0 | AG5: =(Q5-$Y5)/$Y5 -> 0 | AH5: =(R5-$Y5)/$Y5 -> 0 | AI5: =(S5-$Y5)/$Y5 -> 0 | ... AK5: =(U5-$Y5)/$Y5 -> 0 | AM5: =SUM(AB5:AK5) -> 0
A6: Montage | B6: 25 | C6: 1 | D6: 28.592 | E6: 5.294 | F6: 256 | H6: CyberShake | I6: 50 | J6: 1 | L6: =INDIRECT("D"&1+(ROW(D5)-1)*10+COLUMN(A5)-1) -> 180.333 | M6: =INDIRECT("D"&1+(ROW(E5)-1)*10+COLUMN(B5)-1) -> 179.938 | N6: =INDIRECT("D"&1+(ROW(F5)-1)*10+COLUMN(C5)-1) -> 180.621 | O6: =INDIRECT("D"&1+(ROW(G5)-1)*10+COLUMN(D5)-1) -> 179.938 | P6: =INDIRECT("D"&1+(ROW(H5)-1)*10+COLUMN(E5)-1) -> 179.673 | Q6: =INDIRECT("D"&1+(ROW(I5)-1)*10+COLUMN(F5)-1) -> 179.938 | R6: =INDIRECT("D"&1+(ROW(J5)-1)*10+COLUMN(G5)-1) -> 179.938 | S6: =INDIRECT("D"&1+(ROW(K5)-1)*10+COLUMN(H5)-1) -> 179.938 | ... U6: =INDIRECT("D"&1+(ROW(M5)-1)*10+COLUMN(J5)-1) -> 180.871 | W6: =AVERAGE(L6:U6) -> 180.1126 | Y6: =Total!E6 -> 179.673 | AB6: =(L6-$Y6)/$Y6 -> 0.0036733399 | AC6: =(M6-$Y6)/$Y6 -> 0.0014749016 | AD6: =(N6-$Y6)/$Y6 -> 0.0052762519 | AE6: =(O6-$Y6)/$Y6 -> 0.0014749016 | AF6: =(P6-$Y6)/$Y6 -> 0 | AG6: =(Q6-$Y6)/$Y6 -> 0.0014749016 | AH6: =(R6-$Y6)/$Y6 -> 0.0014749016 | AI6: =(S6-$Y6)/$Y6 -> 0.0014749016 | ... AK6: =(U6-$Y6)/$Y6 -> 0.0066676685 | AM6: =SUM(AB6:AK6) -> 0.02446667
A7: Montage | B7: 25 | C7: 1 | D7: 28.546 | E7: 5.283 | F7: 249 | H7: CyberShake | I7: 100 | J7: 1 | L7: =INDIRECT("D"&1+(ROW(D6)-1)*10+COLUMN(A6)-1) -> 239.238 | M7: =INDIRECT("D"&1+(ROW(E6)-1)*10+COLUMN(B6)-1) -> 239.213 | N7: =INDIRECT("D"&1+(ROW(F6)-1)*10+COLUMN(C6)-1) -> 239.189 | O7: =INDIRECT("D"&1+(ROW(G6)-1)*10+COLUMN(D6)-1) -> 240.286 | P7: =INDIRECT("D"&1+(ROW(H6)-1)*10+COLUMN(E6)-1) -> 240.154 | Q7: =INDIRECT("D"&1+(ROW(I6)-1)*10+COLUMN(F6)-1) -> 239.152 | R7: =INDIRECT("D"&1+(ROW(J6)-1)*10+COLUMN(G6)-1) -> 240.681 | S7: =INDIRECT("D"&1+(ROW(K6)-1)*10+COLUMN(H6)-1) -> 239.413 | ... U7: =INDIRECT("D"&1+(ROW(M6)-1)*10+COLUMN(J6)-1) -> 239.117 | W7: =AVERAGE(L7:U7) -> 239.5904 | Y7: =Total!E7 -> 238.867 | AB7: =(L7-$Y7)/$Y7 -> 0.0015531656 | AC7: =(M7-$Y7)/$Y7 -> 0.0014485048 | AD7: =(N7-$Y7)/$Y7 -> 0.0013480305 | AE7: =(O7-$Y7)/$Y7 -> 0.0059405443 | AF7: =(P7-$Y7)/$Y7 -> 0.0053879355 | AG7: =(Q7-$Y7)/$Y7 -> 0.0011931326 | AH7: =(R7-$Y7)/$Y7 -> 0.0075941842 | AI7: =(S7-$Y7)/$Y7 -> 0.0022857908 | ... AK7: =(U7-$Y7)/$Y7 -> 0.0010466075 | AM7: =SUM(AB7:AK7) -> 0.030284635
A8: Montage | B8: 25 | C8: 1 | D8: 28.546 | E8: 5.279 | F8: 251 | H8: Epigenomics | I8: 24 | J8: 1 | L8: =INDIRECT("D"&1+(ROW(D7)-1)*10+COLUMN(A7)-1) -> 2320.908 | M8: =INDIRECT("D"&1+(ROW(E7)-1)*10+COLUMN(B7)-1) -> 2320.908 | N8: =INDIRECT("D"&1+(ROW(F7)-1)*10+COLUMN(C7)-1) -> 2320.908 | O8: =INDIRECT("D"&1+(ROW(G7)-1)*10+COLUMN(D7)-1) -> 2320.908 | P8: =INDIRECT("D"&1+(ROW(H7)-1)*10+COLUMN(E7)-1) -> 2320.908 | Q8: =INDIRECT("D"&1+(ROW(I7)-1)*10+COLUMN(F7)-1) -> 2320.908 | R8: =INDIRECT("D"&1+(ROW(J7)-1)*10+COLUMN(G7)-1) -> 2320.908 | S8: =INDIRECT("D"&1+(ROW(K7)-1)*10+COLUMN(H7)-1) -> 2320.908 | ... U8: =INDIRECT("D"&1+(ROW(M7)-1)*10+COLUMN(J7)-1) -> 2320.908 | W8: =AVERAGE(L8:U8) -> 2320.908 | Y8: =Total!E8 -> 2320.908 | AB8: =(L8-$Y8)/$Y8 -> 0 | AC8: =(M8-$Y8)/$Y8 -> 0 | AD8: =(N8-$Y8)/$Y8 -> 0 | AE8: =(O8-$Y8)/$Y8 -> 0 | AF8: =(P8-$Y8)/$Y8 -> 0 | AG8: =(Q8-$Y8)/$Y8 -> 0 | AH8: =(R8-$Y8)/$Y8 -> 0 | AI8: =(S8-$Y8)/$Y8 -> 0 | ... AK8: =(U8-$Y8)/$Y8 -> 0 | AM8: =SUM(AB8:AK8) -> 0
A9: Montage | B9: 25 | C9: 1 | D9: 28.546 | E9: 5.276 | F9: 255 | H9: Epigenomics | I9: 47 | J9: 1 | L9: =INDIRECT("D"&1+(ROW(D8)-1)*10+COLUMN(A8)-1) -> 4313.61 | M9: =INDIRECT("D"&1+(ROW(E8)-1)*10+COLUMN(B8)-1) -> 4313.61 | N9: =INDIRECT("D"&1+(ROW(F8)-1)*10+COLUMN(C8)-1) -> 4313.61 | O9: =INDIRECT("D"&1+(ROW(G8)-1)*10+COLUMN(D8)-1) -> 4313.61 | P9: =INDIRECT("D"&1+(ROW(H8)-1)*10+COLUMN(E8)-1) -> 4318.488 | Q9: =INDIRECT("D"&1+(ROW(I8)-1)*10+COLUMN(F8)-1) -> 4313.61 | R9: =INDIRECT("D"&1+(ROW(J8)-1)*10+COLUMN(G8)-1) -> 4313.61 | S9: =INDIRECT("D"&1+(ROW(K8)-1)*10+COLUMN(H8)-1) -> 4313.61 | ... U9: =INDIRECT("D"&1+(ROW(M8)-1)*10+COLUMN(J8)-1) -> 4313.61 | W9: =AVERAGE(L9:U9) -> 4314.0978 | Y9: =Total!E9 -> 4313.61 | AB9: =(L9-$Y9)/$Y9 -> 0 | AC9: =(M9-$Y9)/$Y9 -> 0 | AD9: =(N9-$Y9)/$Y9 -> 0 | AE9: =(O9-$Y9)/$Y9 -> 0 | AF9: =(P9-$Y9)/$Y9 -> 0.0011308394 | AG9: =(Q9-$Y9)/$Y9 -> 0 | AH9: =(R9-$Y9)/$Y9 -> 0 | AI9: =(S9-$Y9)/$Y9 -> 0 | ... AK9: =(U9-$Y9)/$Y9 -> 0 | AM9: =SUM(AB9:AK9) -> 0.0011308394
A10: Montage | B10: 25 | C10: 1 | D10: 28.504 | E10: 5.296 | F10: 248 | H10: Epigenomics | I10: 100 | J10: 1 | L10: =INDIRECT("D"&1+(ROW(D9)-1)*10+COLUMN(A9)-1) -> 35243.981 | M10: =INDIRECT("D"&1+(ROW(E9)-1)*10+COLUMN(B9)-1) -> 35273.252 | N10: =INDIRECT("D"&1+(ROW(F9)-1)*10+COLUMN(C9)-1) -> 35272.862 | O10: =INDIRECT("D"&1+(ROW(G9)-1)*10+COLUMN(D9)-1) -> 35225.412 | P10: =INDIRECT("D"&1+(ROW(H9)-1)*10+COLUMN(E9)-1) -> 35235.357 | Q10: =INDIRECT("D"&1+(ROW(I9)-1)*10+COLUMN(F9)-1) -> 35228.016 | R10: =INDIRECT("D"&1+(ROW(J9)-1)*10+COLUMN(G9)-1) -> 35295.983 | S10: =INDIRECT("D"&1+(ROW(K9)-1)*10+COLUMN(H9)-1) -> 35237.391 | ... U10: =INDIRECT("D"&1+(ROW(M9)-1)*10+COLUMN(J9)-1) -> 35272.862 | W10: =AVERAGE(L10:U10) -> 35253.149 | Y10: =Total!E10 -> 35210.383 | AB10: =(L10-$Y10)/$Y10 -> 0.00095420717 | AC10: =(M10-$Y10)/$Y10 -> 0.0017855245 | AD10: =(N10-$Y10)/$Y10 -> 0.0017744482 | AE10: =(O10-$Y10)/$Y10 -> 0.00042683432 | AF10: =(P10-$Y10)/$Y10 -> 0.00070927942 | AG10: =(Q10-$Y10)/$Y10 -> 0.00050078978 | AH10: =(R10-$Y10)/$Y10 -> 0.0024311011 | AI10: =(S10-$Y10)/$Y10 -> 0.00076704647 | ... AK10: =(U10-$Y10)/$Y10 -> 0.0017744482 | AM10: =SUM(AB10:AK10) -> 0.012145821
A11: Montage | B11: 50 | C11: 1 | D11: 53.127 | E11: 19.605 | F11: 319 | H11: Ligo | I11: 30 | J11: 1 | L11: =INDIRECT("D"&1+(ROW(D10)-1)*10+COLUMN(A10)-1) -> 658.233 | M11: =INDIRECT("D"&1+(ROW(E10)-1)*10+COLUMN(B10)-1) -> 658.233 | N11: =INDIRECT("D"&1+(ROW(F10)-1)*10+COLUMN(C10)-1) -> 657.356 | O11: =INDIRECT("D"&1+(ROW(G10)-1)*10+COLUMN(D10)-1) -> 658.233 | P11: =INDIRECT("D"&1+(ROW(H10)-1)*10+COLUMN(E10)-1) -> 657.356 | Q11: =INDIRECT("D"&1+(ROW(I10)-1)*10+COLUMN(F10)-1) -> 658.233 | R11: =INDIRECT("D"&1+(ROW(J10)-1)*10+COLUMN(G10)-1) -> 658.233 | S11: =INDIRECT("D"&1+(ROW(K10)-1)*10+COLUMN(H10)-1) -> 657.356 | ... U11: =INDIRECT("D"&1+(ROW(M10)-1)*10+COLUMN(J10)-1) -> 657.356 | W11: =AVERAGE(L11:U11) -> 657.7945 | Y11: =Total!E11 -> 655.465 | AB11: =(L11-$Y11)/$Y11 -> 0.0042229562 | AC11: =(M11-$Y11)/$Y11 -> 0.0042229562 | AD11: =(N11-$Y11)/$Y11 -> 0.0028849748 | AE11: =(O11-$Y11)/$Y11 -> 0.0042229562 | AF11: =(P11-$Y11)/$Y11 -> 0.0028849748 | AG11: =(Q11-$Y11)/$Y11 -> 0.0042229562 | AH11: =(R11-$Y11)/$Y11 -> 0.0042229562 | AI11: =(S11-$Y11)/$Y11 -> 0.0028849748 | ... AK11: =(U11-$Y11)/$Y11 -> 0.0028849748 | AM11: =SUM(AB11:AK11) -> 0.035539655
A12: Montage | B12: 50 | C12: 1 | D12: 53.096 | E12: 19.596 | F12: 321 | H12: Ligo | I12: 50 | J12: 1 | L12: =INDIRECT("D"&1+(ROW(D11)-1)*10+COLUMN(A11)-1) -> 993.721 | M12: =INDIRECT("D"&1+(ROW(E11)-1)*10+COLUMN(B11)-1) -> 991.765 | N12: =INDIRECT("D"&1+(ROW(F11)-1)*10+COLUMN(C11)-1) -> 994.191 | O12: =INDIRECT("D"&1+(ROW(G11)-1)*10+COLUMN(D11)-1) -> 994.278 | P12: =INDIRECT("D"&1+(ROW(H11)-1)*10+COLUMN(E11)-1) -> 1002.903 | Q12: =INDIRECT("D"&1+(ROW(I11)-1)*10+COLUMN(F11)-1) -> 997.713 | R12: =INDIRECT("D"&1+(ROW(J11)-1)*10+COLUMN(G11)-1) -> 994.848 | S12: =INDIRECT("D"&1+(ROW(K11)-1)*10+COLUMN(H11)-1) -> 990.988 | ... U12: =INDIRECT("D"&1+(ROW(M11)-1)*10+COLUMN(J11)-1) -> 992.005 | W12: =AVERAGE(L12:U12) -> 994.4833 | Y12: =Total!E12 -> 990.096 | AB12: =(L12-$Y12)/$Y12 -> 0.0036612611 | AC12: =(M12-$Y12)/$Y12 -> 0.0016856951 | AD12: =(N12-$Y12)/$Y12 -> 0.0041359626 | AE12: =(O12-$Y12)/$Y12 -> 0.0042238328 | AF12: =(P12-$Y12)/$Y12 -> 0.012935109 | AG12: =(Q12-$Y12)/$Y12 -> 0.0076931934 | AH12: =(R12-$Y12)/$Y12 -> 0.0047995346 | AI12: =(S12-$Y12)/$Y12 -> 0.00090092274 | ... AK12: =(U12-$Y12)/$Y12 -> 0.0019280959 | AM12: =SUM(AB12:AK12) -> 0.044311865
A13: Montage | B13: 50 | C13: 1 | D13: 53.077 | E13: 19.584 | F13: 326 | H13: Ligo | I13: 100 | J13: 1 | L13: =INDIRECT("D"&1+(ROW(D12)-1)*10+COLUMN(A12)-1) -> 1757.87 | M13: =INDIRECT("D"&1+(ROW(E12)-1)*10+COLUMN(B12)-1) -> 1755.94 | N13: =INDIRECT("D"&1+(ROW(F12)-1)*10+COLUMN(C12)-1) -> 1756.94 | O13: =INDIRECT("D"&1+(ROW(G12)-1)*10+COLUMN(D12)-1) -> 1754.963 | P13: =INDIRECT("D"&1+(ROW(H12)-1)*10+COLUMN(E12)-1) -> 1757.735 | Q13: =INDIRECT("D"&1+(ROW(I12)-1)*10+COLUMN(F12)-1) -> 1757.537 | R13: =INDIRECT("D"&1+(ROW(J12)-1)*10+COLUMN(G12)-1) -> 1755.127 | S13: =INDIRECT("D"&1+(ROW(K12)-1)*10+COLUMN(H12)-1) -> 1755.112 | ... U13: =INDIRECT("D"&1+(ROW(M12)-1)*10+COLUMN(J12)-1) -> 1755.825 | W13: =AVERAGE(L13:U13) -> 1756.4036 | Y13: =Total!E13 -> 1753.79 | AB13: =(L13-$Y13)/$Y13 -> 0.0023263903 | AC13: =(M13-$Y13)/$Y13 -> 0.0012259164 | AD13: =(N13-$Y13)/$Y13 -> 0.0017961101 | AE13: =(O13-$Y13)/$Y13 -> 0.0006688372 | AF13: =(P13-$Y13)/$Y13 -> 0.0022494141 | AG13: =(Q13-$Y13)/$Y13 -> 0.0021365158 | AH13: =(R13-$Y13)/$Y13 -> 0.00076234897 | AI13: =(S13-$Y13)/$Y13 -> 0.00075379606 | ... AK13: =(U13-$Y13)/$Y13 -> 0.0011603442 | AM13: =SUM(AB13:AK13) -> 0.014902582
... A19: Montage | B19: 50 | C19: 1 | D19: 53.077 | E19: 19.596 | F19: 330 | H19: fft | I19: 224 | J19: 1 | L19: =INDIRECT("D"&1+(ROW(D18)-1)*10+COLUMN(A18)-1) -> 71.92 | M19: =INDIRECT("D"&1+(ROW(E18)-1)*10+COLUMN(B18)-1) -> 72 | N19: =INDIRECT("D"&1+(ROW(F18)-1)*10+COLUMN(C18)-1) -> 71.946 | O19: =INDIRECT("D"&1+(ROW(G18)-1)*10+COLUMN(D18)-1) -> 71.931 | P19: =INDIRECT("D"&1+(ROW(H18)-1)*10+COLUMN(E18)-1) -> 71.915 | Q19: =INDIRECT("D"&1+(ROW(I18)-1)*10+COLUMN(F18)-1) -> 71.979 | R19: =INDIRECT("D"&1+(ROW(J18)-1)*10+COLUMN(G18)-1) -> 72.005 | S19: =INDIRECT("D"&1+(ROW(K18)-1)*10+COLUMN(H18)-1) -> 71.959 | ... U19: =INDIRECT("D"&1+(ROW(M18)-1)*10+COLUMN(J18)-1) -> 71.93 | W19: =AVERAGE(L19:U19) -> 71.9505 | Y19: =Total!E19 -> 71.908 | AB19: =(L19-$Y19)/$Y19 -> 0.0001668799 | AC19: =(M19-$Y19)/$Y19 -> 0.0012794126 | AD19: =(N19-$Y19)/$Y19 -> 0.00052845302 | AE19: =(O19-$Y19)/$Y19 -> 0.00031985315 | AF19: =(P19-$Y19)/$Y19 -> 9.734661e-05 | AG19: =(Q19-$Y19)/$Y19 -> 0.00098737275 | AH19: =(R19-$Y19)/$Y19 -> 0.0013489459 | AI19: =(S19-$Y19)/$Y19 -> 0.00070923958 | ... AK19: =(U19-$Y19)/$Y19 -> 0.00030594649 | AM19: =SUM(AB19:AK19) -> 0.0059103299
A20: Montage | B20: 50 | C20: 1 | D20: 52.987 | E20: 19.57 | F20: 310
A21: Montage | B21: 100 | C21: 1 | D21: 103.008 | E21: 102.029 | F21: 534
A22: Montage | B22: 100 | C22: 1 | D22: 103.289 | E22: 102.113 | F22: 556
A23: Montage | B23: 100 | C23: 1 | D23: 103.255 | E23: 102.141 | F23: 515
A24: Montage | B24: 100 | C24: 1 | D24: 103.048 | E24: 102.179 | F24: 543
A25: Montage | B25: 100 | C25: 1 | D25: 103.277 | E25: 102.078 | F25: 544
A26: Montage | B26: 100 | C26: 1 | D26: 103.257 | E26: 102.022 | F26: 517
A27: Montage | B27: 100 | C27: 1 | D27: 103.263 | E27: 102.05 | F27: 553
A28: Montage | B28: 100 | C28: 1 | D28: 103.273 | E28: 102.144 | F28: 514
A29: Montage | B29: 100 | C29: 1 | D29: 103.281 | E29: 102.173 | F29: 556
A30: Montage | B30: 100 | C30: 1 | D30: 103.237 | E30: 102.11 | F30: 546
A31: CyberShake | B31: 30 | C31: 1 | D31: 156.127 | E31: 8.03 | F31: 298
... A180: fft | B180: 224 | C180: 1 | D180: 71.93 | E180: 255.837 | F180: 285

Sheet 9
A1: Montage | B1: 25 | C1: 1 | D1: 28.546 | E1: 5.285 | F1: 259 | H1: ty | I1: sz | J1: ra | L1: 1 | M1: 2 | N1: 3 | O1: 4 | P1: 5 | Q1: 6 | R1: 7 | S1: 8 | T1: 9 | U1: 10 | W1: average | Y1: Min | AM1: sum
A2: Montage | B2: 25 | C2: 1 | D2: 28.546 | E2: 5.288 | F2: 241 | H2: Montage | I2: 25 | J2: 1 | L2: =INDIRECT("D"&1+(ROW(D1)-1)*10+COLUMN(A1)-1) -> 28.546 | M2: =INDIRECT("D"&1+(ROW(E1)-1)*10+COLUMN(B1)-1) -> 28.546 | N2: =INDIRECT("D"&1+(ROW(F1)-1)*10+COLUMN(C1)-1) -> 28.546 | O2: =INDIRECT("D"&1+(ROW(G1)-1)*10+COLUMN(D1)-1) -> 28.546 | P2: =INDIRECT("D"&1+(ROW(H1)-1)*10+COLUMN(E1)-1) -> 28.546 | Q2: =INDIRECT("D"&1+(ROW(I1)-1)*10+COLUMN(F1)-1) -> 28.546 | R2: =INDIRECT("D"&1+(ROW(J1)-1)*10+COLUMN(G1)-1) -> 28.546 | S2: =INDIRECT("D"&1+(ROW(K1)-1)*10+COLUMN(H1)-1) -> 28.546 | ... U2: =INDIRECT("D"&1+(ROW(M1)-1)*10+COLUMN(J1)-1) -> 28.504 | W2: =AVERAGE(L2:U2) -> 28.5459 | Y2: =Total!E2 -> 28.504 | AB2: =(L2-$Y2)/$Y2 -> 0.0014734774 | AC2: =(M2-$Y2)/$Y2 -> 0.0014734774 | AD2: =(N2-$Y2)/$Y2 -> 0.0014734774 | AE2: =(O2-$Y2)/$Y2 -> 0.0014734774 | AF2: =(P2-$Y2)/$Y2 -> 0.0014734774 | AG2: =(Q2-$Y2)/$Y2 -> 0.0014734774 | AH2: =(R2-$Y2)/$Y2 -> 0.0014734774 | AI2: =(S2-$Y2)/$Y2 -> 0.0014734774 | ... AK2: =(U2-$Y2)/$Y2 -> 0 | AM2: =SUM(AB2:AK2) -> 0.014699691
A3: Montage | B3: 25 | C3: 1 | D3: 28.546 | E3: 5.296 | F3: 255 | H3: Montage | I3: 50 | J3: 1 | L3: =INDIRECT("D"&1+(ROW(D2)-1)*10+COLUMN(A2)-1) -> 52.987 | M3: =INDIRECT("D"&1+(ROW(E2)-1)*10+COLUMN(B2)-1) -> 52.987 | N3: =INDIRECT("D"&1+(ROW(F2)-1)*10+COLUMN(C2)-1) -> 53.057 | O3: =INDIRECT("D"&1+(ROW(G2)-1)*10+COLUMN(D2)-1) -> 53.137 | P3: =INDIRECT("D"&1+(ROW(H2)-1)*10+COLUMN(E2)-1) -> 53.017 | Q3: =INDIRECT("D"&1+(ROW(I2)-1)*10+COLUMN(F2)-1) -> 53.067 | R3: =INDIRECT("D"&1+(ROW(J2)-1)*10+COLUMN(G2)-1) -> 53.017 | S3: =INDIRECT("D"&1+(ROW(K2)-1)*10+COLUMN(H2)-1) -> 53.017 | ... U3: =INDIRECT("D"&1+(ROW(M2)-1)*10+COLUMN(J2)-1) -> 53.067 | W3: =AVERAGE(L3:U3) -> 53.037 | Y3: =Total!E3 -> 52.927 | AB3: =(L3-$Y3)/$Y3 -> 0.0011336369 | AC3: =(M3-$Y3)/$Y3 -> 0.0011336369 | AD3: =(N3-$Y3)/$Y3 -> 0.0024562133 | AE3: =(O3-$Y3)/$Y3 -> 0.0039677291 | AF3: =(P3-$Y3)/$Y3 -> 0.0017004553 | AG3: =(Q3-$Y3)/$Y3 -> 0.0026451528 | AH3: =(R3-$Y3)/$Y3 -> 0.0017004553 | AI3: =(S3-$Y3)/$Y3 -> 0.0017004553 | ... AK3: =(U3-$Y3)/$Y3 -> 0.0026451528 | AM3: =SUM(AB3:AK3) -> 0.020783343
A4: Montage | B4: 25 | C4: 1 | D4: 28.546 | E4: 5.277 | F4: 239 | H4: Montage | I4: 100 | J4: 1 | L4: =INDIRECT("D"&1+(ROW(D3)-1)*10+COLUMN(A3)-1) -> 103.274 | M4: =INDIRECT("D"&1+(ROW(E3)-1)*10+COLUMN(B3)-1) -> 103.062 | N4: =INDIRECT("D"&1+(ROW(F3)-1)*10+COLUMN(C3)-1) -> 103.304 | O4: =INDIRECT("D"&1+(ROW(G3)-1)*10+COLUMN(D3)-1) -> 103.235 | P4: =INDIRECT("D"&1+(ROW(H3)-1)*10+COLUMN(E3)-1) -> 103.277 | Q4: =INDIRECT("D"&1+(ROW(I3)-1)*10+COLUMN(F3)-1) -> 103.273 | R4: =INDIRECT("D"&1+(ROW(J3)-1)*10+COLUMN(G3)-1) -> 103.358 | S4: =INDIRECT("D"&1+(ROW(K3)-1)*10+COLUMN(H3)-1) -> 103.292 | ... U4: =INDIRECT("D"&1+(ROW(M3)-1)*10+COLUMN(J3)-1) -> 103.277 | W4: =AVERAGE(L4:U4) -> 103.2634 | Y4: =Total!E4 -> 102.802 | AB4: =(L4-$Y4)/$Y4 -> 0.0045913504 | AC4: =(M4-$Y4)/$Y4 -> 0.0025291337 | AD4: =(N4-$Y4)/$Y4 -> 0.0048831735 | AE4: =(O4-$Y4)/$Y4 -> 0.0042119803 | AF4: =(P4-$Y4)/$Y4 -> 0.0046205327 | AG4: =(Q4-$Y4)/$Y4 -> 0.0045816229 | AH4: =(R4-$Y4)/$Y4 -> 0.0054084551 | AI4: =(S4-$Y4)/$Y4 -> 0.0047664442 | ... AK4: =(U4-$Y4)/$Y4 -> 0.0046205327 | AM4: =SUM(AB4:AK4) -> 0.044882395
A5: Montage | B5: 25 | C5: 1 | D5: 28.546 | E5: 5.297 | F5: 232 | H5: CyberShake | I5: 30 | J5: 1 | L5: =INDIRECT("D"&1+(ROW(D4)-1)*10+COLUMN(A4)-1) -> 156.127 | M5: =INDIRECT("D"&1+(ROW(E4)-1)*10+COLUMN(B4)-1) -> 156.127 | N5: =INDIRECT("D"&1+(ROW(F4)-1)*10+COLUMN(C4)-1) -> 156.127 | O5: =INDIRECT("D"&1+(ROW(G4)-1)*10+COLUMN(D4)-1) -> 156.127 | P5: =INDIRECT("D"&1+(ROW(H4)-1)*10+COLUMN(E4)-1) -> 156.127 | Q5: =INDIRECT("D"&1+(ROW(I4)-1)*10+COLUMN(F4)-1) -> 156.127 | R5: =INDIRECT("D"&1+(ROW(J4)-1)*10+COLUMN(G4)-1) -> 156.127 | S5: =INDIRECT("D"&1+(ROW(K4)-1)*10+COLUMN(H4)-1) -> 156.127 | ... U5: =INDIRECT("D"&1+(ROW(M4)-1)*10+COLUMN(J4)-1) -> 156.127 | W5: =AVERAGE(L5:U5) -> 156.127 | Y5: =Total!E5 -> 156.127 | AB5: =(L5-$Y5)/$Y5 -> 0 | AC5: =(M5-$Y5)/$Y5 -> 0 | AD5: =(N5-$Y5)/$Y5 -> 0 | AE5: =(O5-$Y5)/$Y5 -> 0 | AF5: =(P5-$Y5)/$Y5 -> 0 | AG5: =(Q5-$Y5)/$Y5 -> 0 | AH5: =(R5-$Y5)/$Y5 -> 0 | AI5: =(S5-$Y5)/$Y5 -> 0 | ... AK5: =(U5-$Y5)/$Y5 -> 0 | AM5: =SUM(AB5:AK5) -> 0
A6: Montage | B6: 25 | C6: 1 | D6: 28.546 | E6: 5.299 | F6: 226 | H6: CyberShake | I6: 50 | J6: 1 | L6: =INDIRECT("D"&1+(ROW(D5)-1)*10+COLUMN(A5)-1) -> 180.685 | M6: =INDIRECT("D"&1+(ROW(E5)-1)*10+COLUMN(B5)-1) -> 180.685 | N6: =INDIRECT("D"&1+(ROW(F5)-1)*10+COLUMN(C5)-1) -> 181.89 | O6: =INDIRECT("D"&1+(ROW(G5)-1)*10+COLUMN(D5)-1) -> 179.938 | P6: =INDIRECT("D"&1+(ROW(H5)-1)*10+COLUMN(E5)-1) -> 181.597 | Q6: =INDIRECT("D"&1+(ROW(I5)-1)*10+COLUMN(F5)-1) -> 179.953 | R6: =INDIRECT("D"&1+(ROW(J5)-1)*10+COLUMN(G5)-1) -> 179.938 | S6: =INDIRECT("D"&1+(ROW(K5)-1)*10+COLUMN(H5)-1) -> 179.938 | ... U6: =INDIRECT("D"&1+(ROW(M5)-1)*10+COLUMN(J5)-1) -> 179.953 | W6: =AVERAGE(L6:U6) -> 180.453 | Y6: =Total!E6 -> 179.673 | AB6: =(L6-$Y6)/$Y6 -> 0.0056324545 | AC6: =(M6-$Y6)/$Y6 -> 0.0056324545 | AD6: =(N6-$Y6)/$Y6 -> 0.012339083 | AE6: =(O6-$Y6)/$Y6 -> 0.0014749016 | AF6: =(P6-$Y6)/$Y6 -> 0.010708342 | AG6: =(Q6-$Y6)/$Y6 -> 0.0015583866 | AH6: =(R6-$Y6)/$Y6 -> 0.0014749016 | AI6: =(S6-$Y6)/$Y6 -> 0.0014749016 | ... AK6: =(U6-$Y6)/$Y6 -> 0.0015583866 | AM6: =SUM(AB6:AK6) -> 0.043412199
A7: Montage | B7: 25 | C7: 1 | D7: 28.546 | E7: 5.291 | F7: 220 | H7: CyberShake | I7: 100 | J7: 1 | L7: =INDIRECT("D"&1+(ROW(D6)-1)*10+COLUMN(A6)-1) -> 239.227 | M7: =INDIRECT("D"&1+(ROW(E6)-1)*10+COLUMN(B6)-1) -> 239.156 | N7: =INDIRECT("D"&1+(ROW(F6)-1)*10+COLUMN(C6)-1) -> 239.169 | O7: =INDIRECT("D"&1+(ROW(G6)-1)*10+COLUMN(D6)-1) -> 239.227 | P7: =INDIRECT("D"&1+(ROW(H6)-1)*10+COLUMN(E6)-1) -> 239.271 | Q7: =INDIRECT("D"&1+(ROW(I6)-1)*10+COLUMN(F6)-1) -> 240.607 | R7: =INDIRECT("D"&1+(ROW(J6)-1)*10+COLUMN(G6)-1) -> 239.555 | S7: =INDIRECT("D"&1+(ROW(K6)-1)*10+COLUMN(H6)-1) -> 239.753 | ... U7: =INDIRECT("D"&1+(ROW(M6)-1)*10+COLUMN(J6)-1) -> 239.25 | W7: =AVERAGE(L7:U7) -> 239.4302 | Y7: =Total!E7 -> 238.867 | AB7: =(L7-$Y7)/$Y7 -> 0.0015071148 | AC7: =(M7-$Y7)/$Y7 -> 0.0012098783 | AD7: =(N7-$Y7)/$Y7 -> 0.0012643019 | AE7: =(O7-$Y7)/$Y7 -> 0.0015071148 | AF7: =(P7-$Y7)/$Y7 -> 0.0016913178 | AG7: =(Q7-$Y7)/$Y7 -> 0.0072843884 | AH7: =(R7-$Y7)/$Y7 -> 0.0028802639 | AI7: =(S7-$Y7)/$Y7 -> 0.0037091771 | ... AK7: =(U7-$Y7)/$Y7 -> 0.0016034027 | AM7: =SUM(AB7:AK7) -> 0.023577974
A8: Montage | B8: 25 | C8: 1 | D8: 28.546 | E8: 5.29 | F8: 258 | H8: Epigenomics | I8: 24 | J8: 1 | L8: =INDIRECT("D"&1+(ROW(D7)-1)*10+COLUMN(A7)-1) -> 2320.908 | M8: =INDIRECT("D"&1+(ROW(E7)-1)*10+COLUMN(B7)-1) -> 2320.908 | N8: =INDIRECT("D"&1+(ROW(F7)-1)*10+COLUMN(C7)-1) -> 2320.908 | O8: =INDIRECT("D"&1+(ROW(G7)-1)*10+COLUMN(D7)-1) -> 2320.908 | P8: =INDIRECT("D"&1+(ROW(H7)-1)*10+COLUMN(E7)-1) -> 2320.908 | Q8: =INDIRECT("D"&1+(ROW(I7)-1)*10+COLUMN(F7)-1) -> 2320.908 | R8: =INDIRECT("D"&1+(ROW(J7)-1)*10+COLUMN(G7)-1) -> 2320.908 | S8: =INDIRECT("D"&1+(ROW(K7)-1)*10+COLUMN(H7)-1) -> 2320.908 | ... U8: =INDIRECT("D"&1+(ROW(M7)-1)*10+COLUMN(J7)-1) -> 2320.908 | W8: =AVERAGE(L8:U8) -> 2320.908 | Y8: =Total!E8 -> 2320.908 | AB8: =(L8-$Y8)/$Y8 -> 0 | AC8: =(M8-$Y8)/$Y8 -> 0 | AD8: =(N8-$Y8)/$Y8 -> 0 | AE8: =(O8-$Y8)/$Y8 -> 0 | AF8: =(P8-$Y8)/$Y8 -> 0 | AG8: =(Q8-$Y8)/$Y8 -> 0 | AH8: =(R8-$Y8)/$Y8 -> 0 | AI8: =(S8-$Y8)/$Y8 -> 0 | ... AK8: =(U8-$Y8)/$Y8 -> 0 | AM8: =SUM(AB8:AK8) -> 0
A9: Montage | B9: 25 | C9: 1 | D9: 28.587 | E9: 5.275 | F9: 290 | H9: Epigenomics | I9: 47 | J9: 1 | L9: =INDIRECT("D"&1+(ROW(D8)-1)*10+COLUMN(A8)-1) -> 4313.61 | M9: =INDIRECT("D"&1+(ROW(E8)-1)*10+COLUMN(B8)-1) -> 4313.61 | N9: =INDIRECT("D"&1+(ROW(F8)-1)*10+COLUMN(C8)-1) -> 4313.61 | O9: =INDIRECT("D"&1+(ROW(G8)-1)*10+COLUMN(D8)-1) -> 4313.61 | P9: =INDIRECT("D"&1+(ROW(H8)-1)*10+COLUMN(E8)-1) -> 4313.61 | Q9: =INDIRECT("D"&1+(ROW(I8)-1)*10+COLUMN(F8)-1) -> 4313.61 | R9: =INDIRECT("D"&1+(ROW(J8)-1)*10+COLUMN(G8)-1) -> 4313.61 | S9: =INDIRECT("D"&1+(ROW(K8)-1)*10+COLUMN(H8)-1) -> 4313.61 | ... U9: =INDIRECT("D"&1+(ROW(M8)-1)*10+COLUMN(J8)-1) -> 4313.61 | W9: =AVERAGE(L9:U9) -> 4313.61 | Y9: =Total!E9 -> 4313.61 | AB9: =(L9-$Y9)/$Y9 -> 0 | AC9: =(M9-$Y9)/$Y9 -> 0 | AD9: =(N9-$Y9)/$Y9 -> 0 | AE9: =(O9-$Y9)/$Y9 -> 0 | AF9: =(P9-$Y9)/$Y9 -> 0 | AG9: =(Q9-$Y9)/$Y9 -> 0 | AH9: =(R9-$Y9)/$Y9 -> 0 | AI9: =(S9-$Y9)/$Y9 -> 0 | ... AK9: =(U9-$Y9)/$Y9 -> 0 | AM9: =SUM(AB9:AK9) -> 0
A10: Montage | B10: 25 | C10: 1 | D10: 28.504 | E10: 5.275 | F10: 229 | H10: Epigenomics | I10: 100 | J10: 1 | L10: =INDIRECT("D"&1+(ROW(D9)-1)*10+COLUMN(A9)-1) -> 35272.953 | M10: =INDIRECT("D"&1+(ROW(E9)-1)*10+COLUMN(B9)-1) -> 35246.373 | N10: =INDIRECT("D"&1+(ROW(F9)-1)*10+COLUMN(C9)-1) -> 35266.559 | O10: =INDIRECT("D"&1+(ROW(G9)-1)*10+COLUMN(D9)-1) -> 35260.513 | P10: =INDIRECT("D"&1+(ROW(H9)-1)*10+COLUMN(E9)-1) -> 35272.953 | Q10: =INDIRECT("D"&1+(ROW(I9)-1)*10+COLUMN(F9)-1) -> 35223.197 | R10: =INDIRECT("D"&1+(ROW(J9)-1)*10+COLUMN(G9)-1) -> 35260.472 | S10: =INDIRECT("D"&1+(ROW(K9)-1)*10+COLUMN(H9)-1) -> 35258.428 | ... U10: =INDIRECT("D"&1+(ROW(M9)-1)*10+COLUMN(J9)-1) -> 35245.223 | W10: =AVERAGE(L10:U10) -> 35253.543 | Y10: =Total!E10 -> 35210.383 | AB10: =(L10-$Y10)/$Y10 -> 0.0017770326 | AC10: =(M10-$Y10)/$Y10 -> 0.0010221417 | AD10: =(N10-$Y10)/$Y10 -> 0.0015954385 | AE10: =(O10-$Y10)/$Y10 -> 0.0014237278 | AF10: =(P10-$Y10)/$Y10 -> 0.0017770326 | AG10: =(Q10-$Y10)/$Y10 -> 0.00036392674 | AH10: =(R10-$Y10)/$Y10 -> 0.0014225633 | AI10: =(S10-$Y10)/$Y10 -> 0.0013645123 | ... AK10: =(U10-$Y10)/$Y10 -> 0.00098948086 | AM10: =SUM(AB10:AK10) -> 0.01225772
A11: Montage | B11: 50 | C11: 1 | D11: 52.987 | E11: 19.562 | F11: 311 | H11: Ligo | I11: 30 | J11: 1 | L11: =INDIRECT("D"&1+(ROW(D10)-1)*10+COLUMN(A10)-1) -> 657.356 | M11: =INDIRECT("D"&1+(ROW(E10)-1)*10+COLUMN(B10)-1) -> 657.356 | N11: =INDIRECT("D"&1+(ROW(F10)-1)*10+COLUMN(C10)-1) -> 658.005 | O11: =INDIRECT("D"&1+(ROW(G10)-1)*10+COLUMN(D10)-1) -> 658.233 | P11: =INDIRECT("D"&1+(ROW(H10)-1)*10+COLUMN(E10)-1) -> 658.233 | Q11: =INDIRECT("D"&1+(ROW(I10)-1)*10+COLUMN(F10)-1) -> 657.356 | R11: =INDIRECT("D"&1+(ROW(J10)-1)*10+COLUMN(G10)-1) -> 658.233 | S11: =INDIRECT("D"&1+(ROW(K10)-1)*10+COLUMN(H10)-1) -> 657.98 | ... U11: =INDIRECT("D"&1+(ROW(M10)-1)*10+COLUMN(J10)-1) -> 657.356 | W11: =AVERAGE(L11:U11) -> 657.7464 | Y11: =Total!E11 -> 655.465 | AB11: =(L11-$Y11)/$Y11 -> 0.0028849748 | AC11: =(M11-$Y11)/$Y11 -> 0.0028849748 | AD11: =(N11-$Y11)/$Y11 -> 0.0038751116 | AE11: =(O11-$Y11)/$Y11 -> 0.0042229562 | AF11: =(P11-$Y11)/$Y11 -> 0.0042229562 | AG11: =(Q11-$Y11)/$Y11 -> 0.0028849748 | AH11: =(R11-$Y11)/$Y11 -> 0.0042229562 | AI11: =(S11-$Y11)/$Y11 -> 0.0038369707 | ... AK11: =(U11-$Y11)/$Y11 -> 0.0028849748 | AM11: =SUM(AB11:AK11) -> 0.034805825
A12: Montage | B12: 50 | C12: 1 | D12: 52.987 | E12: 19.551 | F12: 316 | H12: Ligo | I12: 50 | J12: 1 | L12: =INDIRECT("D"&1+(ROW(D11)-1)*10+COLUMN(A11)-1) -> 994.882 | M12: =INDIRECT("D"&1+(ROW(E11)-1)*10+COLUMN(B11)-1) -> 995.044 | N12: =INDIRECT("D"&1+(ROW(F11)-1)*10+COLUMN(C11)-1) -> 994.827 | O12: =INDIRECT("D"&1+(ROW(G11)-1)*10+COLUMN(D11)-1) -> 992.075 | P12: =INDIRECT("D"&1+(ROW(H11)-1)*10+COLUMN(E11)-1) -> 993.862 | Q12: =INDIRECT("D"&1+(ROW(I11)-1)*10+COLUMN(F11)-1) -> 993.342 | R12: =INDIRECT("D"&1+(ROW(J11)-1)*10+COLUMN(G11)-1) -> 994.162 | S12: =INDIRECT("D"&1+(ROW(K11)-1)*10+COLUMN(H11)-1) -> 991.513 | ... U12: =INDIRECT("D"&1+(ROW(M11)-1)*10+COLUMN(J11)-1) -> 993.226 | W12: =AVERAGE(L12:U12) -> 993.6762 | Y12: =Total!E12 -> 990.096 | AB12: =(L12-$Y12)/$Y12 -> 0.0048338747 | AC12: =(M12-$Y12)/$Y12 -> 0.0049974952 | AD12: =(N12-$Y12)/$Y12 -> 0.0047783245 | AE12: =(O12-$Y12)/$Y12 -> 0.0019987961 | AF12: =(P12-$Y12)/$Y12 -> 0.0038036716 | AG12: =(Q12-$Y12)/$Y12 -> 0.00327847 | AH12: =(R12-$Y12)/$Y12 -> 0.0041066725 | AI12: =(S12-$Y12)/$Y12 -> 0.0014311744 | ... AK12: =(U12-$Y12)/$Y12 -> 0.0031613096 | AM12: =SUM(AB12:AK12) -> 0.03616013
A13: Montage | B13: 50 | C13: 1 | D13: 53.057 | E13: 19.556 | F13: 310 | H13: Ligo | I13: 100 | J13: 1 | L13: =INDIRECT("D"&1+(ROW(D12)-1)*10+COLUMN(A12)-1) -> 1757.245 | M13: =INDIRECT("D"&1+(ROW(E12)-1)*10+COLUMN(B12)-1) -> 1755.02 | N13: =INDIRECT("D"&1+(ROW(F12)-1)*10+COLUMN(C12)-1) -> 1756.295 | O13: =INDIRECT("D"&1+(ROW(G12)-1)*10+COLUMN(D12)-1) -> 1756.907 | P13: =INDIRECT("D"&1+(ROW(H12)-1)*10+COLUMN(E12)-1) -> 1755.447 | Q13: =INDIRECT("D"&1+(ROW(I12)-1)*10+COLUMN(F12)-1) -> 1758.827 | R13: =INDIRECT("D"&1+(ROW(J12)-1)*10+COLUMN(G12)-1) -> 1760.751 | S13: =INDIRECT("D"&1+(ROW(K12)-1)*10+COLUMN(H12)-1) -> 1759.74 | ... U13: =INDIRECT("D"&1+(ROW(M12)-1)*10+COLUMN(J12)-1) -> 1757.758 | W13: =AVERAGE(L13:U13) -> 1757.6338 | Y13: =Total!E13 -> 1753.79 | AB13: =(L13-$Y13)/$Y13 -> 0.0019700192 | AC13: =(M13-$Y13)/$Y13 -> 0.00070133824 | AD13: =(N13-$Y13)/$Y13 -> 0.0014283352 | AE13: =(O13-$Y13)/$Y13 -> 0.0017772937 | AF13: =(P13-$Y13)/$Y13 -> 0.00094481095 | AG13: =(Q13-$Y13)/$Y13 -> 0.0028720656 | AH13: =(R13-$Y13)/$Y13 -> 0.0039691183 | AI13: =(S13-$Y13)/$Y13 -> 0.0033926525 | ... AK13: =(U13-$Y13)/$Y13 -> 0.0022625286 | AM13: =SUM(AB13:AK13) -> 0.021917105
... A19: Montage | B19: 50 | C19: 1 | D19: 53.017 | E19: 19.575 | F19: 322 | H19: fft | I19: 224 | J19: 1 | L19: =INDIRECT("D"&1+(ROW(D18)-1)*10+COLUMN(A18)-1) -> 71.919 | M19: =INDIRECT("D"&1+(ROW(E18)-1)*10+COLUMN(B18)-1) -> 71.921 | N19: =INDIRECT("D"&1+(ROW(F18)-1)*10+COLUMN(C18)-1) -> 71.911 | O19: =INDIRECT("D"&1+(ROW(G18)-1)*10+COLUMN(D18)-1) -> 71.912 | P19: =INDIRECT("D"&1+(ROW(H18)-1)*10+COLUMN(E18)-1) -> 71.925 | Q19: =INDIRECT("D"&1+(ROW(I18)-1)*10+COLUMN(F18)-1) -> 71.952 | R19: =INDIRECT("D"&1+(ROW(J18)-1)*10+COLUMN(G18)-1) -> 72.024 | S19: =INDIRECT("D"&1+(ROW(K18)-1)*10+COLUMN(H18)-1) -> 71.932 | ... U19: =INDIRECT("D"&1+(ROW(M18)-1)*10+COLUMN(J18)-1) -> 71.915 | W19: =AVERAGE(L19:U19) -> 71.9329 | Y19: =Total!E19 -> 71.908 | AB19: =(L19-$Y19)/$Y19 -> 0.00015297324 | AC19: =(M19-$Y19)/$Y19 -> 0.00018078656 | AD19: =(N19-$Y19)/$Y19 -> 4.1719976e-05 | AE19: =(O19-$Y19)/$Y19 -> 5.5626634e-05 | AF19: =(P19-$Y19)/$Y19 -> 0.00023641319 | AG19: =(Q19-$Y19)/$Y19 -> 0.00061189297 | AH19: =(R19-$Y19)/$Y19 -> 0.0016131724 | AI19: =(S19-$Y19)/$Y19 -> 0.0003337598 | ... AK19: =(U19-$Y19)/$Y19 -> 9.734661e-05 | AM19: =SUM(AB19:AK19) -> 0.003462758
A20: Montage | B20: 50 | C20: 1 | D20: 53.067 | E20: 19.587 | F20: 325
A21: Montage | B21: 100 | C21: 1 | D21: 103.274 | E21: 102.16 | F21: 520
A22: Montage | B22: 100 | C22: 1 | D22: 103.062 | E22: 102.166 | F22: 553
A23: Montage | B23: 100 | C23: 1 | D23: 103.304 | E23: 102.086 | F23: 497
A24: Montage | B24: 100 | C24: 1 | D24: 103.235 | E24: 102.136 | F24: 538
A25: Montage | B25: 100 | C25: 1 | D25: 103.277 | E25: 102.022 | F25: 532
A26: Montage | B26: 100 | C26: 1 | D26: 103.273 | E26: 102.046 | F26: 520
A27: Montage | B27: 100 | C27: 1 | D27: 103.358 | E27: 102.123 | F27: 550
A28: Montage | B28: 100 | C28: 1 | D28: 103.292 | E28: 102.059 | F28: 507
A29: Montage | B29: 100 | C29: 1 | D29: 103.282 | E29: 102.142 | F29: 550
A30: Montage | B30: 100 | C30: 1 | D30: 103.277 | E30: 102.043 | F30: 519
A31: CyberShake | B31: 30 | C31: 1 | D31: 156.127 | E31: 8.018 | F31: 325
... A180: fft | B180: 224 | C180: 1 | D180: 71.915 | E180: 256.067 | F180: 281

Sheet 10
A1: Montage | B1: 25 | C1: 1 | D1: 28.546 | E1: 5.286 | F1: 217 | H1: ty | I1: sz | J1: ra | L1: 1 | M1: 2 | N1: 3 | O1: 4 | P1: 5 | Q1: 6 | R1: 7 | S1: 8 | T1: 9 | U1: 10 | W1: average | Y1: Min | AM1: sum
A2: Montage | B2: 25 | C2: 1 | D2: 28.546 | E2: 5.277 | F2: 272 | H2: Montage | I2: 25 | J2: 1 | L2: =INDIRECT("D"&1+(ROW(D1)-1)*10+COLUMN(A1)-1) -> 28.546 | M2: =INDIRECT("D"&1+(ROW(E1)-1)*10+COLUMN(B1)-1) -> 28.546 | N2: =INDIRECT("D"&1+(ROW(F1)-1)*10+COLUMN(C1)-1) -> 28.504 | O2: =INDIRECT("D"&1+(ROW(G1)-1)*10+COLUMN(D1)-1) -> 28.546 | P2: =INDIRECT("D"&1+(ROW(H1)-1)*10+COLUMN(E1)-1) -> 28.504 | Q2: =INDIRECT("D"&1+(ROW(I1)-1)*10+COLUMN(F1)-1) -> 28.546 | R2: =INDIRECT("D"&1+(ROW(J1)-1)*10+COLUMN(G1)-1) -> 28.546 | S2: =INDIRECT("D"&1+(ROW(K1)-1)*10+COLUMN(H1)-1) -> 28.606 | ... U2: =INDIRECT("D"&1+(ROW(M1)-1)*10+COLUMN(J1)-1) -> 28.546 | W2: =AVERAGE(L2:U2) -> 28.5436 | Y2: =Total!E2 -> 28.504 | AB2: =(L2-$Y2)/$Y2 -> 0.0014734774 | AC2: =(M2-$Y2)/$Y2 -> 0.0014734774 | AD2: =(N2-$Y2)/$Y2 -> 0 | AE2: =(O2-$Y2)/$Y2 -> 0.0014734774 | AF2: =(P2-$Y2)/$Y2 -> 0 | AG2: =(Q2-$Y2)/$Y2 -> 0.0014734774 | AH2: =(R2-$Y2)/$Y2 -> 0.0014734774 | AI2: =(S2-$Y2)/$Y2 -> 0.0035784451 | ... AK2: =(U2-$Y2)/$Y2 -> 0.0014734774 | AM2: =SUM(AB2:AK2) -> 0.013892787
A3: Montage | B3: 25 | C3: 1 | D3: 28.504 | E3: 5.288 | F3: 194 | H3: Montage | I3: 50 | J3: 1 | L3: =INDIRECT("D"&1+(ROW(D2)-1)*10+COLUMN(A2)-1) -> 53.138 | M3: =INDIRECT("D"&1+(ROW(E2)-1)*10+COLUMN(B2)-1) -> 53.127 | N3: =INDIRECT("D"&1+(ROW(F2)-1)*10+COLUMN(C2)-1) -> 52.977 | O3: =INDIRECT("D"&1+(ROW(G2)-1)*10+COLUMN(D2)-1) -> 53.072 | P3: =INDIRECT("D"&1+(ROW(H2)-1)*10+COLUMN(E2)-1) -> 52.988 | Q3: =INDIRECT("D"&1+(ROW(I2)-1)*10+COLUMN(F2)-1) -> 53.058 | R3: =INDIRECT("D"&1+(ROW(J2)-1)*10+COLUMN(G2)-1) -> 53.248 | S3: =INDIRECT("D"&1+(ROW(K2)-1)*10+COLUMN(H2)-1) -> 53.067 | ... U3: =INDIRECT("D"&1+(ROW(M2)-1)*10+COLUMN(J2)-1) -> 53.007 | W3: =AVERAGE(L3:U3) -> 53.0659 | Y3: =Total!E3 -> 52.927 | AB3: =(L3-$Y3)/$Y3 -> 0.0039866231 | AC3: =(M3-$Y3)/$Y3 -> 0.0037787897 | AD3: =(N3-$Y3)/$Y3 -> 0.00094469741 | AE3: =(O3-$Y3)/$Y3 -> 0.0027396225 | AF3: =(P3-$Y3)/$Y3 -> 0.0011525308 | AG3: =(Q3-$Y3)/$Y3 -> 0.0024751072 | AH3: =(R3-$Y3)/$Y3 -> 0.0060649574 | AI3: =(S3-$Y3)/$Y3 -> 0.0026451528 | ... AK3: =(U3-$Y3)/$Y3 -> 0.0015115159 | AM3: =SUM(AB3:AK3) -> 0.026243694
A4: Montage | B4: 25 | C4: 1 | D4: 28.546 | E4: 5.296 | F4: 215 | H4: Montage | I4: 100 | J4: 1 | L4: =INDIRECT("D"&1+(ROW(D3)-1)*10+COLUMN(A3)-1) -> 103.219 | M4: =INDIRECT("D"&1+(ROW(E3)-1)*10+COLUMN(B3)-1) -> 103.286 | N4: =INDIRECT("D"&1+(ROW(F3)-1)*10+COLUMN(C3)-1) -> 103.256 | O4: =INDIRECT("D"&1+(ROW(G3)-1)*10+COLUMN(D3)-1) -> 103.273 | P4: =INDIRECT("D"&1+(ROW(H3)-1)*10+COLUMN(E3)-1) -> 103.194 | Q4: =INDIRECT("D"&1+(ROW(I3)-1)*10+COLUMN(F3)-1) -> 103.237 | R4: =INDIRECT("D"&1+(ROW(J3)-1)*10+COLUMN(G3)-1) -> 103.273 | S4: =INDIRECT("D"&1+(ROW(K3)-1)*10+COLUMN(H3)-1) -> 103.308 | ... U4: =INDIRECT("D"&1+(ROW(M3)-1)*10+COLUMN(J3)-1) -> 103.242 | W4: =AVERAGE(L4:U4) -> 103.2256 | Y4: =Total!E4 -> 102.802 | AB4: =(L4-$Y4)/$Y4 -> 0.0040563413 | AC4: =(M4-$Y4)/$Y4 -> 0.0047080796 | AD4: =(N4-$Y4)/$Y4 -> 0.0044162565 | AE4: =(O4-$Y4)/$Y4 -> 0.0045816229 | AF4: =(P4-$Y4)/$Y4 -> 0.0038131554 | AG4: =(Q4-$Y4)/$Y4 -> 0.0042314352 | AH4: =(R4-$Y4)/$Y4 -> 0.0045816229 | AI4: =(S4-$Y4)/$Y4 -> 0.0049220832 | ... AK4: =(U4-$Y4)/$Y4 -> 0.0042800724 | AM4: =SUM(AB4:AK4) -> 0.041205424
A5: Montage | B5: 25 | C5: 1 | D5: 28.504 | E5: 5.281 | F5: 211 | H5: CyberShake | I5: 30 | J5: 1 | L5: =INDIRECT("D"&1+(ROW(D4)-1)*10+COLUMN(A4)-1) -> 156.127 | M5: =INDIRECT("D"&1+(ROW(E4)-1)*10+COLUMN(B4)-1) -> 156.127 | N5: =INDIRECT("D"&1+(ROW(F4)-1)*10+COLUMN(C4)-1) -> 156.127 | O5: =INDIRECT("D"&1+(ROW(G4)-1)*10+COLUMN(D4)-1) -> 156.127 | P5: =INDIRECT("D"&1+(ROW(H4)-1)*10+COLUMN(E4)-1) -> 156.127 | Q5: =INDIRECT("D"&1+(ROW(I4)-1)*10+COLUMN(F4)-1) -> 156.127 | R5: =INDIRECT("D"&1+(ROW(J4)-1)*10+COLUMN(G4)-1) -> 156.127 | S5: =INDIRECT("D"&1+(ROW(K4)-1)*10+COLUMN(H4)-1) -> 156.127 | ... U5: =INDIRECT("D"&1+(ROW(M4)-1)*10+COLUMN(J4)-1) -> 156.127 | W5: =AVERAGE(L5:U5) -> 156.127 | Y5: =Total!E5 -> 156.127 | AB5: =(L5-$Y5)/$Y5 -> 0 | AC5: =(M5-$Y5)/$Y5 -> 0 | AD5: =(N5-$Y5)/$Y5 -> 0 | AE5: =(O5-$Y5)/$Y5 -> 0 | AF5: =(P5-$Y5)/$Y5 -> 0 | AG5: =(Q5-$Y5)/$Y5 -> 0 | AH5: =(R5-$Y5)/$Y5 -> 0 | AI5: =(S5-$Y5)/$Y5 -> 0 | ... AK5: =(U5-$Y5)/$Y5 -> 0 | AM5: =SUM(AB5:AK5) -> 0
A6: Montage | B6: 25 | C6: 1 | D6: 28.546 | E6: 5.279 | F6: 200 | H6: CyberShake | I6: 50 | J6: 1 | L6: =INDIRECT("D"&1+(ROW(D5)-1)*10+COLUMN(A5)-1) -> 179.938 | M6: =INDIRECT("D"&1+(ROW(E5)-1)*10+COLUMN(B5)-1) -> 179.673 | N6: =INDIRECT("D"&1+(ROW(F5)-1)*10+COLUMN(C5)-1) -> 179.938 | O6: =INDIRECT("D"&1+(ROW(G5)-1)*10+COLUMN(D5)-1) -> 179.938 | P6: =INDIRECT("D"&1+(ROW(H5)-1)*10+COLUMN(E5)-1) -> 179.938 | Q6: =INDIRECT("D"&1+(ROW(I5)-1)*10+COLUMN(F5)-1) -> 179.938 | R6: =INDIRECT("D"&1+(ROW(J5)-1)*10+COLUMN(G5)-1) -> 179.938 | S6: =INDIRECT("D"&1+(ROW(K5)-1)*10+COLUMN(H5)-1) -> 179.938 | ... U6: =INDIRECT("D"&1+(ROW(M5)-1)*10+COLUMN(J5)-1) -> 179.943 | W6: =AVERAGE(L6:U6) -> 179.912 | Y6: =Total!E6 -> 179.673 | AB6: =(L6-$Y6)/$Y6 -> 0.0014749016 | AC6: =(M6-$Y6)/$Y6 -> 0 | AD6: =(N6-$Y6)/$Y6 -> 0.0014749016 | AE6: =(O6-$Y6)/$Y6 -> 0.0014749016 | AF6: =(P6-$Y6)/$Y6 -> 0.0014749016 | AG6: =(Q6-$Y6)/$Y6 -> 0.0014749016 | AH6: =(R6-$Y6)/$Y6 -> 0.0014749016 | AI6: =(S6-$Y6)/$Y6 -> 0.0014749016 | ... AK6: =(U6-$Y6)/$Y6 -> 0.00150273 | AM6: =SUM(AB6:AK6) -> 0.013301943
A7: Montage | B7: 25 | C7: 1 | D7: 28.546 | E7: 5.295 | F7: 200 | H7: CyberShake | I7: 100 | J7: 1 | L7: =INDIRECT("D"&1+(ROW(D6)-1)*10+COLUMN(A6)-1) -> 239.55 | M7: =INDIRECT("D"&1+(ROW(E6)-1)*10+COLUMN(B6)-1) -> 239.167 | N7: =INDIRECT("D"&1+(ROW(F6)-1)*10+COLUMN(C6)-1) -> 238.999 | O7: =INDIRECT("D"&1+(ROW(G6)-1)*10+COLUMN(D6)-1) -> 239.194 | P7: =INDIRECT("D"&1+(ROW(H6)-1)*10+COLUMN(E6)-1) -> 239.743 | Q7: =INDIRECT("D"&1+(ROW(I6)-1)*10+COLUMN(F6)-1) -> 239.773 | R7: =INDIRECT("D"&1+(ROW(J6)-1)*10+COLUMN(G6)-1) -> 239.27 | S7: =INDIRECT("D"&1+(ROW(K6)-1)*10+COLUMN(H6)-1) -> 239.177 | ... U7: =INDIRECT("D"&1+(ROW(M6)-1)*10+COLUMN(J6)-1) -> 239.05 | W7: =AVERAGE(L7:U7) -> 239.3213 | Y7: =Total!E7 -> 238.867 | AB7: =(L7-$Y7)/$Y7 -> 0.0028593318 | AC7: =(M7-$Y7)/$Y7 -> 0.001255929 | AD7: =(N7-$Y7)/$Y7 -> 0.00055260877 | AE7: =(O7-$Y7)/$Y7 -> 0.0013689626 | AF7: =(P7-$Y7)/$Y7 -> 0.0036673128 | AG7: =(Q7-$Y7)/$Y7 -> 0.0037929057 | AH7: =(R7-$Y7)/$Y7 -> 0.0016871313 | AI7: =(S7-$Y7)/$Y7 -> 0.0012977933 | ... AK7: =(U7-$Y7)/$Y7 -> 0.00076611671 | AM7: =SUM(AB7:AK7) -> 0.019018952
A8: Montage | B8: 25 | C8: 1 | D8: 28.606 | E8: 5.279 | F8: 208 | H8: Epigenomics | I8: 24 | J8: 1 | L8: =INDIRECT("D"&1+(ROW(D7)-1)*10+COLUMN(A7)-1) -> 2320.908 | M8: =INDIRECT("D"&1+(ROW(E7)-1)*10+COLUMN(B7)-1) -> 2320.908 | N8: =INDIRECT("D"&1+(ROW(F7)-1)*10+COLUMN(C7)-1) -> 2320.908 | O8: =INDIRECT("D"&1+(ROW(G7)-1)*10+COLUMN(D7)-1) -> 2320.908 | P8: =INDIRECT("D"&1+(ROW(H7)-1)*10+COLUMN(E7)-1) -> 2320.908 | Q8: =INDIRECT("D"&1+(ROW(I7)-1)*10+COLUMN(F7)-1) -> 2320.908 | R8: =INDIRECT("D"&1+(ROW(J7)-1)*10+COLUMN(G7)-1) -> 2320.908 | S8: =INDIRECT("D"&1+(ROW(K7)-1)*10+COLUMN(H7)-1) -> 2320.908 | ... U8: =INDIRECT("D"&1+(ROW(M7)-1)*10+COLUMN(J7)-1) -> 2320.908 | W8: =AVERAGE(L8:U8) -> 2320.908 | Y8: =Total!E8 -> 2320.908 | AB8: =(L8-$Y8)/$Y8 -> 0 | AC8: =(M8-$Y8)/$Y8 -> 0 | AD8: =(N8-$Y8)/$Y8 -> 0 | AE8: =(O8-$Y8)/$Y8 -> 0 | AF8: =(P8-$Y8)/$Y8 -> 0 | AG8: =(Q8-$Y8)/$Y8 -> 0 | AH8: =(R8-$Y8)/$Y8 -> 0 | AI8: =(S8-$Y8)/$Y8 -> 0 | ... AK8: =(U8-$Y8)/$Y8 -> 0 | AM8: =SUM(AB8:AK8) -> 0
A9: Montage | B9: 25 | C9: 1 | D9: 28.546 | E9: 5.293 | F9: 248 | H9: Epigenomics | I9: 47 | J9: 1 | L9: =INDIRECT("D"&1+(ROW(D8)-1)*10+COLUMN(A8)-1) -> 4313.61 | M9: =INDIRECT("D"&1+(ROW(E8)-1)*10+COLUMN(B8)-1) -> 4313.61 | N9: =INDIRECT("D"&1+(ROW(F8)-1)*10+COLUMN(C8)-1) -> 4313.61 | O9: =INDIRECT("D"&1+(ROW(G8)-1)*10+COLUMN(D8)-1) -> 4313.61 | P9: =INDIRECT("D"&1+(ROW(H8)-1)*10+COLUMN(E8)-1) -> 4313.61 | Q9: =INDIRECT("D"&1+(ROW(I8)-1)*10+COLUMN(F8)-1) -> 4313.61 | R9: =INDIRECT("D"&1+(ROW(J8)-1)*10+COLUMN(G8)-1) -> 4313.61 | S9: =INDIRECT("D"&1+(ROW(K8)-1)*10+COLUMN(H8)-1) -> 4313.61 | ... U9: =INDIRECT("D"&1+(ROW(M8)-1)*10+COLUMN(J8)-1) -> 4313.61 | W9: =AVERAGE(L9:U9) -> 4313.61 | Y9: =Total!E9 -> 4313.61 | AB9: =(L9-$Y9)/$Y9 -> 0 | AC9: =(M9-$Y9)/$Y9 -> 0 | AD9: =(N9-$Y9)/$Y9 -> 0 | AE9: =(O9-$Y9)/$Y9 -> 0 | AF9: =(P9-$Y9)/$Y9 -> 0 | AG9: =(Q9-$Y9)/$Y9 -> 0 | AH9: =(R9-$Y9)/$Y9 -> 0 | AI9: =(S9-$Y9)/$Y9 -> 0 | ... AK9: =(U9-$Y9)/$Y9 -> 0 | AM9: =SUM(AB9:AK9) -> 0
A10: Montage | B10: 25 | C10: 1 | D10: 28.546 | E10: 5.304 | F10: 196 | H10: Epigenomics | I10: 100 | J10: 1 | L10: =INDIRECT("D"&1+(ROW(D9)-1)*10+COLUMN(A9)-1) -> 35221.008 | M10: =INDIRECT("D"&1+(ROW(E9)-1)*10+COLUMN(B9)-1) -> 35217.664 | N10: =INDIRECT("D"&1+(ROW(F9)-1)*10+COLUMN(C9)-1) -> 35235.41 | O10: =INDIRECT("D"&1+(ROW(G9)-1)*10+COLUMN(D9)-1) -> 35273.608 | P10: =INDIRECT("D"&1+(ROW(H9)-1)*10+COLUMN(E9)-1) -> 35222.918 | Q10: =INDIRECT("D"&1+(ROW(I9)-1)*10+COLUMN(F9)-1) -> 35295.983 | R10: =INDIRECT("D"&1+(ROW(J9)-1)*10+COLUMN(G9)-1) -> 35281.675 | S10: =INDIRECT("D"&1+(ROW(K9)-1)*10+COLUMN(H9)-1) -> 35273.403 | ... U10: =INDIRECT("D"&1+(ROW(M9)-1)*10+COLUMN(J9)-1) -> 35242.976 | W10: =AVERAGE(L10:U10) -> 35251.178 | Y10: =Total!E10 -> 35210.383 | AB10: =(L10-$Y10)/$Y10 -> 0.00030175758 | AC10: =(M10-$Y10)/$Y10 -> 0.0002067856 | AD10: =(N10-$Y10)/$Y10 -> 0.00071078466 | AE10: =(O10-$Y10)/$Y10 -> 0.0017956351 | AF10: =(P10-$Y10)/$Y10 -> 0.00035600294 | AG10: =(Q10-$Y10)/$Y10 -> 0.0024311011 | AH10: =(R10-$Y10)/$Y10 -> 0.0020247437 | AI10: =(S10-$Y10)/$Y10 -> 0.001789813 | ... AK10: =(U10-$Y10)/$Y10 -> 0.00092566446 | AM10: =SUM(AB10:AK10) -> 0.011585986
A11: Montage | B11: 50 | C11: 1 | D11: 53.138 | E11: 19.586 | F11: 318 | H11: Ligo | I11: 30 | J11: 1 | L11: =INDIRECT("D"&1+(ROW(D10)-1)*10+COLUMN(A10)-1) -> 658.233 | M11: =INDIRECT("D"&1+(ROW(E10)-1)*10+COLUMN(B10)-1) -> 659.845 | N11: =INDIRECT("D"&1+(ROW(F10)-1)*10+COLUMN(C10)-1) -> 658.233 | O11: =INDIRECT("D"&1+(ROW(G10)-1)*10+COLUMN(D10)-1) -> 657.356 | P11: =INDIRECT("D"&1+(ROW(H10)-1)*10+COLUMN(E10)-1) -> 657.356 | Q11: =INDIRECT("D"&1+(ROW(I10)-1)*10+COLUMN(F10)-1) -> 658.233 | R11: =INDIRECT("D"&1+(ROW(J10)-1)*10+COLUMN(G10)-1) -> 657.356 | S11: =INDIRECT("D"&1+(ROW(K10)-1)*10+COLUMN(H10)-1) -> 657.356 | ... U11: =INDIRECT("D"&1+(ROW(M10)-1)*10+COLUMN(J10)-1) -> 657.356 | W11: =AVERAGE(L11:U11) -> 657.868 | Y11: =Total!E11 -> 655.465 | AB11: =(L11-$Y11)/$Y11 -> 0.0042229562 | AC11: =(M11-$Y11)/$Y11 -> 0.006682279 | AD11: =(N11-$Y11)/$Y11 -> 0.0042229562 | AE11: =(O11-$Y11)/$Y11 -> 0.0028849748 | AF11: =(P11-$Y11)/$Y11 -> 0.0028849748 | AG11: =(Q11-$Y11)/$Y11 -> 0.0042229562 | AH11: =(R11-$Y11)/$Y11 -> 0.0028849748 | AI11: =(S11-$Y11)/$Y11 -> 0.0028849748 | ... AK11: =(U11-$Y11)/$Y11 -> 0.0028849748 | AM11: =SUM(AB11:AK11) -> 0.036660996
A12: Montage | B12: 50 | C12: 1 | D12: 53.127 | E12: 19.56 | F12: 308 | H12: Ligo | I12: 50 | J12: 1 | L12: =INDIRECT("D"&1+(ROW(D11)-1)*10+COLUMN(A11)-1) -> 994.922 | M12: =INDIRECT("D"&1+(ROW(E11)-1)*10+COLUMN(B11)-1) -> 991.975 | N12: =INDIRECT("D"&1+(ROW(F11)-1)*10+COLUMN(C11)-1) -> 991.627 | O12: =INDIRECT("D"&1+(ROW(G11)-1)*10+COLUMN(D11)-1) -> 994.203 | P12: =INDIRECT("D"&1+(ROW(H11)-1)*10+COLUMN(E11)-1) -> 996.856 | Q12: =INDIRECT("D"&1+(ROW(I11)-1)*10+COLUMN(F11)-1) -> 993.716 | R12: =INDIRECT("D"&1+(ROW(J11)-1)*10+COLUMN(G11)-1) -> 996.865 | S12: =INDIRECT("D"&1+(ROW(K11)-1)*10+COLUMN(H11)-1) -> 992.367 | ... U12: =INDIRECT("D"&1+(ROW(M11)-1)*10+COLUMN(J11)-1) -> 998.947 | W12: =AVERAGE(L12:U12) -> 994.7463 | Y12: =Total!E12 -> 990.096 | AB12: =(L12-$Y12)/$Y12 -> 0.0048742748 | AC12: =(M12-$Y12)/$Y12 -> 0.0018977958 | AD12: =(N12-$Y12)/$Y12 -> 0.0015463147 | AE12: =(O12-$Y12)/$Y12 -> 0.0041480826 | AF12: =(P12-$Y12)/$Y12 -> 0.0068276208 | AG12: =(Q12-$Y12)/$Y12 -> 0.0036562111 | AH12: =(R12-$Y12)/$Y12 -> 0.0068367108 | AI12: =(S12-$Y12)/$Y12 -> 0.002293717 | ... AK12: =(U12-$Y12)/$Y12 -> 0.0089395372 | AM12: =SUM(AB12:AK12) -> 0.046968173
A13: Montage | B13: 50 | C13: 1 | D13: 52.977 | E13: 19.559 | F13: 313 | H13: Ligo | I13: 100 | J13: 1 | L13: =INDIRECT("D"&1+(ROW(D12)-1)*10+COLUMN(A12)-1) -> 1754.623 | M13: =INDIRECT("D"&1+(ROW(E12)-1)*10+COLUMN(B12)-1) -> 1753.8 | N13: =INDIRECT("D"&1+(ROW(F12)-1)*10+COLUMN(C12)-1) -> 1754.683 | O13: =INDIRECT("D"&1+(ROW(G12)-1)*10+COLUMN(D12)-1) -> 1755.701 | P13: =INDIRECT("D"&1+(ROW(H12)-1)*10+COLUMN(E12)-1) -> 1755.403 | Q13: =INDIRECT("D"&1+(ROW(I12)-1)*10+COLUMN(F12)-1) -> 1755.755 | R13: =INDIRECT("D"&1+(ROW(J12)-1)*10+COLUMN(G12)-1) -> 1759.57 | S13: =INDIRECT("D"&1+(ROW(K12)-1)*10+COLUMN(H12)-1) -> 1756.997 | ... U13: =INDIRECT("D"&1+(ROW(M12)-1)*10+COLUMN(J12)-1) -> 1757.52 | W13: =AVERAGE(L13:U13) -> 1756.2578 | Y13: =Total!E13 -> 1753.79 | AB13: =(L13-$Y13)/$Y13 -> 0.00047497135 | AC13: =(M13-$Y13)/$Y13 -> 5.7019369e-06 | AD13: =(N13-$Y13)/$Y13 -> 0.00050918297 | AE13: =(O13-$Y13)/$Y13 -> 0.0010896402 | AF13: =(P13-$Y13)/$Y13 -> 0.00091972243 | AG13: =(Q13-$Y13)/$Y13 -> 0.0011204306 | AH13: =(R13-$Y13)/$Y13 -> 0.0032957196 | AI13: =(S13-$Y13)/$Y13 -> 0.0018286112 | ... AK13: =(U13-$Y13)/$Y13 -> 0.0021268225 | AM13: =SUM(AB13:AK13) -> 0.01407124
... A19: Montage | B19: 50 | C19: 1 | D19: 52.977 | E19: 19.578 | F19: 316 | H19: fft | I19: 224 | J19: 1 | L19: =INDIRECT("D"&1+(ROW(D18)-1)*10+COLUMN(A18)-1) -> 71.918 | M19: =INDIRECT("D"&1+(ROW(E18)-1)*10+COLUMN(B18)-1) -> 71.943 | N19: =INDIRECT("D"&1+(ROW(F18)-1)*10+COLUMN(C18)-1) -> 71.99 | O19: =INDIRECT("D"&1+(ROW(G18)-1)*10+COLUMN(D18)-1) -> 71.931 | P19: =INDIRECT("D"&1+(ROW(H18)-1)*10+COLUMN(E18)-1) -> 71.957 | Q19: =INDIRECT("D"&1+(ROW(I18)-1)*10+COLUMN(F18)-1) -> 72.001 | R19: =INDIRECT("D"&1+(ROW(J18)-1)*10+COLUMN(G18)-1) -> 72.003 | S19: =INDIRECT("D"&1+(ROW(K18)-1)*10+COLUMN(H18)-1) -> 71.919 | ... U19: =INDIRECT("D"&1+(ROW(M18)-1)*10+COLUMN(J18)-1) -> 71.962 | W19: =AVERAGE(L19:U19) -> 71.9547 | Y19: =Total!E19 -> 71.908 | AB19: =(L19-$Y19)/$Y19 -> 0.00013906659 | AC19: =(M19-$Y19)/$Y19 -> 0.00048673305 | AD19: =(N19-$Y19)/$Y19 -> 0.001140346 | AE19: =(O19-$Y19)/$Y19 -> 0.00031985315 | AF19: =(P19-$Y19)/$Y19 -> 0.00068142627 | AG19: =(Q19-$Y19)/$Y19 -> 0.0012933192 | AH19: =(R19-$Y19)/$Y19 -> 0.0013211326 | AI19: =(S19-$Y19)/$Y19 -> 0.00015297324 | ... AK19: =(U19-$Y19)/$Y19 -> 0.00075095956 | AM19: =SUM(AB19:AK19) -> 0.0064944095
A20: Montage | B20: 50 | C20: 1 | D20: 53.007 | E20: 19.586 | F20: 322
A21: Montage | B21: 100 | C21: 1 | D21: 103.219 | E21: 101.998 | F21: 524
A22: Montage | B22: 100 | C22: 1 | D22: 103.286 | E22: 102.14 | F22: 543
A23: Montage | B23: 100 | C23: 1 | D23: 103.256 | E23: 102.078 | F23: 510
A24: Montage | B24: 100 | C24: 1 | D24: 103.273 | E24: 102 | F24: 543
A25: Montage | B25: 100 | C25: 1 | D25: 103.194 | E25: 102.118 | F25: 504
A26: Montage | B26: 100 | C26: 1 | D26: 103.237 | E26: 102.133 | F26: 531
A27: Montage | B27: 100 | C27: 1 | D27: 103.273 | E27: 102.041 | F27: 546
A28: Montage | B28: 100 | C28: 1 | D28: 103.308 | E28: 102.107 | F28: 521
A29: Montage | B29: 100 | C29: 1 | D29: 102.968 | E29: 102.108 | F29: 573
A30: Montage | B30: 100 | C30: 1 | D30: 103.242 | E30: 102.153 | F30: 508
A31: CyberShake | B31: 30 | C31: 1 | D31: 156.127 | E31: 8.016 | F31: 325
... A180: fft | B180: 224 | C180: 1 | D180: 71.962 | E180: 256.159 | F180: 281

Sheet 11
A1: Montage | B1: 25 | C1: 1 | D1: 28.546 | E1: 5.302 | F1: 216 | H1: ty | I1: sz | J1: ra | L1: 1 | M1: 2 | N1: 3 | O1: 4 | P1: 5 | Q1: 6 | R1: 7 | S1: 8 | T1: 9 | U1: 10 | W1: average | Y1: Min | AM1: sum
A2: Montage | B2: 25 | C2: 1 | D2: 28.504 | E2: 5.277 | F2: 188 | H2: Montage | I2: 25 | J2: 1 | L2: =INDIRECT("D"&1+(ROW(D1)-1)*10+COLUMN(A1)-1) -> 28.546 | M2: =INDIRECT("D"&1+(ROW(E1)-1)*10+COLUMN(B1)-1) -> 28.504 | N2: =INDIRECT("D"&1+(ROW(F1)-1)*10+COLUMN(C1)-1) -> 28.546 | O2: =INDIRECT("D"&1+(ROW(G1)-1)*10+COLUMN(D1)-1) -> 28.504 | P2: =INDIRECT("D"&1+(ROW(H1)-1)*10+COLUMN(E1)-1) -> 28.546 | Q2: =INDIRECT("D"&1+(ROW(I1)-1)*10+COLUMN(F1)-1) -> 28.504 | R2: =INDIRECT("D"&1+(ROW(J1)-1)*10+COLUMN(G1)-1) -> 28.504 | S2: =INDIRECT("D"&1+(ROW(K1)-1)*10+COLUMN(H1)-1) -> 28.546 | ... U2: =INDIRECT("D"&1+(ROW(M1)-1)*10+COLUMN(J1)-1) -> 28.546 | W2: =AVERAGE(L2:U2) -> 28.525 | Y2: =Total!E2 -> 28.504 | AB2: =(L2-$Y2)/$Y2 -> 0.0014734774 | AC2: =(M2-$Y2)/$Y2 -> 0 | AD2: =(N2-$Y2)/$Y2 -> 0.0014734774 | AE2: =(O2-$Y2)/$Y2 -> 0 | AF2: =(P2-$Y2)/$Y2 -> 0.0014734774 | AG2: =(Q2-$Y2)/$Y2 -> 0 | AH2: =(R2-$Y2)/$Y2 -> 0 | AI2: =(S2-$Y2)/$Y2 -> 0.0014734774 | ... AK2: =(U2-$Y2)/$Y2 -> 0.0014734774 | AM2: =SUM(AB2:AK2) -> 0.007367387
A3: Montage | B3: 25 | C3: 1 | D3: 28.546 | E3: 5.293 | F3: 228 | H3: Montage | I3: 50 | J3: 1 | L3: =INDIRECT("D"&1+(ROW(D2)-1)*10+COLUMN(A2)-1) -> 53.252 | M3: =INDIRECT("D"&1+(ROW(E2)-1)*10+COLUMN(B2)-1) -> 53.002 | N3: =INDIRECT("D"&1+(ROW(F2)-1)*10+COLUMN(C2)-1) -> 52.987 | O3: =INDIRECT("D"&1+(ROW(G2)-1)*10+COLUMN(D2)-1) -> 53.117 | P3: =INDIRECT("D"&1+(ROW(H2)-1)*10+COLUMN(E2)-1) -> 53.078 | Q3: =INDIRECT("D"&1+(ROW(I2)-1)*10+COLUMN(F2)-1) -> 53.067 | R3: =INDIRECT("D"&1+(ROW(J2)-1)*10+COLUMN(G2)-1) -> 53.137 | S3: =INDIRECT("D"&1+(ROW(K2)-1)*10+COLUMN(H2)-1) -> 53.157 | ... U3: =INDIRECT("D"&1+(ROW(M2)-1)*10+COLUMN(J2)-1) -> 53.156 | W3: =AVERAGE(L3:U3) -> 53.1044 | Y3: =Total!E3 -> 52.927 | AB3: =(L3-$Y3)/$Y3 -> 0.0061405332 | AC3: =(M3-$Y3)/$Y3 -> 0.0014170461 | AD3: =(N3-$Y3)/$Y3 -> 0.0011336369 | AE3: =(O3-$Y3)/$Y3 -> 0.0035898502 | AF3: =(P3-$Y3)/$Y3 -> 0.0028529862 | AG3: =(Q3-$Y3)/$Y3 -> 0.0026451528 | AH3: =(R3-$Y3)/$Y3 -> 0.0039677291 | AI3: =(S3-$Y3)/$Y3 -> 0.0043456081 | ... AK3: =(U3-$Y3)/$Y3 -> 0.0043267142 | AM3: =SUM(AB3:AK3) -> 0.033517864
A4: Montage | B4: 25 | C4: 1 | D4: 28.504 | E4: 5.287 | F4: 211 | H4: Montage | I4: 100 | J4: 1 | L4: =INDIRECT("D"&1+(ROW(D3)-1)*10+COLUMN(A3)-1) -> 103.317 | M4: =INDIRECT("D"&1+(ROW(E3)-1)*10+COLUMN(B3)-1) -> 103.228 | N4: =INDIRECT("D"&1+(ROW(F3)-1)*10+COLUMN(C3)-1) -> 103.246 | O4: =INDIRECT("D"&1+(ROW(G3)-1)*10+COLUMN(D3)-1) -> 102.953 | P4: =INDIRECT("D"&1+(ROW(H3)-1)*10+COLUMN(E3)-1) -> 103.129 | Q4: =INDIRECT("D"&1+(ROW(I3)-1)*10+COLUMN(F3)-1) -> 103.182 | R4: =INDIRECT("D"&1+(ROW(J3)-1)*10+COLUMN(G3)-1) -> 103.239 | S4: =INDIRECT("D"&1+(ROW(K3)-1)*10+COLUMN(H3)-1) -> 103.183 | ... U4: =INDIRECT("D"&1+(ROW(M3)-1)*10+COLUMN(J3)-1) -> 103.282 | W4: =AVERAGE(L4:U4) -> 103.2012 | Y4: =Total!E4 -> 102.802 | AB4: =(L4-$Y4)/$Y4 -> 0.0050096302 | AC4: =(M4-$Y4)/$Y4 -> 0.0041438883 | AD4: =(N4-$Y4)/$Y4 -> 0.0043189821 | AE4: =(O4-$Y4)/$Y4 -> 0.001468843 | AF4: =(P4-$Y4)/$Y4 -> 0.003180872 | AG4: =(Q4-$Y4)/$Y4 -> 0.0036964261 | AH4: =(R4-$Y4)/$Y4 -> 0.0042508901 | AI4: =(S4-$Y4)/$Y4 -> 0.0037061536 | ... AK4: =(U4-$Y4)/$Y4 -> 0.0046691699 | AM4: =SUM(AB4:AK4) -> 0.038831929
A5: Montage | B5: 25 | C5: 1 | D5: 28.546 | E5: 5.294 | F5: 232 | H5: CyberShake | I5: 30 | J5: 1 | L5: =INDIRECT("D"&1+(ROW(D4)-1)*10+COLUMN(A4)-1) -> 156.127 | M5: =INDIRECT("D"&1+(ROW(E4)-1)*10+COLUMN(B4)-1) -> 156.127 | N5: =INDIRECT("D"&1+(ROW(F4)-1)*10+COLUMN(C4)-1) -> 156.127 | O5: =INDIRECT("D"&1+(ROW(G4)-1)*10+COLUMN(D4)-1) -> 156.127 | P5: =INDIRECT("D"&1+(ROW(H4)-1)*10+COLUMN(E4)-1) -> 156.127 | Q5: =INDIRECT("D"&1+(ROW(I4)-1)*10+COLUMN(F4)-1) -> 156.127 | R5: =INDIRECT("D"&1+(ROW(J4)-1)*10+COLUMN(G4)-1) -> 156.127 | S5: =INDIRECT("D"&1+(ROW(K4)-1)*10+COLUMN(H4)-1) -> 156.127 | ... U5: =INDIRECT("D"&1+(ROW(M4)-1)*10+COLUMN(J4)-1) -> 156.127 | W5: =AVERAGE(L5:U5) -> 156.127 | Y5: =Total!E5 -> 156.127 | AB5: =(L5-$Y5)/$Y5 -> 0 | AC5: =(M5-$Y5)/$Y5 -> 0 | AD5: =(N5-$Y5)/$Y5 -> 0 | AE5: =(O5-$Y5)/$Y5 -> 0 | AF5: =(P5-$Y5)/$Y5 -> 0 | AG5: =(Q5-$Y5)/$Y5 -> 0 | AH5: =(R5-$Y5)/$Y5 -> 0 | AI5: =(S5-$Y5)/$Y5 -> 0 | ... AK5: =(U5-$Y5)/$Y5 -> 0 | AM5: =SUM(AB5:AK5) -> 0
A6: Montage | B6: 25 | C6: 1 | D6: 28.504 | E6: 5.296 | F6: 184 | H6: CyberShake | I6: 50 | J6: 1 | L6: =INDIRECT("D"&1+(ROW(D5)-1)*10+COLUMN(A5)-1) -> 181.597 | M6: =INDIRECT("D"&1+(ROW(E5)-1)*10+COLUMN(B5)-1) -> 180.157 | N6: =INDIRECT("D"&1+(ROW(F5)-1)*10+COLUMN(C5)-1) -> 179.938 | O6: =INDIRECT("D"&1+(ROW(G5)-1)*10+COLUMN(D5)-1) -> 181.597 | P6: =INDIRECT("D"&1+(ROW(H5)-1)*10+COLUMN(E5)-1) -> 179.938 | Q6: =INDIRECT("D"&1+(ROW(I5)-1)*10+COLUMN(F5)-1) -> 180.101 | R6: =INDIRECT("D"&1+(ROW(J5)-1)*10+COLUMN(G5)-1) -> 179.938 | S6: =INDIRECT("D"&1+(ROW(K5)-1)*10+COLUMN(H5)-1) -> 179.938 | ... U6: =INDIRECT("D"&1+(ROW(M5)-1)*10+COLUMN(J5)-1) -> 181.713 | W6: =AVERAGE(L6:U6) -> 180.487 | Y6: =Total!E6 -> 179.673 | AB6: =(L6-$Y6)/$Y6 -> 0.010708342 | AC6: =(M6-$Y6)/$Y6 -> 0.0026937826 | AD6: =(N6-$Y6)/$Y6 -> 0.0014749016 | AE6: =(O6-$Y6)/$Y6 -> 0.010708342 | AF6: =(P6-$Y6)/$Y6 -> 0.0014749016 | AG6: =(Q6-$Y6)/$Y6 -> 0.0023821053 | AH6: =(R6-$Y6)/$Y6 -> 0.0014749016 | AI6: =(S6-$Y6)/$Y6 -> 0.0014749016 | ... AK6: =(U6-$Y6)/$Y6 -> 0.01135396 | AM6: =SUM(AB6:AK6) -> 0.045304525
A7: Montage | B7: 25 | C7: 1 | D7: 28.504 | E7: 5.278 | F7: 200 | H7: CyberShake | I7: 100 | J7: 1 | L7: =INDIRECT("D"&1+(ROW(D6)-1)*10+COLUMN(A6)-1) -> 239.253 | M7: =INDIRECT("D"&1+(ROW(E6)-1)*10+COLUMN(B6)-1) -> 240.186 | N7: =INDIRECT("D"&1+(ROW(F6)-1)*10+COLUMN(C6)-1) -> 239.16 | O7: =INDIRECT("D"&1+(ROW(G6)-1)*10+COLUMN(D6)-1) -> 239.22 | P7: =INDIRECT("D"&1+(ROW(H6)-1)*10+COLUMN(E6)-1) -> 239.13 | Q7: =INDIRECT("D"&1+(ROW(I6)-1)*10+COLUMN(F6)-1) -> 239.088 | R7: =INDIRECT("D"&1+(ROW(J6)-1)*10+COLUMN(G6)-1) -> 239.3 | S7: =INDIRECT("D"&1+(ROW(K6)-1)*10+COLUMN(H6)-1) -> 239.15 | ... U7: =INDIRECT("D"&1+(ROW(M6)-1)*10+COLUMN(J6)-1) -> 239.091 | W7: =AVERAGE(L7:U7) -> 239.2738 | Y7: =Total!E7 -> 238.867 | AB7: =(L7-$Y7)/$Y7 -> 0.001615962 | AC7: =(M7-$Y7)/$Y7 -> 0.0055219013 | AD7: =(N7-$Y7)/$Y7 -> 0.001226624 | AE7: =(O7-$Y7)/$Y7 -> 0.0014778098 | AF7: =(P7-$Y7)/$Y7 -> 0.0011010311 | AG7: =(Q7-$Y7)/$Y7 -> 0.00092520105 | AH7: =(R7-$Y7)/$Y7 -> 0.0018127242 | AI7: =(S7-$Y7)/$Y7 -> 0.0011847597 | ... AK7: =(U7-$Y7)/$Y7 -> 0.00093776034 | AM7: =SUM(AB7:AK7) -> 0.017030398
A8: Montage | B8: 25 | C8: 1 | D8: 28.546 | E8: 5.287 | F8: 261 | H8: Epigenomics | I8: 24 | J8: 1 | L8: =INDIRECT("D"&1+(ROW(D7)-1)*10+COLUMN(A7)-1) -> 2320.908 | M8: =INDIRECT("D"&1+(ROW(E7)-1)*10+COLUMN(B7)-1) -> 2320.908 | N8: =INDIRECT("D"&1+(ROW(F7)-1)*10+COLUMN(C7)-1) -> 2320.908 | O8: =INDIRECT("D"&1+(ROW(G7)-1)*10+COLUMN(D7)-1) -> 2320.908 | P8: =INDIRECT("D"&1+(ROW(H7)-1)*10+COLUMN(E7)-1) -> 2320.908 | Q8: =INDIRECT("D"&1+(ROW(I7)-1)*10+COLUMN(F7)-1) -> 2320.908 | R8: =INDIRECT("D"&1+(ROW(J7)-1)*10+COLUMN(G7)-1) -> 2320.908 | S8: =INDIRECT("D"&1+(ROW(K7)-1)*10+COLUMN(H7)-1) -> 2320.908 | ... U8: =INDIRECT("D"&1+(ROW(M7)-1)*10+COLUMN(J7)-1) -> 2320.908 | W8: =AVERAGE(L8:U8) -> 2320.908 | Y8: =Total!E8 -> 2320.908 | AB8: =(L8-$Y8)/$Y8 -> 0 | AC8: =(M8-$Y8)/$Y8 -> 0 | AD8: =(N8-$Y8)/$Y8 -> 0 | AE8: =(O8-$Y8)/$Y8 -> 0 | AF8: =(P8-$Y8)/$Y8 -> 0 | AG8: =(Q8-$Y8)/$Y8 -> 0 | AH8: =(R8-$Y8)/$Y8 -> 0 | AI8: =(S8-$Y8)/$Y8 -> 0 | ... AK8: =(U8-$Y8)/$Y8 -> 0 | AM8: =SUM(AB8:AK8) -> 0
A9: Montage | B9: 25 | C9: 1 | D9: 28.504 | E9: 5.286 | F9: 266 | H9: Epigenomics | I9: 47 | J9: 1 | L9: =INDIRECT("D"&1+(ROW(D8)-1)*10+COLUMN(A8)-1) -> 4313.61 | M9: =INDIRECT("D"&1+(ROW(E8)-1)*10+COLUMN(B8)-1) -> 4313.61 | N9: =INDIRECT("D"&1+(ROW(F8)-1)*10+COLUMN(C8)-1) -> 4313.61 | O9: =INDIRECT("D"&1+(ROW(G8)-1)*10+COLUMN(D8)-1) -> 4313.61 | P9: =INDIRECT("D"&1+(ROW(H8)-1)*10+COLUMN(E8)-1) -> 4313.61 | Q9: =INDIRECT("D"&1+(ROW(I8)-1)*10+COLUMN(F8)-1) -> 4318.488 | R9: =INDIRECT("D"&1+(ROW(J8)-1)*10+COLUMN(G8)-1) -> 4318.488 | S9: =INDIRECT("D"&1+(ROW(K8)-1)*10+COLUMN(H8)-1) -> 4313.61 | ... U9: =INDIRECT("D"&1+(ROW(M8)-1)*10+COLUMN(J8)-1) -> 4313.61 | W9: =AVERAGE(L9:U9) -> 4314.5856 | Y9: =Total!E9 -> 4313.61 | AB9: =(L9-$Y9)/$Y9 -> 0 | AC9: =(M9-$Y9)/$Y9 -> 0 | AD9: =(N9-$Y9)/$Y9 -> 0 | AE9: =(O9-$Y9)/$Y9 -> 0 | AF9: =(P9-$Y9)/$Y9 -> 0 | AG9: =(Q9-$Y9)/$Y9 -> 0.0011308394 | AH9: =(R9-$Y9)/$Y9 -> 0.0011308394 | AI9: =(S9-$Y9)/$Y9 -> 0 | ... AK9: =(U9-$Y9)/$Y9 -> 0 | AM9: =SUM(AB9:AK9) -> 0.0022616787
A10: Montage | B10: 25 | C10: 1 | D10: 28.546 | E10: 5.286 | F10: 243 | H10: Epigenomics | I10: 100 | J10: 1 | L10: =INDIRECT("D"&1+(ROW(D9)-1)*10+COLUMN(A9)-1) -> 35234.663 | M10: =INDIRECT("D"&1+(ROW(E9)-1)*10+COLUMN(B9)-1) -> 35320.92 | N10: =INDIRECT("D"&1+(ROW(F9)-1)*10+COLUMN(C9)-1) -> 35299.153 | O10: =INDIRECT("D"&1+(ROW(G9)-1)*10+COLUMN(D9)-1) -> 35272.953 | P10: =INDIRECT("D"&1+(ROW(H9)-1)*10+COLUMN(E9)-1) -> 35273.399 | Q10: =INDIRECT("D"&1+(ROW(I9)-1)*10+COLUMN(F9)-1) -> 35272.953 | R10: =INDIRECT("D"&1+(ROW(J9)-1)*10+COLUMN(G9)-1) -> 35229.439 | S10: =INDIRECT("D"&1+(ROW(K9)-1)*10+COLUMN(H9)-1) -> 35272.953 | ... U10: =INDIRECT("D"&1+(ROW(M9)-1)*10+COLUMN(J9)-1) -> 35276.86 | W10: =AVERAGE(L10:U10) -> 35272.623 | Y10: =Total!E10 -> 35210.383 | AB10: =(L10-$Y10)/$Y10 -> 0.00068956932 | AC10: =(M10-$Y10)/$Y10 -> 0.0031393297 | AD10: =(N10-$Y10)/$Y10 -> 0.0025211313 | AE10: =(O10-$Y10)/$Y10 -> 0.0017770326 | AF10: =(P10-$Y10)/$Y10 -> 0.0017896994 | AG10: =(Q10-$Y10)/$Y10 -> 0.0017770326 | AH10: =(R10-$Y10)/$Y10 -> 0.000541204 | AI10: =(S10-$Y10)/$Y10 -> 0.0017770326 | ... AK10: =(U10-$Y10)/$Y10 -> 0.0018879942 | AM10: =SUM(AB10:AK10) -> 0.017676661
A11: Montage | B11: 50 | C11: 1 | D11: 53.252 | E11: 19.59 | F11: 287 | H11: Ligo | I11: 30 | J11: 1 | L11: =INDIRECT("D"&1+(ROW(D10)-1)*10+COLUMN(A10)-1) -> 657.356 | M11: =INDIRECT("D"&1+(ROW(E10)-1)*10+COLUMN(B10)-1) -> 657.356 | N11: =INDIRECT("D"&1+(ROW(F10)-1)*10+COLUMN(C10)-1) -> 657.356 | O11: =INDIRECT("D"&1+(ROW(G10)-1)*10+COLUMN(D10)-1) -> 658.233 | P11: =INDIRECT("D"&1+(ROW(H10)-1)*10+COLUMN(E10)-1) -> 657.356 | Q11: =INDIRECT("D"&1+(ROW(I10)-1)*10+COLUMN(F10)-1) -> 658.233 | R11: =INDIRECT("D"&1+(ROW(J10)-1)*10+COLUMN(G10)-1) -> 658.233 | S11: =INDIRECT("D"&1+(ROW(K10)-1)*10+COLUMN(H10)-1) -> 657.324 | ... U11: =INDIRECT("D"&1+(ROW(M10)-1)*10+COLUMN(J10)-1) -> 657.356 | W11: =AVERAGE(L11:U11) -> 657.6159 | Y11: =Total!E11 -> 655.465 | AB11: =(L11-$Y11)/$Y11 -> 0.0028849748 | AC11: =(M11-$Y11)/$Y11 -> 0.0028849748 | AD11: =(N11-$Y11)/$Y11 -> 0.0028849748 | AE11: =(O11-$Y11)/$Y11 -> 0.0042229562 | AF11: =(P11-$Y11)/$Y11 -> 0.0028849748 | AG11: =(Q11-$Y11)/$Y11 -> 0.0042229562 | AH11: =(R11-$Y11)/$Y11 -> 0.0042229562 | AI11: =(S11-$Y11)/$Y11 -> 0.0028361545 | ... AK11: =(U11-$Y11)/$Y11 -> 0.0028849748 | AM11: =SUM(AB11:AK11) -> 0.032814872
A12: Montage | B12: 50 | C12: 1 | D12: 53.002 | E12: 19.571 | F12: 294 | H12: Ligo | I12: 50 | J12: 1 | L12: =INDIRECT("D"&1+(ROW(D11)-1)*10+COLUMN(A11)-1) -> 994.021 | M12: =INDIRECT("D"&1+(ROW(E11)-1)*10+COLUMN(B11)-1) -> 993.838 | N12: =INDIRECT("D"&1+(ROW(F11)-1)*10+COLUMN(C11)-1) -> 996.566 | O12: =INDIRECT("D"&1+(ROW(G11)-1)*10+COLUMN(D11)-1) -> 994.556 | P12: =INDIRECT("D"&1+(ROW(H11)-1)*10+COLUMN(E11)-1) -> 994.746 | Q12: =INDIRECT("D"&1+(ROW(I11)-1)*10+COLUMN(F11)-1) -> 992.135 | R12: =INDIRECT("D"&1+(ROW(J11)-1)*10+COLUMN(G11)-1) -> 994.677 | S12: =INDIRECT("D"&1+(ROW(K11)-1)*10+COLUMN(H11)-1) -> 994.306 | ... U12: =INDIRECT("D"&1+(ROW(M11)-1)*10+COLUMN(J11)-1) -> 997.686 | W12: =AVERAGE(L12:U12) -> 994.7407 | Y12: =Total!E12 -> 990.096 | AB12: =(L12-$Y12)/$Y12 -> 0.0039642621 | AC12: =(M12-$Y12)/$Y12 -> 0.0037794315 | AD12: =(N12-$Y12)/$Y12 -> 0.0065347199 | AE12: =(O12-$Y12)/$Y12 -> 0.0045046137 | AF12: =(P12-$Y12)/$Y12 -> 0.0046965143 | AG12: =(Q12-$Y12)/$Y12 -> 0.0020593963 | AH12: =(R12-$Y12)/$Y12 -> 0.0046268241 | AI12: =(S12-$Y12)/$Y12 -> 0.0042521129 | ... AK12: =(U12-$Y12)/$Y12 -> 0.0076659233 | AM12: =SUM(AB12:AK12) -> 0.046911613
A13: Montage | B13: 50 | C13: 1 | D13: 52.987 | E13: 19.597 | F13: 289 | H13: Ligo | I13: 100 | J13: 1 | L13: =INDIRECT("D"&1+(ROW(D12)-1)*10+COLUMN(A12)-1) -> 1755.76 | M13: =INDIRECT("D"&1+(ROW(E12)-1)*10+COLUMN(B12)-1) -> 1754.257 | N13: =INDIRECT("D"&1+(ROW(F12)-1)*10+COLUMN(C12)-1) -> 1757.581 | O13: =INDIRECT("D"&1+(ROW(G12)-1)*10+COLUMN(D12)-1) -> 1754.677 | P13: =INDIRECT("D"&1+(ROW(H12)-1)*10+COLUMN(E12)-1) -> 1757.083 | Q13: =INDIRECT("D"&1+(ROW(I12)-1)*10+COLUMN(F12)-1) -> 1756.001 | R13: =INDIRECT("D"&1+(ROW(J12)-1)*10+COLUMN(G12)-1) -> 1756.88 | S13: =INDIRECT("D"&1+(ROW(K12)-1)*10+COLUMN(H12)-1) -> 1755.65 | ... U13: =INDIRECT("D"&1+(ROW(M12)-1)*10+COLUMN(J12)-1) -> 1757.903 | W13: =AVERAGE(L13:U13) -> 1756.3089 | Y13: =Total!E13 -> 1753.79 | AB13: =(L13-$Y13)/$Y13 -> 0.0011232816 | AC13: =(M13-$Y13)/$Y13 -> 0.00026628046 | AD13: =(N13-$Y13)/$Y13 -> 0.0021616043 | AE13: =(O13-$Y13)/$Y13 -> 0.00050576181 | AF13: =(P13-$Y13)/$Y13 -> 0.0018776478 | AG13: =(Q13-$Y13)/$Y13 -> 0.0012606983 | AH13: =(R13-$Y13)/$Y13 -> 0.0017618985 | AI13: =(S13-$Y13)/$Y13 -> 0.0010605603 | ... AK13: =(U13-$Y13)/$Y13 -> 0.0023452067 | AM13: =SUM(AB13:AK13) -> 0.014362609
... A19: Montage | B19: 50 | C19: 1 | D19: 53.091 | E19: 19.57 | F19: 290 | H19: fft | I19: 224 | J19: 1 | L19: =INDIRECT("D"&1+(ROW(D18)-1)*10+COLUMN(A18)-1) -> 71.95 | M19: =INDIRECT("D"&1+(ROW(E18)-1)*10+COLUMN(B18)-1) -> 72.02 | N19: =INDIRECT("D"&1+(ROW(F18)-1)*10+COLUMN(C18)-1) -> 71.939 | O19: =INDIRECT("D"&1+(ROW(G18)-1)*10+COLUMN(D18)-1) -> 71.921 | P19: =INDIRECT("D"&1+(ROW(H18)-1)*10+COLUMN(E18)-1) -> 71.934 | Q19: =INDIRECT("D"&1+(ROW(I18)-1)*10+COLUMN(F18)-1) -> 71.923 | R19: =INDIRECT("D"&1+(ROW(J18)-1)*10+COLUMN(G18)-1) -> 72.003 | S19: =INDIRECT("D"&1+(ROW(K18)-1)*10+COLUMN(H18)-1) -> 71.908 | ... U19: =INDIRECT("D"&1+(ROW(M18)-1)*10+COLUMN(J18)-1) -> 71.928 | W19: =AVERAGE(L19:U19) -> 71.9498 | Y19: =Total!E19 -> 71.908 | AB19: =(L19-$Y19)/$Y19 -> 0.00058407966 | AC19: =(M19-$Y19)/$Y19 -> 0.0015575458 | AD19: =(N19-$Y19)/$Y19 -> 0.00043110641 | AE19: =(O19-$Y19)/$Y19 -> 0.00018078656 | AF19: =(P19-$Y19)/$Y19 -> 0.00036157312 | AG19: =(Q19-$Y19)/$Y19 -> 0.00020859988 | AH19: =(R19-$Y19)/$Y19 -> 0.0013211326 | AI19: =(S19-$Y19)/$Y19 -> 0 | ... AK19: =(U19-$Y19)/$Y19 -> 0.00027813317 | AM19: =SUM(AB19:AK19) -> 0.0058129833
A20: Montage | B20: 50 | C20: 1 | D20: 53.156 | E20: 19.56 | F20: 281
A21: Montage | B21: 100 | C21: 1 | D21: 103.317 | E21: 102.075 | F21: 487
A22: Montage | B22: 100 | C22: 1 | D22: 103.228 | E22: 102.083 | F22: 472
A23: Montage | B23: 100 | C23: 1 | D23: 103.246 | E23: 102.109 | F23: 474
A24: Montage | B24: 100 | C24: 1 | D24: 102.953 | E24: 102.081 | F24: 495
A25: Montage | B25: 100 | C25: 1 | D25: 103.129 | E25: 102.192 | F25: 450
A26: Montage | B26: 100 | C26: 1 | D26: 103.182 | E26: 102.162 | F26: 487
A27: Montage | B27: 100 | C27: 1 | D27: 103.239 | E27: 102.091 | F27: 470
A28: Montage | B28: 100 | C28: 1 | D28: 103.183 | E28: 102 | F28: 515
A29: Montage | B29: 100 | C29: 1 | D29: 103.253 | E29: 102.051 | F29: 526
A30: Montage | B30: 100 | C30: 1 | D30: 103.282 | E30: 102.033 | F30: 476
A31: CyberShake | B31: 30 | C31: 1 | D31: 156.127 | E31: 8.002 | F31: 326
... A180: fft | B180: 224 | C180: 1 | D180: 71.928 | E180: 255.753 | F180: 249

Sheet 12
A1: Montage | B1: 25 | C1: 1 | D1: 28.546 | E1: 5.277 | F1: 212 | H1: ty | I1: sz | J1: ra | L1: 1 | M1: 2 | N1: 3 | O1: 4 | P1: 5 | Q1: 6 | R1: 7 | S1: 8 | T1: 9 | U1: 10 | W1: average | Y1: Min | AM1: sum
A2: Montage | B2: 25 | C2: 1 | D2: 28.504 | E2: 5.292 | F2: 230 | H2: Montage | I2: 25 | J2: 1 | L2: =INDIRECT("D"&1+(ROW(D1)-1)*10+COLUMN(A1)-1) -> 28.546 | M2: =INDIRECT("D"&1+(ROW(E1)-1)*10+COLUMN(B1)-1) -> 28.504 | N2: =INDIRECT("D"&1+(ROW(F1)-1)*10+COLUMN(C1)-1) -> 28.546 | O2: =INDIRECT("D"&1+(ROW(G1)-1)*10+COLUMN(D1)-1) -> 28.546 | P2: =INDIRECT("D"&1+(ROW(H1)-1)*10+COLUMN(E1)-1) -> 28.546 | Q2: =INDIRECT("D"&1+(ROW(I1)-1)*10+COLUMN(F1)-1) -> 28.546 | R2: =INDIRECT("D"&1+(ROW(J1)-1)*10+COLUMN(G1)-1) -> 28.504 | S2: =INDIRECT("D"&1+(ROW(K1)-1)*10+COLUMN(H1)-1) -> 28.504 | ... U2: =INDIRECT("D"&1+(ROW(M1)-1)*10+COLUMN(J1)-1) -> 28.504 | W2: =AVERAGE(L2:U2) -> 28.5292 | Y2: =Total!E2 -> 28.504 | AB2: =(L2-$Y2)/$Y2 -> 0.0014734774 | AC2: =(M2-$Y2)/$Y2 -> 0 | AD2: =(N2-$Y2)/$Y2 -> 0.0014734774 | AE2: =(O2-$Y2)/$Y2 -> 0.0014734774 | AF2: =(P2-$Y2)/$Y2 -> 0.0014734774 | AG2: =(Q2-$Y2)/$Y2 -> 0.0014734774 | AH2: =(R2-$Y2)/$Y2 -> 0 | AI2: =(S2-$Y2)/$Y2 -> 0 | ... AK2: =(U2-$Y2)/$Y2 -> 0 | AM2: =SUM(AB2:AK2) -> 0.0088408644
A3: Montage | B3: 25 | C3: 1 | D3: 28.546 | E3: 5.277 | F3: 204 | H3: Montage | I3: 50 | J3: 1 | L3: =INDIRECT("D"&1+(ROW(D2)-1)*10+COLUMN(A2)-1) -> 52.928 | M3: =INDIRECT("D"&1+(ROW(E2)-1)*10+COLUMN(B2)-1) -> 53.007 | N3: =INDIRECT("D"&1+(ROW(F2)-1)*10+COLUMN(C2)-1) -> 53.047 | O3: =INDIRECT("D"&1+(ROW(G2)-1)*10+COLUMN(D2)-1) -> 52.929 | P3: =INDIRECT("D"&1+(ROW(H2)-1)*10+COLUMN(E2)-1) -> 52.957 | Q3: =INDIRECT("D"&1+(ROW(I2)-1)*10+COLUMN(F2)-1) -> 53.067 | R3: =INDIRECT("D"&1+(ROW(J2)-1)*10+COLUMN(G2)-1) -> 52.928 | S3: =INDIRECT("D"&1+(ROW(K2)-1)*10+COLUMN(H2)-1) -> 53.037 | ... U3: =INDIRECT("D"&1+(ROW(M2)-1)*10+COLUMN(J2)-1) -> 53.077 | W3: =AVERAGE(L3:U3) -> 53.0054 | Y3: =Total!E3 -> 52.927 | AB3: =(L3-$Y3)/$Y3 -> 1.8893948e-05 | AC3: =(M3-$Y3)/$Y3 -> 0.0015115159 | AD3: =(N3-$Y3)/$Y3 -> 0.0022672738 | AE3: =(O3-$Y3)/$Y3 -> 3.7787897e-05 | AF3: =(P3-$Y3)/$Y3 -> 0.00056681845 | AG3: =(Q3-$Y3)/$Y3 -> 0.0026451528 | AH3: =(R3-$Y3)/$Y3 -> 1.8893948e-05 | AI3: =(S3-$Y3)/$Y3 -> 0.0020783343 | ... AK3: =(U3-$Y3)/$Y3 -> 0.0028340922 | AM3: =SUM(AB3:AK3) -> 0.014812855
A4: Montage | B4: 25 | C4: 1 | D4: 28.546 | E4: 5.294 | F4: 242 | H4: Montage | I4: 100 | J4: 1 | L4: =INDIRECT("D"&1+(ROW(D3)-1)*10+COLUMN(A3)-1) -> 103.267 | M4: =INDIRECT("D"&1+(ROW(E3)-1)*10+COLUMN(B3)-1) -> 103.037 | N4: =INDIRECT("D"&1+(ROW(F3)-1)*10+COLUMN(C3)-1) -> 103.191 | O4: =INDIRECT("D"&1+(ROW(G3)-1)*10+COLUMN(D3)-1) -> 103.237 | P4: =INDIRECT("D"&1+(ROW(H3)-1)*10+COLUMN(E3)-1) -> 103.242 | Q4: =INDIRECT("D"&1+(ROW(I3)-1)*10+COLUMN(F3)-1) -> 103.258 | R4: =INDIRECT("D"&1+(ROW(J3)-1)*10+COLUMN(G3)-1) -> 103.232 | S4: =INDIRECT("D"&1+(ROW(K3)-1)*10+COLUMN(H3)-1) -> 103.233 | ... U4: =INDIRECT("D"&1+(ROW(M3)-1)*10+COLUMN(J3)-1) -> 103.282 | W4: =AVERAGE(L4:U4) -> 103.2017 | Y4: =Total!E4 -> 102.802 | AB4: =(L4-$Y4)/$Y4 -> 0.0045232583 | AC4: =(M4-$Y4)/$Y4 -> 0.0022859477 | AD4: =(N4-$Y4)/$Y4 -> 0.0037839731 | AE4: =(O4-$Y4)/$Y4 -> 0.0042314352 | AF4: =(P4-$Y4)/$Y4 -> 0.0042800724 | AG4: =(Q4-$Y4)/$Y4 -> 0.0044357114 | AH4: =(R4-$Y4)/$Y4 -> 0.004182798 | AI4: =(S4-$Y4)/$Y4 -> 0.0041925254 | ... AK4: =(U4-$Y4)/$Y4 -> 0.0046691699 | AM4: =SUM(AB4:AK4) -> 0.038880567
A5: Montage | B5: 25 | C5: 1 | D5: 28.546 | E5: 5.3 | F5: 222 | H5: CyberShake | I5: 30 | J5: 1 | L5: =INDIRECT("D"&1+(ROW(D4)-1)*10+COLUMN(A4)-1) -> 156.127 | M5: =INDIRECT("D"&1+(ROW(E4)-1)*10+COLUMN(B4)-1) -> 156.127 | N5: =INDIRECT("D"&1+(ROW(F4)-1)*10+COLUMN(C4)-1) -> 156.127 | O5: =INDIRECT("D"&1+(ROW(G4)-1)*10+COLUMN(D4)-1) -> 156.127 | P5: =INDIRECT("D"&1+(ROW(H4)-1)*10+COLUMN(E4)-1) -> 156.127 | Q5: =INDIRECT("D"&1+(ROW(I4)-1)*10+COLUMN(F4)-1) -> 156.127 | R5: =INDIRECT("D"&1+(ROW(J4)-1)*10+COLUMN(G4)-1) -> 156.127 | S5: =INDIRECT("D"&1+(ROW(K4)-1)*10+COLUMN(H4)-1) -> 156.127 | ... U5: =INDIRECT("D"&1+(ROW(M4)-1)*10+COLUMN(J4)-1) -> 156.127 | W5: =AVERAGE(L5:U5) -> 156.127 | Y5: =Total!E5 -> 156.127 | AB5: =(L5-$Y5)/$Y5 -> 0 | AC5: =(M5-$Y5)/$Y5 -> 0 | AD5: =(N5-$Y5)/$Y5 -> 0 | AE5: =(O5-$Y5)/$Y5 -> 0 | AF5: =(P5-$Y5)/$Y5 -> 0 | AG5: =(Q5-$Y5)/$Y5 -> 0 | AH5: =(R5-$Y5)/$Y5 -> 0 | AI5: =(S5-$Y5)/$Y5 -> 0 | ... AK5: =(U5-$Y5)/$Y5 -> 0 | AM5: =SUM(AB5:AK5) -> 0
A6: Montage | B6: 25 | C6: 1 | D6: 28.546 | E6: 5.276 | F6: 240 | H6: CyberShake | I6: 50 | J6: 1 | L6: =INDIRECT("D"&1+(ROW(D5)-1)*10+COLUMN(A5)-1) -> 180.137 | M6: =INDIRECT("D"&1+(ROW(E5)-1)*10+COLUMN(B5)-1) -> 180.137 | N6: =INDIRECT("D"&1+(ROW(F5)-1)*10+COLUMN(C5)-1) -> 179.938 | O6: =INDIRECT("D"&1+(ROW(G5)-1)*10+COLUMN(D5)-1) -> 180.243 | P6: =INDIRECT("D"&1+(ROW(H5)-1)*10+COLUMN(E5)-1) -> 180.137 | Q6: =INDIRECT("D"&1+(ROW(I5)-1)*10+COLUMN(F5)-1) -> 179.938 | R6: =INDIRECT("D"&1+(ROW(J5)-1)*10+COLUMN(G5)-1) -> 180.12 | S6: =INDIRECT("D"&1+(ROW(K5)-1)*10+COLUMN(H5)-1) -> 180.12 | ... U6: =INDIRECT("D"&1+(ROW(M5)-1)*10+COLUMN(J5)-1) -> 179.673 | W6: =AVERAGE(L6:U6) -> 180.2333 | Y6: =Total!E6 -> 179.673 | AB6: =(L6-$Y6)/$Y6 -> 0.0025824693 | AC6: =(M6-$Y6)/$Y6 -> 0.0025824693 | AD6: =(N6-$Y6)/$Y6 -> 0.0014749016 | AE6: =(O6-$Y6)/$Y6 -> 0.0031724299 | AF6: =(P6-$Y6)/$Y6 -> 0.0025824693 | AG6: =(Q6-$Y6)/$Y6 -> 0.0014749016 | AH6: =(R6-$Y6)/$Y6 -> 0.0024878529 | AI6: =(S6-$Y6)/$Y6 -> 0.0024878529 | ... AK6: =(U6-$Y6)/$Y6 -> 0 | AM6: =SUM(AB6:AK6) -> 0.031184429
A7: Montage | B7: 25 | C7: 1 | D7: 28.504 | E7: 5.287 | F7: 231 | H7: CyberShake | I7: 100 | J7: 1 | L7: =INDIRECT("D"&1+(ROW(D6)-1)*10+COLUMN(A6)-1) -> 239.14 | M7: =INDIRECT("D"&1+(ROW(E6)-1)*10+COLUMN(B6)-1) -> 239.114 | N7: =INDIRECT("D"&1+(ROW(F6)-1)*10+COLUMN(C6)-1) -> 239.257 | O7: =INDIRECT("D"&1+(ROW(G6)-1)*10+COLUMN(D6)-1) -> 239.133 | P7: =INDIRECT("D"&1+(ROW(H6)-1)*10+COLUMN(E6)-1) -> 239.17 | Q7: =INDIRECT("D"&1+(ROW(I6)-1)*10+COLUMN(F6)-1) -> 239.377 | R7: =INDIRECT("D"&1+(ROW(J6)-1)*10+COLUMN(G6)-1) -> 239.037 | S7: =INDIRECT("D"&1+(ROW(K6)-1)*10+COLUMN(H6)-1) -> 239.158 | ... U7: =INDIRECT("D"&1+(ROW(M6)-1)*10+COLUMN(J6)-1) -> 239.197 | W7: =AVERAGE(L7:U7) -> 239.1862 | Y7: =Total!E7 -> 238.867 | AB7: =(L7-$Y7)/$Y7 -> 0.0011428954 | AC7: =(M7-$Y7)/$Y7 -> 0.0010340482 | AD7: =(N7-$Y7)/$Y7 -> 0.0016327077 | AE7: =(O7-$Y7)/$Y7 -> 0.0011135904 | AF7: =(P7-$Y7)/$Y7 -> 0.0012684883 | AG7: =(Q7-$Y7)/$Y7 -> 0.0021350794 | AH7: =(R7-$Y7)/$Y7 -> 0.00071169312 | AI7: =(S7-$Y7)/$Y7 -> 0.0012182512 | ... AK7: =(U7-$Y7)/$Y7 -> 0.0013815219 | AM7: =SUM(AB7:AK7) -> 0.013363085
